work_id,work_description,category,mp_name,constituency,ida,recommended_amount,final_amount,recommendation_date,completed_date,has_images,state,house,work_id_completed,work_id_recommended,has_images_recommended
261145,"To provide minimast light in front of Attukal Temple,Attukal Ward,Thiruvananthapuram Corporation,TVPM District",Normal/Others,Shri A. A. Rahim (2022-28),Sitting Rajya Sabha,THIRUVANANTHAPURAM(DISTRICT COLLECTOR THIRUVANANTHAPURAM_IDA),260000.0,235332.0,2026-01-08T00:00:00.000Z,2026-08-20T00:00:00.000Z,True,Kerala,Rajya Sabha,261145,243545,False
225803,"Village Mohammadpur BLock Marhara jila Etah , Baraat Ghar ke saamne High Mast Light .",Normal/Others,AASHTIKAR PATIL NAGESH BAPURAO,HINGOLI,ETAH(DISTRICT MAGISTRATE ETAH_IDA),240611.0,240611.0,2025-08-08T00:00:00.000Z,2026-02-04T00:00:00.000Z,False,Maharashtra,Lok Sabha,225803,1494,False
225807,"Village Mohammadpur BLock Marhara jila Etah , Holy Pani Tanki Ke saamne high Mast Light",Normal/Others,AASHTIKAR PATIL NAGESH BAPURAO,HINGOLI,ETAH(DISTRICT MAGISTRATE ETAH_IDA),240611.0,240611.0,2025-08-08T00:00:00.000Z,2026-02-04T00:00:00.000Z,False,Maharashtra,Lok Sabha,225807,1498,False
225805,"Village Mohammadpur BLock Marhara jila Etah , Kailsham kumar Ke Makkan ke Saamne",Normal/Others,AASHTIKAR PATIL NAGESH BAPURAO,HINGOLI,ETAH(DISTRICT MAGISTRATE ETAH_IDA),240611.0,240611.0,2025-08-08T00:00:00.000Z,2026-02-04T00:00:00.000Z,False,Maharashtra,Lok Sabha,225805,1496,False
225801,"Village Mohammadpur BLock Marhara jila Etah , Mini Hospital ke  Saamne High Mast Light .",Normal/Others,AASHTIKAR PATIL NAGESH BAPURAO,HINGOLI,ETAH(DISTRICT MAGISTRATE ETAH_IDA),240611.0,240611.0,2025-08-08T00:00:00.000Z,2026-02-04T00:00:00.000Z,False,Maharashtra,Lok Sabha,225801,1492,False
225800,"Village Mohammadpur BLock Marhara jila Etah , Ramkailash ke Makaan Ke saamne high Mast Light",Normal/Others,AASHTIKAR PATIL NAGESH BAPURAO,HINGOLI,ETAH(DISTRICT MAGISTRATE ETAH_IDA),240611.0,240611.0,2025-08-08T00:00:00.000Z,2026-02-04T00:00:00.000Z,False,Maharashtra,Lok Sabha,225800,1491,False
225806,"Village Mohammadpur BLock Marhara jila Etah ,Gulaab Singh Ke makaan ke saamne High Mast Light",Normal/Others,AASHTIKAR PATIL NAGESH BAPURAO,HINGOLI,ETAH(DISTRICT MAGISTRATE ETAH_IDA),240611.0,240611.0,2025-08-08T00:00:00.000Z,2026-02-04T00:00:00.000Z,False,Maharashtra,Lok Sabha,225806,1497,False
225802,"Village Mohammadpur BLock Marhara jila Etah ,Pratap singh ke Makaan ke saamne High Mast Light .",Normal/Others,AASHTIKAR PATIL NAGESH BAPURAO,HINGOLI,ETAH(DISTRICT MAGISTRATE ETAH_IDA),240611.0,240611.0,2025-08-08T00:00:00.000Z,2026-02-04T00:00:00.000Z,False,Maharashtra,Lok Sabha,225802,1493,False
225808,Village Mohammadpur BLock Marhara jila Etah Brajesh Kumar Ke ghar Ke saamne High Mast Light,Normal/Others,AASHTIKAR PATIL NAGESH BAPURAO,HINGOLI,ETAH(DISTRICT MAGISTRATE ETAH_IDA),240611.0,240611.0,2025-08-08T00:00:00.000Z,2026-02-04T00:00:00.000Z,False,Maharashtra,Lok Sabha,225808,1499,False
225810,Village Mohammadpur BLock Marhara jila Etah Chhotey lal Ke Makaan ke Saamne High Mast Light,Normal/Others,AASHTIKAR PATIL NAGESH BAPURAO,HINGOLI,ETAH(DISTRICT MAGISTRATE ETAH_IDA),240611.0,240611.0,2025-08-08T00:00:00.000Z,2026-02-04T00:00:00.000Z,False,Maharashtra,Lok Sabha,225810,1501,False
225812,Village Mohammadpur BLock Marhara jila Etah Devesh Ke Makaan ke Saamne High Mast Light,Normal/Others,AASHTIKAR PATIL NAGESH BAPURAO,HINGOLI,ETAH(DISTRICT MAGISTRATE ETAH_IDA),240611.0,240611.0,2025-08-08T00:00:00.000Z,2026-02-04T00:00:00.000Z,False,Maharashtra,Lok Sabha,225812,1503,False
225809,Village Mohammadpur BLock Marhara jila Etah OmPrakash Ke Makaan Ke saamne High Mast Light,Normal/Others,AASHTIKAR PATIL NAGESH BAPURAO,HINGOLI,ETAH(DISTRICT MAGISTRATE ETAH_IDA),240611.0,240611.0,2025-08-08T00:00:00.000Z,2026-02-04T00:00:00.000Z,False,Maharashtra,Lok Sabha,225809,1500,False
225811,Village Mohammadpur BLock Marhara jila Etah Suresh Chand Ke Makaan ke saamne High mast Light,Normal/Others,AASHTIKAR PATIL NAGESH BAPURAO,HINGOLI,ETAH(DISTRICT MAGISTRATE ETAH_IDA),240611.0,240611.0,2025-08-08T00:00:00.000Z,2026-02-04T00:00:00.000Z,False,Maharashtra,Lok Sabha,225811,1502,False
225804,"Village Mohammadpur BLock Marhara jila Etah, Shamsham ke saamne High Mast Light",Normal/Others,AASHTIKAR PATIL NAGESH BAPURAO,HINGOLI,ETAH(DISTRICT MAGISTRATE ETAH_IDA),240611.0,240611.0,2025-08-08T00:00:00.000Z,2026-02-04T00:00:00.000Z,False,Maharashtra,Lok Sabha,225804,1495,False
233087,"Construction of Chuzhalikkara Puliyarakkal road or pathway, Ward No.17, Kizhakkoth Panchayat",Normal/Others,Shri Abdul Wahab (2021-27),Sitting Rajya Sabha,KOZHIKODE(DISTRICT COLLECTOR KOZHIKODE_IDA),500000.0,370111.0,2026-07-15T00:00:00.000Z,2026-08-13T00:00:00.000Z,True,Kerala,Rajya Sabha,233087,295217,False
182239,"Construction of Meeranvettikarikkakam - Chathimangalam - Kattilakuzhi road or pathway, Ward No.10, Peringammala Panchayat",Normal/Others,Shri Abdul Wahab (2021-27),Sitting Rajya Sabha,THIRUVANANTHAPURAM(DISTRICT COLLECTOR THIRUVANANTHAPURAM_IDA),1000000.0,793821.0,2026-02-26T00:00:00.000Z,2026-05-12T00:00:00.000Z,True,Kerala,Rajya Sabha,182239,271105,False
181146,"Setting up of Low mast light at Chuzhikkayam - Pallithatt, ward No. 17, West Eleri Panchayat",Normal/Others,Shri Abdul Wahab (2021-27),Sitting Rajya Sabha,KASARAGOD(DISTRICT COLLECTOR KASARAGOD_IDA),210000.0,191552.0,2026-03-06T00:00:00.000Z,2026-05-05T00:00:00.000Z,True,Kerala,Rajya Sabha,181146,272616,False
254173,Construction of Ten Feet RCC Platform Mudra Ghat in Surya Mandir of Kujapi Village in Gaya Town of Belaganj Vidhansabha,Normal/Others,ABHAY KUMAR SINHA,AURANGABAD,GAYA(DISTRICT PLANNING OFFICER GAYA_IDA),1498879.0,1498879.0,2025-12-15T00:00:00.000Z,2026-05-14T00:00:00.000Z,False,Bihar,Lok Sabha,254173,1817,False
173909,Construction of Concrete Road,Normal/Others,ADHIKARI SOUMENDU,KANTHI,Purba Medinipur(DISTRICT MAGISTRATE PURBA MEDINIPUR_IDA),700000.0,1995673.0,2025-02-06T00:00:00.000Z,2026-01-29T00:00:00.000Z,False,West Bengal,Lok Sabha,173909,173914,False
236326,Install 2 set of solar street lights,Normal/Others,ADV GOWAAL KAGADA PADAVI,NANDURBAR,NANDURBAR(DISTRICT COLLECTOR NANDURBAR_IDA),170000.0,169529.0,2025-09-21T00:00:00.000Z,2026-07-15T00:00:00.000Z,True,Maharashtra,Lok Sabha,236326,236322,False
236327,Install 2 set of solar street lights,Normal/Others,ADV GOWAAL KAGADA PADAVI,NANDURBAR,NANDURBAR(DISTRICT COLLECTOR NANDURBAR_IDA),170000.0,169529.0,2025-09-21T00:00:00.000Z,2026-07-15T00:00:00.000Z,True,Maharashtra,Lok Sabha,236327,236323,False
236328,Install 2 set of solar street lights,Normal/Others,ADV GOWAAL KAGADA PADAVI,NANDURBAR,NANDURBAR(DISTRICT COLLECTOR NANDURBAR_IDA),170000.0,169529.0,2025-09-21T00:00:00.000Z,2026-07-15T00:00:00.000Z,True,Maharashtra,Lok Sabha,236328,236324,False
174632,Janpad Nainital antargat gram bacchi Nagar number 2 Mein link Marg se Sardar Mahendra Singh Ke Khet Tak CC marg Nirman kairiy hetu,Normal/Others,Ajay Bhatt,NAINITAL UDHAM SINGH NAG.,NAINITAL(DISTRICT MAGISTRATE NAINITAL_IDA),250000.0,250000.0,2025-02-09T00:00:00.000Z,2025-09-30T00:00:00.000Z,True,Uttarakhand,Lok Sabha,174632,174633,False
162157,Construction of Common Chaupal at Panchayat Land of Sher Garh Village,Normal/Others,Shri Ajay Makan (2024-30),Sitting Rajya Sabha,KAITHAL(DC CUM NODAL OFFICERS MPLADS),1000000.0,990188.0,2024-12-28T00:00:00.000Z,2025-11-10T00:00:00.000Z,False,Karnataka,Rajya Sabha,162157,1007,False
188622,Construction of Pathway (Walking Track) around the village pond at Jaswanti Village.,Normal/Others,Shri Ajay Makan (2024-30),Sitting Rajya Sabha,KAITHAL(DC CUM NODAL OFFICERS MPLADS),500000.0,388919.0,2025-04-01T00:00:00.000Z,2025-12-17T00:00:00.000Z,False,Karnataka,Rajya Sabha,188622,1220,False
146885,Construction of Cultural Hall in Trust area of Shanaishchara Swamy Seva Trust.,Trust and Society,Dr. Ajeet Madhavrao Gopchade (2024-30),Sitting Rajya Sabha,TUMAKURU(DEPUTY COMMISSIONER TUMKUR_IDA),2500000.0,2500000.0,2024-10-11T00:00:00.000Z,2026-01-07T00:00:00.000Z,True,Maharashtra,Rajya Sabha,146885,878,True
137953,1.High Mast light Durga mata Mandir ke pass,Normal/Others,AJENDRA SINGH LODHI,HAMIRPUR,MAHOBA(DISTRICT MAGISTRAE MAHOBA_IDA),400000.0,321480.0,2024-09-11T00:00:00.000Z,2026-01-22T00:00:00.000Z,False,Uttar Pradesh,Lok Sabha,137953,137952,False
150426,"Under the Member of Parliament Local Area Development Scheme, an amount of Rs 49 lakh 90 thousand is recommended from my MP fund for the supply and installation of 5 high mast lights (including electricity) in Hathua Nagar Panchayat and Barauli Nagar Parishad of Gopalganj district.",Normal/Others,Alok Kumar Suman,GOPALGANJ,GOPALGANJ(DISTRICT PLANNING OFFICER GOPALGANJ_IDA),995000.0,995000.0,2024-11-03T00:00:00.000Z,2026-03-30T00:00:00.000Z,True,Bihar,Lok Sabha,150426,150424,False
195126,Under the Member of Parliament Local Area Development Scheme Rajya Sabha I am providing an amount of 10 lakh for the construction of classrooms at Pandit Sahdev Tiwari Vidya Mandir Village Nagpur Belauli District Sant Kabir Nagar Uttar Pradesh,Normal/Others,Shri Amar Pal Maurya (2024-30),Sitting Rajya Sabha,Sant Kabir Nagar(DISTRICT MAGISTRATE SANT KABIR NAGAR_2),999912.0,999912.0,2025-04-28T00:00:00.000Z,2026-02-03T00:00:00.000Z,True,Uttar Pradesh,Rajya Sabha,195126,1276,True
192932,FOR CONSTRUCTION OF SC DHARAMSHALA,Normal/Others,Shri Amar Singh,FATEHGARH SAHIB,LUDHIANA(DEPUTY COMMISSIONER LUDHIANA_IDA),200000.0,200000.0,2025-04-21T00:00:00.000Z,2026-01-29T00:00:00.000Z,True,Punjab,Lok Sabha,192932,192921,False
225131,FOR CONSTRUCTION OF SHED OF CREMATION GROUND,Normal/Others,Shri Amar Singh,FATEHGARH SAHIB,LUDHIANA(DEPUTY COMMISSIONER LUDHIANA_IDA),200000.0,150000.0,2025-08-06T00:00:00.000Z,2026-03-06T00:00:00.000Z,True,Punjab,Lok Sabha,225131,225135,False
197033,FOR CONSTRUCTION OF SHED OF STADIUM,Normal/Others,Shri Amar Singh,FATEHGARH SAHIB,LUDHIANA(DEPUTY COMMISSIONER LUDHIANA_IDA),500000.0,500000.0,2025-05-06T00:00:00.000Z,2026-01-29T00:00:00.000Z,True,Punjab,Lok Sabha,197033,1291,True
199114,FOR FIXED CEMENTED BENCHES,Normal/Others,Shri Amar Singh,FATEHGARH SAHIB,LUDHIANA(DEPUTY COMMISSIONER LUDHIANA_IDA),150000.0,100000.0,2025-10-21T00:00:00.000Z,2026-04-10T00:00:00.000Z,False,Punjab,Lok Sabha,199114,243210,False
219268,FOR FIXED CEMENTED BENCHES OF COMMON PLACES,Normal/Others,Shri Amar Singh,FATEHGARH SAHIB,LUDHIANA(DEPUTY COMMISSIONER LUDHIANA_IDA),16665.0,12562.0,2025-07-17T00:00:00.000Z,2026-04-13T00:00:00.000Z,False,Punjab,Lok Sabha,219268,219273,False
219269,FOR FIXED CEMENTED BENCHES OF COMMON PLACES,Normal/Others,Shri Amar Singh,FATEHGARH SAHIB,LUDHIANA(DEPUTY COMMISSIONER LUDHIANA_IDA),16665.0,16749.0,2025-07-17T00:00:00.000Z,2026-04-13T00:00:00.000Z,False,Punjab,Lok Sabha,219269,219274,False
219270,FOR FIXED CEMENTED BENCHES OF COMMON PLACES,Normal/Others,Shri Amar Singh,FATEHGARH SAHIB,LUDHIANA(DEPUTY COMMISSIONER LUDHIANA_IDA),16665.0,16749.0,2025-07-17T00:00:00.000Z,2026-04-13T00:00:00.000Z,False,Punjab,Lok Sabha,219270,219275,False
219271,FOR FIXED CEMENTED BENCHES OF COMMON PLACES,Normal/Others,Shri Amar Singh,FATEHGARH SAHIB,LUDHIANA(DEPUTY COMMISSIONER LUDHIANA_IDA),16665.0,12562.0,2025-07-17T00:00:00.000Z,2026-04-13T00:00:00.000Z,False,Punjab,Lok Sabha,219271,219276,False
219272,FOR FIXED CEMENTED BENCHES OF COMMON PLACES,Normal/Others,Shri Amar Singh,FATEHGARH SAHIB,LUDHIANA(DEPUTY COMMISSIONER LUDHIANA_IDA),16665.0,12562.0,2025-07-17T00:00:00.000Z,2026-04-13T00:00:00.000Z,False,Punjab,Lok Sabha,219272,219277,False
200958,FOR FIXED GYM EQUIPMENTS,Normal/Others,Shri Amar Singh,FATEHGARH SAHIB,LUDHIANA(DEPUTY COMMISSIONER LUDHIANA_IDA),200000.0,300000.0,2025-05-19T00:00:00.000Z,2025-10-15T00:00:00.000Z,False,Punjab,Lok Sabha,200958,200824,False
216859,FOR FIXED OPEN GYM,Normal/Others,Shri Amar Singh,FATEHGARH SAHIB,LUDHIANA(DEPUTY COMMISSIONER LUDHIANA_IDA),300000.0,298634.0,2025-05-19T00:00:00.000Z,2025-11-17T00:00:00.000Z,True,Punjab,Lok Sabha,216859,200797,False
209174,FOR GYM EQUIPMENTS,Normal/Others,Shri Amar Singh,FATEHGARH SAHIB,LUDHIANA(DEPUTY COMMISSIONER LUDHIANA_IDA),200000.0,300000.0,2026-04-28T00:00:00.000Z,2025-10-15T00:00:00.000Z,False,Punjab,Lok Sabha,209174,279189,False
247587,FOR GYM EQUIPMENTS,Normal/Others,Shri Amar Singh,FATEHGARH SAHIB,MALERKOTLA(Deputy Commissioner Malerkotla_IDA),200000.0,300000.0,2026-04-28T00:00:00.000Z,2026-03-31T00:00:00.000Z,False,Punjab,Lok Sabha,247587,279199,False
193120,FOR MOBILE WATER TANKER,Normal/Others,Shri Amar Singh,FATEHGARH SAHIB,FATEHGARH SAHIB(DEPUTY COMMISSIONER FATEHGARH SAHIB_IDA),200000.0,200000.0,2025-05-19T00:00:00.000Z,2025-08-28T00:00:00.000Z,False,Punjab,Lok Sabha,193120,200807,False
193122,FOR MOBILE WATER TANKER,Normal/Others,Shri Amar Singh,FATEHGARH SAHIB,FATEHGARH SAHIB(DEPUTY COMMISSIONER FATEHGARH SAHIB_IDA),200000.0,200000.0,2025-06-16T00:00:00.000Z,2025-08-28T00:00:00.000Z,False,Punjab,Lok Sabha,193122,209155,False
199115,FOR MOBILE WATER TANKER,Normal/Others,Shri Amar Singh,FATEHGARH SAHIB,LUDHIANA(DEPUTY COMMISSIONER LUDHIANA_IDA),200000.0,200000.0,2025-06-16T00:00:00.000Z,2026-04-10T00:00:00.000Z,False,Punjab,Lok Sabha,199115,209157,False
200978,FOR MOBILE WATER TANKER,Normal/Others,Shri Amar Singh,FATEHGARH SAHIB,MALERKOTLA(Deputy Commissioner Malerkotla_IDA),200000.0,200000.0,2025-06-16T00:00:00.000Z,2026-04-22T00:00:00.000Z,True,Punjab,Lok Sabha,200978,209160,False
193124,FOR SEWERAGE,Normal/Others,Shri Amar Singh,FATEHGARH SAHIB,FATEHGARH SAHIB(DEPUTY COMMISSIONER FATEHGARH SAHIB_IDA),500000.0,500000.0,2025-04-22T00:00:00.000Z,2026-05-08T00:00:00.000Z,True,Punjab,Lok Sabha,193124,193123,False
192904,FOR STREET AND DRAINS,Normal/Others,Shri Amar Singh,FATEHGARH SAHIB,LUDHIANA(DEPUTY COMMISSIONER LUDHIANA_IDA),200000.0,200000.0,2025-04-21T00:00:00.000Z,2026-02-02T00:00:00.000Z,False,Punjab,Lok Sabha,192904,192907,False
192889,FOR STREET LIGHTS,Normal/Others,Shri Amar Singh,FATEHGARH SAHIB,LUDHIANA(DEPUTY COMMISSIONER LUDHIANA_IDA),200000.0,293025.0,2025-05-19T00:00:00.000Z,2025-11-13T00:00:00.000Z,True,Punjab,Lok Sabha,192889,200802,False
192891,FOR STREET LIGHTS,Normal/Others,Shri Amar Singh,FATEHGARH SAHIB,LUDHIANA(DEPUTY COMMISSIONER LUDHIANA_IDA),300000.0,140652.0,2025-05-19T00:00:00.000Z,2025-11-13T00:00:00.000Z,True,Punjab,Lok Sabha,192891,200805,False
192890,FOR STREET LIGHTS,Normal/Others,Shri Amar Singh,FATEHGARH SAHIB,LUDHIANA(DEPUTY COMMISSIONER LUDHIANA_IDA),140652.0,293025.0,2025-10-21T00:00:00.000Z,2025-11-14T00:00:00.000Z,True,Punjab,Lok Sabha,192890,243214,False
192908,FOR STREET LIGHTS,Normal/Others,Shri Amar Singh,FATEHGARH SAHIB,LUDHIANA(DEPUTY COMMISSIONER LUDHIANA_IDA),200000.0,199257.0,2026-07-14T00:00:00.000Z,2025-11-14T00:00:00.000Z,True,Punjab,Lok Sabha,192908,294958,False
192913,FOR STREET LIGHTS,Normal/Others,Shri Amar Singh,FATEHGARH SAHIB,LUDHIANA(DEPUTY COMMISSIONER LUDHIANA_IDA),200000.0,199257.0,2026-07-14T00:00:00.000Z,2025-11-14T00:00:00.000Z,True,Punjab,Lok Sabha,192913,294960,False
213876,FOR STREET LIGHTS,Normal/Others,Shri Amar Singh,FATEHGARH SAHIB,FATEHGARH SAHIB(DEPUTY COMMISSIONER FATEHGARH SAHIB_IDA),200000.0,200000.0,2026-08-04T00:00:00.000Z,2026-08-19T00:00:00.000Z,True,Punjab,Lok Sabha,213876,301069,False
221576,"Constuction of Compound wall to Community hall at 19th ward, Hindupur",Normal/Others,AMBICA G LAKSHMINARAYANA VALMIKI,ANANTAPUR,Sri Sathya Sai(DISTRICT COLLECTOR SRI SATHYA SAI_IDA),2462396.0,2462396.0,2025-07-23T00:00:00.000Z,2026-04-09T00:00:00.000Z,True,Andhra Pradesh,Lok Sabha,221576,1458,True
169462,Construction of Street by laying Interlock tiles From House of Jarnail Singh to house of Gurdas Singh via house of Jagseer Singh and house of Gagandeep Singh in Vill. Gurri Sangar Distt. Sri Muktsar Sahib,Normal/Others,AMRINDER SINGH RAJA WARRING,LUDHIANA,SRI MUKTSAR SAHIB(DEPUTY COMMISSIONER SRI MUKTSAR SAHIB_IDA),575000.0,285411.0,2025-01-28T00:00:00.000Z,2026-01-29T00:00:00.000Z,False,Punjab,Lok Sabha,169462,1091,False
181306,"Provisioning of 5000Lt Water tank with fire extinguisher at Village Warring, Constituency Sri Muktsar sahib, Distt. Sri Muktsar Sahib",Normal/Others,AMRINDER SINGH RAJA WARRING,LUDHIANA,SRI MUKTSAR SAHIB(DEPUTY COMMISSIONER SRI MUKTSAR SAHIB_IDA),250000.0,250000.0,2025-03-12T00:00:00.000Z,2025-06-12T00:00:00.000Z,False,Punjab,Lok Sabha,181306,1163,False
251538,"Provisioning of Indoor Gym Machines in Vill. Khokhar, Sri Muktsar Sahib",Normal/Others,AMRINDER SINGH RAJA WARRING,LUDHIANA,SRI MUKTSAR SAHIB(DEPUTY COMMISSIONER SRI MUKTSAR SAHIB_IDA),300000.0,300000.0,2025-12-01T00:00:00.000Z,2026-04-02T00:00:00.000Z,False,Punjab,Lok Sabha,251538,1783,False
234835,"PVC pipes and other material for flood protection work in water-logged area of Vill. Khuia Sarwar, Distt. Fazilka",Normal/Others,AMRINDER SINGH RAJA WARRING,LUDHIANA,FAZILKA(DEPUTY COMMISSIONER FAZILKA_IDA),249623.0,249623.0,2025-09-17T00:00:00.000Z,2025-10-23T00:00:00.000Z,True,Punjab,Lok Sabha,234835,1665,True
231977,Purchase of ambulances,Normal/Others,ANGOMCHA BIMOL AKOIJAM,INNER MANIPUR,KAKCHING(Deputy Commissioner Kakching_ida),800989.0,800989.0,2025-09-07T00:00:00.000Z,2026-02-18T00:00:00.000Z,True,Manipur,Lok Sabha,231977,1611,True
212993,"Construction of Paver Block Public Street from the House of Sh. Pawan to the House of Sh. Ashok Sharma, Street No. - 7, Ward No. - 11, Kaithal, Distt Kaithal, Haryana",Normal/Others,Shri Anil Kumar Yadav Mandadi (2024-30),Sitting Rajya Sabha,KAITHAL(DC CUM NODAL OFFICERS MPLADS),500000.0,416831.0,2025-06-27T00:00:00.000Z,2026-03-07T00:00:00.000Z,True,Telangana,Rajya Sabha,212993,1405,True
133667,,Normal/Others,Dr. Anil Sukhdeorao Bonde (2022-28),Sitting Rajya Sabha,AMRAVATI(DISTRICT COLLECTOR AMRAVATI_IDA),2000000.0,493449.0,2025-08-29T00:00:00.000Z,2024-10-01T00:00:00.000Z,True,Maharashtra,Rajya Sabha,133667,229978,False
133667,,Normal/Others,Dr. Anil Sukhdeorao Bonde (2022-28),Sitting Rajya Sabha,AMRAVATI(DISTRICT COLLECTOR AMRAVATI_IDA),1000000.0,493449.0,2026-07-03T00:00:00.000Z,2024-10-01T00:00:00.000Z,True,Maharashtra,Rajya Sabha,133667,291619,False
133667,,Normal/Others,Dr. Anil Sukhdeorao Bonde (2022-28),Sitting Rajya Sabha,AMRAVATI(DISTRICT COLLECTOR AMRAVATI_IDA),150000.0,493449.0,2026-07-03T00:00:00.000Z,2024-10-01T00:00:00.000Z,True,Maharashtra,Rajya Sabha,133667,291622,False
133667,,Normal/Others,Dr. Anil Sukhdeorao Bonde (2022-28),Sitting Rajya Sabha,AMRAVATI(DISTRICT COLLECTOR AMRAVATI_IDA),1000000.0,493449.0,2026-07-06T00:00:00.000Z,2024-10-01T00:00:00.000Z,True,Maharashtra,Rajya Sabha,133667,2112,False
133667,,Normal/Others,Dr. Anil Sukhdeorao Bonde (2022-28),Sitting Rajya Sabha,AMRAVATI(DISTRICT COLLECTOR AMRAVATI_IDA),2500000.0,493449.0,2026-07-06T00:00:00.000Z,2024-10-01T00:00:00.000Z,True,Maharashtra,Rajya Sabha,133667,292456,False
133667,,Normal/Others,Dr. Anil Sukhdeorao Bonde (2022-28),Sitting Rajya Sabha,AMRAVATI(DISTRICT COLLECTOR AMRAVATI_IDA),1500000.0,493449.0,2026-07-06T00:00:00.000Z,2024-10-01T00:00:00.000Z,True,Maharashtra,Rajya Sabha,133667,292470,False
133667,,Normal/Others,Dr. Anil Sukhdeorao Bonde (2022-28),Sitting Rajya Sabha,AMRAVATI(DISTRICT COLLECTOR AMRAVATI_IDA),1195000.0,493449.0,2026-07-27T00:00:00.000Z,2024-10-01T00:00:00.000Z,True,Maharashtra,Rajya Sabha,133667,299048,False
133530,,Normal/Others,Dr. Anil Sukhdeorao Bonde (2022-28),Sitting Rajya Sabha,AMRAVATI(DISTRICT COLLECTOR AMRAVATI_IDA),2000000.0,978265.0,2025-08-29T00:00:00.000Z,2025-01-01T00:00:00.000Z,True,Maharashtra,Rajya Sabha,133530,229978,False
133530,,Normal/Others,Dr. Anil Sukhdeorao Bonde (2022-28),Sitting Rajya Sabha,AMRAVATI(DISTRICT COLLECTOR AMRAVATI_IDA),1000000.0,978265.0,2026-07-03T00:00:00.000Z,2025-01-01T00:00:00.000Z,True,Maharashtra,Rajya Sabha,133530,291619,False
133530,,Normal/Others,Dr. Anil Sukhdeorao Bonde (2022-28),Sitting Rajya Sabha,AMRAVATI(DISTRICT COLLECTOR AMRAVATI_IDA),150000.0,978265.0,2026-07-03T00:00:00.000Z,2025-01-01T00:00:00.000Z,True,Maharashtra,Rajya Sabha,133530,291622,False
133530,,Normal/Others,Dr. Anil Sukhdeorao Bonde (2022-28),Sitting Rajya Sabha,AMRAVATI(DISTRICT COLLECTOR AMRAVATI_IDA),1000000.0,978265.0,2026-07-06T00:00:00.000Z,2025-01-01T00:00:00.000Z,True,Maharashtra,Rajya Sabha,133530,2112,False
133530,,Normal/Others,Dr. Anil Sukhdeorao Bonde (2022-28),Sitting Rajya Sabha,AMRAVATI(DISTRICT COLLECTOR AMRAVATI_IDA),2500000.0,978265.0,2026-07-06T00:00:00.000Z,2025-01-01T00:00:00.000Z,True,Maharashtra,Rajya Sabha,133530,292456,False
133530,,Normal/Others,Dr. Anil Sukhdeorao Bonde (2022-28),Sitting Rajya Sabha,AMRAVATI(DISTRICT COLLECTOR AMRAVATI_IDA),1500000.0,978265.0,2026-07-06T00:00:00.000Z,2025-01-01T00:00:00.000Z,True,Maharashtra,Rajya Sabha,133530,292470,False
133530,,Normal/Others,Dr. Anil Sukhdeorao Bonde (2022-28),Sitting Rajya Sabha,AMRAVATI(DISTRICT COLLECTOR AMRAVATI_IDA),1195000.0,978265.0,2026-07-27T00:00:00.000Z,2025-01-01T00:00:00.000Z,True,Maharashtra,Rajya Sabha,133530,299048,False
145622,,Normal/Others,Dr. Anil Sukhdeorao Bonde (2022-28),Sitting Rajya Sabha,BULDHANA(DISTRICT COLLECTOR BULDHANA_IDA),2000000.0,840675.0,2025-08-29T00:00:00.000Z,2025-05-22T00:00:00.000Z,False,Maharashtra,Rajya Sabha,145622,229978,False
145622,,Normal/Others,Dr. Anil Sukhdeorao Bonde (2022-28),Sitting Rajya Sabha,BULDHANA(DISTRICT COLLECTOR BULDHANA_IDA),1000000.0,840675.0,2026-07-03T00:00:00.000Z,2025-05-22T00:00:00.000Z,False,Maharashtra,Rajya Sabha,145622,291619,False
145622,,Normal/Others,Dr. Anil Sukhdeorao Bonde (2022-28),Sitting Rajya Sabha,BULDHANA(DISTRICT COLLECTOR BULDHANA_IDA),150000.0,840675.0,2026-07-03T00:00:00.000Z,2025-05-22T00:00:00.000Z,False,Maharashtra,Rajya Sabha,145622,291622,False
145622,,Normal/Others,Dr. Anil Sukhdeorao Bonde (2022-28),Sitting Rajya Sabha,BULDHANA(DISTRICT COLLECTOR BULDHANA_IDA),1000000.0,840675.0,2026-07-06T00:00:00.000Z,2025-05-22T00:00:00.000Z,False,Maharashtra,Rajya Sabha,145622,2112,False
145622,,Normal/Others,Dr. Anil Sukhdeorao Bonde (2022-28),Sitting Rajya Sabha,BULDHANA(DISTRICT COLLECTOR BULDHANA_IDA),2500000.0,840675.0,2026-07-06T00:00:00.000Z,2025-05-22T00:00:00.000Z,False,Maharashtra,Rajya Sabha,145622,292456,False
145622,,Normal/Others,Dr. Anil Sukhdeorao Bonde (2022-28),Sitting Rajya Sabha,BULDHANA(DISTRICT COLLECTOR BULDHANA_IDA),1500000.0,840675.0,2026-07-06T00:00:00.000Z,2025-05-22T00:00:00.000Z,False,Maharashtra,Rajya Sabha,145622,292470,False
145622,,Normal/Others,Dr. Anil Sukhdeorao Bonde (2022-28),Sitting Rajya Sabha,BULDHANA(DISTRICT COLLECTOR BULDHANA_IDA),1195000.0,840675.0,2026-07-27T00:00:00.000Z,2025-05-22T00:00:00.000Z,False,Maharashtra,Rajya Sabha,145622,299048,False
161501,Improvement of electricity distribution infrastructure,Normal/Others,ANITA NAGARSINGH CHOUHAN,RATLAM,ALIRAJPUR(District Collector Alirajpur_IDA),625019.0,498369.0,2024-12-25T00:00:00.000Z,2025-10-01T00:00:00.000Z,False,Madhya Pradesh,Lok Sabha,161501,161498,False
161499,Improvement of electricity distribution infrastructure,Normal/Others,ANITA NAGARSINGH CHOUHAN,RATLAM,ALIRAJPUR(District Collector Alirajpur_IDA),666552.0,666793.0,2024-12-25T00:00:00.000Z,2026-02-21T00:00:00.000Z,True,Madhya Pradesh,Lok Sabha,161499,161502,False
188019,Construction of Boundary wall of Community Hall,Normal/Others,ANITA SUBHADARSHINI,ASKA,GANJAM(DISTRICT COLLECTOR GANJAM_IDA),500000.0,400000.0,2025-03-29T00:00:00.000Z,2026-02-06T00:00:00.000Z,True,Odisha,Lok Sabha,188019,187826,False
220841,Construction of Paver road,Normal/Others,ANITA SUBHADARSHINI,ASKA,GANJAM(DISTRICT COLLECTOR GANJAM_IDA),400000.0,700000.0,2025-09-01T00:00:00.000Z,2026-03-25T00:00:00.000Z,True,Odisha,Lok Sabha,220841,221118,False
204859,"Developmental Works of Intrepretation centre at Sri Alluri Seetharamaraju Memorial Park,Krishnadevipeta,Golugonda Mandal of Anakapalli District",Normal/Others,Appalanaidu Kalisetti,VIZIANAGARAM,Anakapalli(DISTRICT COLLECTOR ANAKAPALLI_IDA),992839.0,992839.0,2025-05-29T00:00:00.000Z,2025-11-30T00:00:00.000Z,True,Andhra Pradesh,Lok Sabha,204859,1344,True
157989,"Construction of Public Library, Meghwal Samaaj Chaatrawas, Nimbahera, District Chittorgarh

Working Agency : NagarPalika Nimbahera 

Contact person : Dr. Tarachand Meghwal, Jila Parishad Sadsay, Chittorgarh +91-9636336699",Normal/Others,Shri Arjun Ram Meghwal,BIKANER,CHITTORGARH(DISTRICT COLLECTOR CHITTORGARH_IDA),1000000.0,954701.0,2024-12-10T00:00:00.000Z,2026-08-19T00:00:00.000Z,True,Rajasthan,Lok Sabha,157989,933,True
147618,"Sarwjanik Meghwal Samaj Hostal mein Hall Nirman Karya ; Working Agency : Gram Panchayat Barat, Panchayat Samiti Saakda",Normal/Others,Shri Arjun Ram Meghwal,BIKANER,JAISALMER(DISTRICT COLLECTOR JAISLAMER_IDA),1495786.0,1495786.0,2024-10-16T00:00:00.000Z,2026-08-09T00:00:00.000Z,True,Rajasthan,Lok Sabha,147618,880,True
160901,Installation of High Mast Light,Normal/Others,ARUN BHARTI,JAMUI,MUNGER(DISTRICT PLANNING OFFICER MUNGER_IDA),945000.0,940000.0,2025-12-06T00:00:00.000Z,2025-10-30T00:00:00.000Z,True,Bihar,Lok Sabha,160901,252418,False
160900,Installation of High Mast Light,Normal/Others,ARUN BHARTI,JAMUI,MUNGER(DISTRICT PLANNING OFFICER MUNGER_IDA),945000.0,940000.0,2025-12-06T00:00:00.000Z,2025-11-10T00:00:00.000Z,True,Bihar,Lok Sabha,160900,252419,False
160902,Installation of High Mast Light,Normal/Others,ARUN BHARTI,JAMUI,MUNGER(DISTRICT PLANNING OFFICER MUNGER_IDA),936818.0,940000.0,2025-12-06T00:00:00.000Z,2025-11-10T00:00:00.000Z,True,Bihar,Lok Sabha,160902,252420,False
160903,Installation of High Mast Light,Normal/Others,ARUN BHARTI,JAMUI,MUNGER(DISTRICT PLANNING OFFICER MUNGER_IDA),936818.0,940000.0,2025-12-06T00:00:00.000Z,2025-11-10T00:00:00.000Z,True,Bihar,Lok Sabha,160903,252454,False
160904,Installation of High Mast Light,Normal/Others,ARUN BHARTI,JAMUI,MUNGER(DISTRICT PLANNING OFFICER MUNGER_IDA),945000.0,940000.0,2025-12-06T00:00:00.000Z,2025-11-10T00:00:00.000Z,True,Bihar,Lok Sabha,160904,252456,False
160887,Installation of High Mast Light,Normal/Others,ARUN BHARTI,JAMUI,JAMUI(DISTRICT PLANNING OFFICER JAMUI_IDA),940000.0,998721.0,2026-06-12T00:00:00.000Z,2026-01-21T00:00:00.000Z,False,Bihar,Lok Sabha,160887,285177,False
160888,Installation of High Mast Light,Normal/Others,ARUN BHARTI,JAMUI,JAMUI(DISTRICT PLANNING OFFICER JAMUI_IDA),940000.0,998721.0,2026-06-12T00:00:00.000Z,2026-01-21T00:00:00.000Z,False,Bihar,Lok Sabha,160888,285182,False
160889,Installation of High Mast Light,Normal/Others,ARUN BHARTI,JAMUI,JAMUI(DISTRICT PLANNING OFFICER JAMUI_IDA),940000.0,998721.0,2026-06-12T00:00:00.000Z,2026-01-21T00:00:00.000Z,False,Bihar,Lok Sabha,160889,285184,False
160893,Installation of High Mast Light,Normal/Others,ARUN BHARTI,JAMUI,JAMUI(DISTRICT PLANNING OFFICER JAMUI_IDA),940000.0,998721.0,2026-06-12T00:00:00.000Z,2026-01-21T00:00:00.000Z,False,Bihar,Lok Sabha,160893,285197,False
160894,Installation of High Mast Light,Normal/Others,ARUN BHARTI,JAMUI,JAMUI(DISTRICT PLANNING OFFICER JAMUI_IDA),940000.0,998721.0,2026-06-12T00:00:00.000Z,2026-01-21T00:00:00.000Z,False,Bihar,Lok Sabha,160894,285229,False
160885,Installation of High Mast Light,Normal/Others,ARUN BHARTI,JAMUI,JAMUI(DISTRICT PLANNING OFFICER JAMUI_IDA),940000.0,998721.0,2026-06-12T00:00:00.000Z,2026-01-30T00:00:00.000Z,False,Bihar,Lok Sabha,160885,285236,False
160890,Installation of High Mast Light,Normal/Others,ARUN BHARTI,JAMUI,JAMUI(DISTRICT PLANNING OFFICER JAMUI_IDA),940000.0,998721.0,2026-06-12T00:00:00.000Z,2026-01-30T00:00:00.000Z,False,Bihar,Lok Sabha,160890,285246,False
160891,Installation of High Mast Light,Normal/Others,ARUN BHARTI,JAMUI,JAMUI(DISTRICT PLANNING OFFICER JAMUI_IDA),940000.0,998721.0,2026-06-12T00:00:00.000Z,2026-01-30T00:00:00.000Z,False,Bihar,Lok Sabha,160891,285248,False
160892,Installation of High Mast Light,Normal/Others,ARUN BHARTI,JAMUI,JAMUI(DISTRICT PLANNING OFFICER JAMUI_IDA),940000.0,998721.0,2026-06-12T00:00:00.000Z,2026-01-30T00:00:00.000Z,False,Bihar,Lok Sabha,160892,285251,False
160886,Installation of High Mast Light,Normal/Others,ARUN BHARTI,JAMUI,JAMUI(DISTRICT PLANNING OFFICER JAMUI_IDA),940000.0,998721.0,2026-06-12T00:00:00.000Z,2026-02-07T00:00:00.000Z,False,Bihar,Lok Sabha,160886,285263,False
160895,Installation of High Mast Light,Normal/Others,ARUN BHARTI,JAMUI,SHEIKHPURA(DISTRICT PLANNING OFFICER SHEIKHPURA_IDA),940000.0,993453.0,2026-06-12T00:00:00.000Z,2026-02-26T00:00:00.000Z,True,Bihar,Lok Sabha,160895,285265,False
168798,Erection of High mast with LED Flood Lights at SC Colony,Normal/Others,ARUNA. D. K,MAHABUBNAGAR,Narayanpet(DISTRICT COLLECTOR NARAYANPET_IDA),250000.0,200000.0,2026-01-27T00:00:00.000Z,2025-05-01T00:00:00.000Z,False,Telangana,Lok Sabha,168798,262232,False
168750,Erection of High Mast with LED Flood Lights at SC Colony,Normal/Others,ARUNA. D. K,MAHABUBNAGAR,MAHABUBNAGAR(DISTRICT COLLECTOR MAHABUBNAGAR_3),250000.0,199939.0,2026-07-11T00:00:00.000Z,2025-06-05T00:00:00.000Z,False,Telangana,Lok Sabha,168750,294124,False
262196,Erection of High Mast with LED Flood Lights near Pochamma Temple,Normal/Others,ARUNA. D. K,MAHABUBNAGAR,RANGA REDDY(DISTRICT COLLECTOR RANGAREDDY_IDA),250000.0,249836.0,2026-07-01T00:00:00.000Z,2026-08-06T00:00:00.000Z,True,Telangana,Lok Sabha,262196,291087,False
248685,Formation of road from Elkur to Pudur upto Mandal limits of Elkur (V) of Maldakal (M),Normal/Others,ARUNA. D. K,MAHABUBNAGAR,JOGULAMBA GADWAL(DISTRICT COLLECTOR JOGULAMBA GADWAL_IDA),500000.0,487215.0,2025-11-17T00:00:00.000Z,2026-05-14T00:00:00.000Z,True,Telangana,Lok Sabha,248685,1758,True
248686,Formation of road from Pudur to Elkur upto Mandal limits of Pudur (V) of Gadwal (M),Normal/Others,ARUNA. D. K,MAHABUBNAGAR,JOGULAMBA GADWAL(DISTRICT COLLECTOR JOGULAMBA GADWAL_IDA),500000.0,487215.0,2025-11-17T00:00:00.000Z,2026-05-14T00:00:00.000Z,True,Telangana,Lok Sabha,248686,1759,True
144956,Construction of Community Hall,Normal/Others,Arvind Dharmapuri,NIZAMABAD,NIZAMABAD(DISTRICT COLLECTOR NIZAMABAD_IDA),300000.0,486885.0,2025-07-23T00:00:00.000Z,2024-10-08T00:00:00.000Z,False,Telangana,Lok Sabha,144956,220977,False
144938,Construction of community hall,Normal/Others,Arvind Dharmapuri,NIZAMABAD,NIZAMABAD(DISTRICT COLLECTOR NIZAMABAD_IDA),400000.0,399115.0,2026-07-23T00:00:00.000Z,2024-10-09T00:00:00.000Z,False,Telangana,Lok Sabha,144938,297533,False
144976,Construction of Community Hall in Munnurukapu Wada,Normal/Others,Arvind Dharmapuri,NIZAMABAD,NIZAMABAD(DISTRICT COLLECTOR NIZAMABAD_IDA),300000.0,400000.0,2025-07-23T00:00:00.000Z,2024-10-08T00:00:00.000Z,False,Telangana,Lok Sabha,144976,221188,False
144962,Construction of Community Hall in Munnurukapu wada,Normal/Others,Arvind Dharmapuri,NIZAMABAD,NIZAMABAD(DISTRICT COLLECTOR NIZAMABAD_IDA),300000.0,450000.0,2025-07-23T00:00:00.000Z,2024-10-10T00:00:00.000Z,False,Telangana,Lok Sabha,144962,221195,False
146755,Construction of Community hall in Padmashali wada,Normal/Others,Arvind Dharmapuri,NIZAMABAD,Jagitial(DISTRICT COLLECTOR JAGTIAL_IDA),300000.0,312923.0,2025-07-23T00:00:00.000Z,2025-08-19T00:00:00.000Z,False,Telangana,Lok Sabha,146755,220957,False
153936,Construction of community hall in Padmashali Wada,Normal/Others,Arvind Dharmapuri,NIZAMABAD,Jagitial(DISTRICT COLLECTOR JAGTIAL_IDA),300000.0,357627.0,2025-07-23T00:00:00.000Z,2026-04-15T00:00:00.000Z,False,Telangana,Lok Sabha,153936,221187,False
144944,Construction of Mahila Bhavan,Normal/Others,Arvind Dharmapuri,NIZAMABAD,NIZAMABAD(DISTRICT COLLECTOR NIZAMABAD_IDA),200000.0,400000.0,2026-07-23T00:00:00.000Z,2024-10-08T00:00:00.000Z,False,Telangana,Lok Sabha,144944,297687,False
220937,Providing LED High mast light near Ambedkar Statue,Normal/Others,Arvind Dharmapuri,NIZAMABAD,Jagitial(DISTRICT COLLECTOR JAGTIAL_IDA),135000.0,135000.0,2025-01-27T00:00:00.000Z,2025-11-18T00:00:00.000Z,False,Telangana,Lok Sabha,220937,169200,False
169207,Providing LED High Mast light near Hanuman Mandir,Normal/Others,Arvind Dharmapuri,NIZAMABAD,NIZAMABAD(DISTRICT COLLECTOR NIZAMABAD_IDA),133000.0,134836.0,2026-07-23T00:00:00.000Z,2025-02-03T00:00:00.000Z,False,Telangana,Lok Sabha,169207,297205,False
169176,Providing LED High Mast light near Market,Normal/Others,Arvind Dharmapuri,NIZAMABAD,NIZAMABAD(DISTRICT COLLECTOR NIZAMABAD_IDA),133000.0,135000.0,2026-07-23T00:00:00.000Z,2025-01-30T00:00:00.000Z,False,Telangana,Lok Sabha,169176,296710,False
169177,Providing LED High Mast light near Ramalayam,Normal/Others,Arvind Dharmapuri,NIZAMABAD,NIZAMABAD(DISTRICT COLLECTOR NIZAMABAD_IDA),135000.0,135000.0,2025-01-27T00:00:00.000Z,2025-01-30T00:00:00.000Z,False,Telangana,Lok Sabha,169177,169187,False
232218,Construction of boundary walls of existing public and community building in Tilak ward.,Normal/Others,ASHISH DUBEY,JABALPUR,SEONI(District Collector Seoni_IDA),999999.0,999999.0,2025-09-08T00:00:00.000Z,2026-01-05T00:00:00.000Z,True,Madhya Pradesh,Lok Sabha,232218,1626,True
232220,Providing drains and gutters for public drainage in Hanuman ward.,Normal/Others,ASHISH DUBEY,JABALPUR,SEONI(District Collector Seoni_IDA),999986.0,999986.0,2025-09-08T00:00:00.000Z,2026-01-06T00:00:00.000Z,True,Madhya Pradesh,Lok Sabha,232220,1628,True
163456,Construction  of Open Gym at Khurana Village in Panchayt Herbal Park,Normal/Others,Shri Ashok Singh (2024-30),Sitting Rajya Sabha,KAITHAL(DC CUM NODAL OFFICERS MPLADS),350000.0,237736.0,2025-01-03T00:00:00.000Z,2026-03-27T00:00:00.000Z,False,Madhya Pradesh,Rajya Sabha,163456,1035,False
163465,Construction of Open Gym at Budhakhera Village Panchayt Park (Near Bus Stand),Normal/Others,Shri Ashok Singh (2024-30),Sitting Rajya Sabha,KAITHAL(DC CUM NODAL OFFICERS MPLADS),350000.0,295052.0,2025-01-03T00:00:00.000Z,2025-12-29T00:00:00.000Z,False,Madhya Pradesh,Rajya Sabha,163465,1038,False
163467,Construction of Open Gym at Guhna Village in Panchayt Herbal Park,Normal/Others,Shri Ashok Singh (2024-30),Sitting Rajya Sabha,KAITHAL(DC CUM NODAL OFFICERS MPLADS),350000.0,298116.0,2025-01-03T00:00:00.000Z,2025-12-29T00:00:00.000Z,False,Madhya Pradesh,Rajya Sabha,163467,1040,False
163461,Construction of Open Gym at Manas Village in Panchayt Sport Stadium,Normal/Others,Shri Ashok Singh (2024-30),Sitting Rajya Sabha,KAITHAL(DC CUM NODAL OFFICERS MPLADS),350000.0,281888.0,2025-01-03T00:00:00.000Z,2026-03-17T00:00:00.000Z,False,Madhya Pradesh,Rajya Sabha,163461,1036,False
163464,Construction of Open Gym at Panchayat Akhad of Baba Ladana Village in the name of Baba Balak Nath,Normal/Others,Shri Ashok Singh (2024-30),Sitting Rajya Sabha,KAITHAL(DC CUM NODAL OFFICERS MPLADS),350000.0,280139.0,2025-01-03T00:00:00.000Z,2026-03-17T00:00:00.000Z,False,Madhya Pradesh,Rajya Sabha,163464,1037,False
163466,Construction of Open Gym at Sanghan Panchayt Ground (Near Sangatpura Road),Normal/Others,Shri Ashok Singh (2024-30),Sitting Rajya Sabha,KAITHAL(DC CUM NODAL OFFICERS MPLADS),350000.0,289754.0,2025-01-03T00:00:00.000Z,2026-03-17T00:00:00.000Z,False,Madhya Pradesh,Rajya Sabha,163466,1039,False
183808,Ajay Yadav ke makan ke pas,Normal/Others,BABU SINGH KUSHWAHA,JAUNPUR,JAUNPUR(DISTRICT MAGISTRATE JAUNPUR_IDA),20900.0,19992.0,2025-07-03T00:00:00.000Z,2026-07-30T00:00:00.000Z,True,Uttar Pradesh,Lok Sabha,183808,212780,False
183810,Jitendra kumar Yadav ke makan ke pas,Normal/Others,BABU SINGH KUSHWAHA,JAUNPUR,JAUNPUR(DISTRICT MAGISTRATE JAUNPUR_IDA),20900.0,19992.0,2025-07-03T00:00:00.000Z,2026-07-30T00:00:00.000Z,True,Uttar Pradesh,Lok Sabha,183810,214105,False
171580,mukesh yadav ke makan ke pas,Normal/Others,BABU SINGH KUSHWAHA,JAUNPUR,JAUNPUR(DISTRICT MAGISTRATE JAUNPUR_IDA),20900.0,19992.0,2025-07-03T00:00:00.000Z,2026-07-29T00:00:00.000Z,True,Uttar Pradesh,Lok Sabha,171580,212846,False
183687,rajkumar yadav ke makan ke pas,Normal/Others,BABU SINGH KUSHWAHA,JAUNPUR,JAUNPUR(DISTRICT MAGISTRATE JAUNPUR_IDA),20900.0,19992.0,2025-07-03T00:00:00.000Z,2026-07-30T00:00:00.000Z,True,Uttar Pradesh,Lok Sabha,183687,214202,False
184266,Shakeel Ahamad ke makan ke pas,Normal/Others,BABU SINGH KUSHWAHA,JAUNPUR,JAUNPUR(DISTRICT MAGISTRATE JAUNPUR_IDA),20900.0,19992.0,2025-07-03T00:00:00.000Z,2026-07-30T00:00:00.000Z,True,Uttar Pradesh,Lok Sabha,184266,212910,False
151033,LED SEMI HIGH MAST LIGHT,Normal/Others,Shri Baburam Nishad (2022-28),Sitting Rajya Sabha,ETAWAH(DISTRICT MAGISTRATE ETAWAH_IDA),170000.0,169703.0,2024-12-21T00:00:00.000Z,2025-07-26T00:00:00.000Z,False,Uttar Pradesh,Rajya Sabha,151033,160708,False
151034,LED SEMI HIGH MAST LIGHT,Normal/Others,Shri Baburam Nishad (2022-28),Sitting Rajya Sabha,ETAWAH(DISTRICT MAGISTRATE ETAWAH_IDA),170000.0,169703.0,2024-12-21T00:00:00.000Z,2025-07-26T00:00:00.000Z,False,Uttar Pradesh,Rajya Sabha,151034,160709,False
151035,LED SEMI HIGH MAST LIGHT,Normal/Others,Shri Baburam Nishad (2022-28),Sitting Rajya Sabha,ETAWAH(DISTRICT MAGISTRATE ETAWAH_IDA),170000.0,169703.0,2024-12-21T00:00:00.000Z,2025-07-26T00:00:00.000Z,False,Uttar Pradesh,Rajya Sabha,151035,160710,False
160336,Construction of classroom of Saraswati Sishu Mandir,Normal/Others,BAIJAYANT PANDA,KENDRAPARA,Kendrapada(DISTRICT COLLECTOR KENDRAPARA_IDA),800000.0,800000.0,2024-12-20T00:00:00.000Z,2025-09-08T00:00:00.000Z,True,Odisha,Lok Sabha,160336,160348,False
160337,Construction of classroom of Saraswati Sishu Vidya Mandir,Normal/Others,BAIJAYANT PANDA,KENDRAPARA,Kendrapada(DISTRICT COLLECTOR KENDRAPARA_IDA),800000.0,800000.0,2024-12-20T00:00:00.000Z,2025-11-12T00:00:00.000Z,True,Odisha,Lok Sabha,160337,160338,False
160351,Construction of classroom of Saraswati Sishu Vidya Mandir,Normal/Others,BAIJAYANT PANDA,KENDRAPARA,Kendrapada(DISTRICT COLLECTOR KENDRAPARA_IDA),800000.0,800000.0,2024-12-20T00:00:00.000Z,2025-11-18T00:00:00.000Z,False,Odisha,Lok Sabha,160351,160355,False
157658,Construction of Sabha Mandap in Dalit wasti on Gram Panchayat land.(Special Component Scheme),Normal/Others,BAJRANG MANOHAR SONWANE,BEED,BEED(DISTRICT COLLECTOR BEED_IDA),1000000.0,898526.0,2024-12-09T00:00:00.000Z,2026-02-13T00:00:00.000Z,True,Maharashtra,Lok Sabha,157658,157647,False
157452,Construction of Sabhamandap on Gram Panchayat land near Sri Kshetra Datta Temple.,Normal/Others,BAJRANG MANOHAR SONWANE,BEED,BEED(DISTRICT COLLECTOR BEED_IDA),1000000.0,997293.0,2025-08-18T00:00:00.000Z,2026-03-17T00:00:00.000Z,True,Maharashtra,Lok Sabha,157452,227483,False
157492,Construction of Sabhamandap on Gram Panchayat land near Sri Kshetra Ganpati Temple.,Normal/Others,BAJRANG MANOHAR SONWANE,BEED,BEED(DISTRICT COLLECTOR BEED_IDA),1000000.0,995447.0,2025-01-16T00:00:00.000Z,2026-04-04T00:00:00.000Z,True,Maharashtra,Lok Sabha,157492,166011,False
157622,Construction of Sabhamandap on Gram Panchayat land near Sri Kshetra Hanuman Temple.,Normal/Others,BAJRANG MANOHAR SONWANE,BEED,BEED(DISTRICT COLLECTOR BEED_IDA),1000000.0,994717.0,2024-12-09T00:00:00.000Z,2025-12-18T00:00:00.000Z,True,Maharashtra,Lok Sabha,157622,157542,False
157475,Construction of Sabhamandap on Gram Panchayat land near Sri Kshetra Mahadev Temple.,Normal/Others,BAJRANG MANOHAR SONWANE,BEED,BEED(DISTRICT COLLECTOR BEED_IDA),1000000.0,998532.0,2024-12-09T00:00:00.000Z,2025-09-16T00:00:00.000Z,True,Maharashtra,Lok Sabha,157475,157439,False
157479,Construction of Sabhamandap on Gram Panchayat land near Sri Kshetra Narsih Temple.,Normal/Others,BAJRANG MANOHAR SONWANE,BEED,BEED(DISTRICT COLLECTOR BEED_IDA),1000000.0,699468.0,2025-07-22T00:00:00.000Z,2025-05-08T00:00:00.000Z,True,Maharashtra,Lok Sabha,157479,221146,False
157447,Construction of Sabhamandap on Gram Panchayat land.,Normal/Others,BAJRANG MANOHAR SONWANE,BEED,BEED(DISTRICT COLLECTOR BEED_IDA),1000000.0,995218.0,2024-12-09T00:00:00.000Z,2025-12-11T00:00:00.000Z,True,Maharashtra,Lok Sabha,157447,157491,False
149689,"Installing community drinking water plant at Fransalian Vidyajyothi hostel, Nidadavolue, West Godavari District",Normal/Others,Balashowry Vallabbhaneni,MACHILIPATNAM,"EAST GODAVARI(DISTRICT COLLECTOR, EAST GODAVARI)",250000.0,243215.0,2024-10-28T00:00:00.000Z,2026-03-20T00:00:00.000Z,False,Andhra Pradesh,Lok Sabha,149689,896,False
192005,"Construction of Reading Rooms at Dubbaka main Road, Bus Stand Neelakanta",Normal/Others,BALRAM NAIK PORIKA,MAHABUBABAD,SIDDIPET(District Collector Siddipet_IDA),998000.0,982534.0,2025-04-17T00:00:00.000Z,2026-01-08T00:00:00.000Z,True,Telangana,Lok Sabha,192005,1248,True
186050,as attached file,Normal/Others,Shri Banshilal Gurjar (2024-30),Sitting Rajya Sabha,SHAJAPUR(District Collector Shajapur_IDA),600000.0,1500000.0,2025-03-25T00:00:00.000Z,2026-04-08T00:00:00.000Z,True,Madhya Pradesh,Rajya Sabha,186050,186083,False
205223,as attached letter,Normal/Others,Shri Banshilal Gurjar (2024-30),Sitting Rajya Sabha,UJJAIN(DISTRICT COLLECTOR UJJAIN_IDA),1000000.0,1000000.0,2025-03-25T00:00:00.000Z,2026-04-09T00:00:00.000Z,True,Madhya Pradesh,Rajya Sabha,205223,186053,False
206183,as attached letter,Normal/Others,Shri Banshilal Gurjar (2024-30),Sitting Rajya Sabha,MANDSAUR(DISTRICT COLLECTOR MANDSAUR_IDA),700000.0,2195000.0,2025-03-25T00:00:00.000Z,2026-08-09T00:00:00.000Z,True,Madhya Pradesh,Rajya Sabha,206183,186057,False
190011,take action as per the instructions in the attached letter.,Normal/Others,Shri Banshilal Gurjar (2024-30),Sitting Rajya Sabha,MANDSAUR(DISTRICT COLLECTOR MANDSAUR_IDA),875000.0,800000.0,2025-04-09T00:00:00.000Z,2026-01-22T00:00:00.000Z,True,Madhya Pradesh,Rajya Sabha,190011,189995,False
213606,word as attached letter,Normal/Others,Shri Banshilal Gurjar (2024-30),Sitting Rajya Sabha,MANDSAUR(DISTRICT COLLECTOR MANDSAUR_IDA),500000.0,300000.0,2025-07-01T00:00:00.000Z,2026-01-22T00:00:00.000Z,True,Madhya Pradesh,Rajya Sabha,213606,213607,False
222213,Installation of Boom barrier,Normal/Others,Bansuri Swaraj,NEW DELHI,SOUTH(COMMISSIONER SOUTH),308007.0,108681.0,2025-04-25T00:00:00.000Z,2026-07-30T00:00:00.000Z,True,Delhi,Lok Sabha,222213,194473,False
189570,Installation of Childrens Play Equipment,Repair and Renovation,Bansuri Swaraj,NEW DELHI,SOUTH(COMMISSIONER SOUTH),180480.0,792490.0,2025-04-08T00:00:00.000Z,2026-07-29T00:00:00.000Z,True,Delhi,Lok Sabha,189570,189572,False
189571,Installation of Childrens Play Equipment,Repair and Renovation,Bansuri Swaraj,NEW DELHI,SOUTH(COMMISSIONER SOUTH),269970.0,124495.0,2025-04-08T00:00:00.000Z,2026-07-29T00:00:00.000Z,True,Delhi,Lok Sabha,189571,189573,False
194995,Installation of Childrens Play Equipment,Normal/Others,Bansuri Swaraj,NEW DELHI,SOUTH(COMMISSIONER SOUTH),180480.0,186225.0,2025-04-08T00:00:00.000Z,2026-07-29T00:00:00.000Z,True,Delhi,Lok Sabha,194995,189574,False
212787,Provision of lighting arrangement,Normal/Others,Bansuri Swaraj,NEW DELHI,SOUTH(COMMISSIONER SOUTH),940201.0,490894.0,2025-11-25T00:00:00.000Z,2025-12-11T00:00:00.000Z,True,Delhi,Lok Sabha,212787,250043,False
222212,Provision of lighting arrangement,Normal/Others,Bansuri Swaraj,NEW DELHI,SOUTH(COMMISSIONER SOUTH),500000.0,575325.0,2026-01-31T00:00:00.000Z,2025-12-11T00:00:00.000Z,True,Delhi,Lok Sabha,222212,261144,False
224814,Provision of lighting arrangement,Normal/Others,Bansuri Swaraj,NEW DELHI,CENTRAL(COMMISSIONER MCD (CENTRAL DISTRICT)),980561.0,424760.0,2026-01-31T00:00:00.000Z,2026-02-12T00:00:00.000Z,True,Delhi,Lok Sabha,224814,261158,False
230355,Provision of lighting arrangement,Normal/Others,Bansuri Swaraj,NEW DELHI,SOUTH(COMMISSIONER SOUTH),827143.0,327598.0,2026-01-31T00:00:00.000Z,2026-02-12T00:00:00.000Z,True,Delhi,Lok Sabha,230355,261225,False
230353,Provision of lighting arrangement,Normal/Others,Bansuri Swaraj,NEW DELHI,SOUTH(COMMISSIONER SOUTH),936709.0,367845.0,2026-02-10T00:00:00.000Z,2026-03-03T00:00:00.000Z,True,Delhi,Lok Sabha,230353,264762,False
231768,Provision of lighting Arrangement,Repair and Renovation,Bansuri Swaraj,NEW DELHI,SOUTH(COMMISSIONER SOUTH),959138.0,697948.0,2026-02-10T00:00:00.000Z,2026-03-13T00:00:00.000Z,True,Delhi,Lok Sabha,231768,266758,False
212783,Provision of lighting arrangement,Normal/Others,Bansuri Swaraj,NEW DELHI,SOUTH(COMMISSIONER SOUTH),1433070.0,792994.0,2026-03-25T00:00:00.000Z,2026-05-05T00:00:00.000Z,True,Delhi,Lok Sabha,212783,275714,False
248414,Provision of lighting arrangement,Normal/Others,Bansuri Swaraj,NEW DELHI,SOUTH(COMMISSIONER SOUTH),851452.0,346212.0,2026-04-23T00:00:00.000Z,2026-08-17T00:00:00.000Z,True,Delhi,Lok Sabha,248414,277944,False
189797,Supply and Installation of kids play equipment,Repair and Renovation,Bansuri Swaraj,NEW DELHI,CENTRAL(COMMISSIONER MCD (CENTRAL DISTRICT)),461445.0,186225.0,2025-04-08T00:00:00.000Z,2026-07-29T00:00:00.000Z,True,Delhi,Lok Sabha,189797,189800,False
175806,GRAM DEVI SABHA BHAVAN,Normal/Others,BASAVARAJ BOMMAI,HAVERI,GADAG(Deputy Commsioner Gadag_ida),500000.0,1000000.0,2025-02-15T00:00:00.000Z,2026-01-06T00:00:00.000Z,False,Karnataka,Lok Sabha,175806,175692,False
179225,KALMESHWAR SABHA BHAVAN,Normal/Others,BASAVARAJ BOMMAI,HAVERI,HAVERI(DEPUTY COMMISSIONER HAVERI_IDA),500000.0,500000.0,2025-03-04T00:00:00.000Z,2026-03-13T00:00:00.000Z,True,Karnataka,Lok Sabha,179225,179037,False
179224,MARUTI SABHA BHAVAN,Normal/Others,BASAVARAJ BOMMAI,HAVERI,HAVERI(DEPUTY COMMISSIONER HAVERI_IDA),1000000.0,300000.0,2025-03-04T00:00:00.000Z,2026-03-13T00:00:00.000Z,True,Karnataka,Lok Sabha,179224,178980,False
175361,13 Camera for security purpose as per attched list,Normal/Others,BHAUSAHEB RAJARAM WAKCHAURE,SHIRDI,SAHARSA(DISTRICT PLANNING OFFICER SAHARSA_IDA),198500.0,198500.0,2025-02-12T00:00:00.000Z,2025-09-27T00:00:00.000Z,False,Maharashtra,Lok Sabha,175361,1105,False
134642,Construction work of 20 feet x 15 feet covered  Community Chaupal,Normal/Others,Dr. Bhim Singh (2024-30),Sitting Rajya Sabha,JAMUI(DISTRICT PLANNING OFFICER JAMUI_IDA),530000.0,516349.0,2024-08-05T00:00:00.000Z,2025-12-08T00:00:00.000Z,False,Bihar,Rajya Sabha,134642,134662,False
134637,Construction work of 20 feet x 15 feet covered  Community Chaupal,Normal/Others,Dr. Bhim Singh (2024-30),Sitting Rajya Sabha,PATNA(DISTRICT PLANNING OFFICER PATNA_IDA),530000.0,520774.0,2024-08-05T00:00:00.000Z,2025-12-12T00:00:00.000Z,False,Bihar,Rajya Sabha,134637,134664,False
134540,Construction work of 20 feet x 15 feet covered Community Chaupal,Normal/Others,Dr. Bhim Singh (2024-30),Sitting Rajya Sabha,NALANDA(DISTRICT PLANNING OFFICER NALANDA_IDA),530000.0,442475.0,2024-08-05T00:00:00.000Z,2025-03-27T00:00:00.000Z,False,Bihar,Rajya Sabha,134540,134641,False
135850,Construction work of 20 feet x 15 feet covered Community Chaupal,Normal/Others,Dr. Bhim Singh (2024-30),Sitting Rajya Sabha,PATNA(DISTRICT PLANNING OFFICER PATNA_IDA),530000.0,643136.0,2024-08-05T00:00:00.000Z,2025-04-07T00:00:00.000Z,True,Bihar,Rajya Sabha,135850,134663,False
172323,Construction work of 20 feet x 15 feet covered community Chaupal,Normal/Others,Dr. Bhim Singh (2024-30),Sitting Rajya Sabha,AURANGABAD(DISTRICT PLANNING OFFICER AURANGABAD_IDA),530000.0,524531.0,2024-08-16T00:00:00.000Z,2026-01-14T00:00:00.000Z,True,Bihar,Rajya Sabha,172323,135856,False
145389,Construction work of 20 feet x 15 feet covered Community Chaupal,Normal/Others,Dr. Bhim Singh (2024-30),Sitting Rajya Sabha,KAIMUR (BHABUA)(DISTRICT PLANNING OFFICER KAIMUR BHABUA_IDA),530000.0,479427.0,2025-01-13T00:00:00.000Z,2026-01-15T00:00:00.000Z,False,Bihar,Rajya Sabha,145389,165183,False
134643,Construction work of 20 feet x 15 feet covered Community Chaupal,Normal/Others,Dr. Bhim Singh (2024-30),Sitting Rajya Sabha,JAMUI(DISTRICT PLANNING OFFICER JAMUI_IDA),529900.0,522430.0,2025-02-04T00:00:00.000Z,2026-02-12T00:00:00.000Z,True,Bihar,Rajya Sabha,134643,172320,False
157543,Construction work of 20 feet x 15 feet covered Community Chaupal,Normal/Others,Dr. Bhim Singh (2024-30),Sitting Rajya Sabha,NALANDA(DISTRICT PLANNING OFFICER NALANDA_IDA),530000.0,527564.0,2025-11-29T00:00:00.000Z,2026-02-26T00:00:00.000Z,True,Bihar,Rajya Sabha,157543,251287,False
139497,Construction work of 20 feet x 15 feet covered Community Chaupal,Normal/Others,Dr. Bhim Singh (2024-30),Sitting Rajya Sabha,JEHANABAD(DISTRICT PLANNING OFFICER JEHANABAD_IDA),530000.0,528500.0,2025-11-29T00:00:00.000Z,2026-03-13T00:00:00.000Z,True,Bihar,Rajya Sabha,139497,251293,False
134656,"Construction work of 20 feet x 15 feet covered Community Chaupal
Rural",Normal/Others,Dr. Bhim Singh (2024-30),Sitting Rajya Sabha,ARWAL(District Planning Officer Arwal_IDA),530000.0,508791.0,2024-08-05T00:00:00.000Z,2025-04-28T00:00:00.000Z,True,Bihar,Rajya Sabha,134656,134650,False
134657,Construction work of 20 feet x 15 feet covered Community Chaupal Rural,Normal/Others,Dr. Bhim Singh (2024-30),Sitting Rajya Sabha,ARWAL(District Planning Officer Arwal_IDA),530000.0,522080.0,2024-08-20T00:00:00.000Z,2025-12-17T00:00:00.000Z,True,Bihar,Rajya Sabha,134657,136531,False
134482,Construction work of 20 feet × 15 feet covered community chaupal.,Normal/Others,Dr. Bhim Singh (2024-30),Sitting Rajya Sabha,PATNA(DISTRICT PLANNING OFFICER PATNA_IDA),530000.0,529451.0,2024-10-28T00:00:00.000Z,2025-07-21T00:00:00.000Z,True,Bihar,Rajya Sabha,134482,149660,False
258973,Construction work of 20 x feet 15 feet covered community Chaupal,Normal/Others,Dr. Bhim Singh (2024-30),Sitting Rajya Sabha,MADHUBANI(DISTRICT PLANNING OFFICER MADHUBANI_IDA),530000.0,521730.0,2025-02-04T00:00:00.000Z,2026-03-13T00:00:00.000Z,False,Bihar,Rajya Sabha,258973,172319,False
192258,Installing a big hand pump (India Mark III) at a public place,Normal/Others,Dr. Bhim Singh (2024-30),Sitting Rajya Sabha,PATNA(DISTRICT PLANNING OFFICER PATNA_IDA),85000.0,81757.0,2025-07-10T00:00:00.000Z,2025-07-22T00:00:00.000Z,True,Bihar,Rajya Sabha,192258,216905,False
192260,Installing a big hand pump (India Mark III) at a public place,Normal/Others,Dr. Bhim Singh (2024-30),Sitting Rajya Sabha,PATNA(DISTRICT PLANNING OFFICER PATNA_IDA),85000.0,81782.0,2025-07-10T00:00:00.000Z,2025-07-22T00:00:00.000Z,True,Bihar,Rajya Sabha,192260,216907,False
192262,Installing a big hand pump (India Mark III) at a public place,Normal/Others,Dr. Bhim Singh (2024-30),Sitting Rajya Sabha,PATNA(DISTRICT PLANNING OFFICER PATNA_IDA),85000.0,81782.0,2025-07-10T00:00:00.000Z,2025-07-22T00:00:00.000Z,True,Bihar,Rajya Sabha,192262,216911,False
192265,Installing a big hand pump (India Mark III) at a public place,Normal/Others,Dr. Bhim Singh (2024-30),Sitting Rajya Sabha,PATNA(DISTRICT PLANNING OFFICER PATNA_IDA),85000.0,81782.0,2025-07-10T00:00:00.000Z,2025-07-22T00:00:00.000Z,True,Bihar,Rajya Sabha,192265,216922,False
192275,Installing a big hand pump (India Mark III) at a public place,Normal/Others,Dr. Bhim Singh (2024-30),Sitting Rajya Sabha,PATNA(DISTRICT PLANNING OFFICER PATNA_IDA),85000.0,81782.0,2025-12-24T00:00:00.000Z,2025-07-22T00:00:00.000Z,True,Bihar,Rajya Sabha,192275,255353,False
179358,samudayik bhawan,Normal/Others,BHOJRAJ NAG,KANKER,BALOD(Collector Balod_IDA),700000.0,693300.0,2025-03-06T00:00:00.000Z,2026-02-27T00:00:00.000Z,True,Chhattisgarh,Lok Sabha,179358,179361,False
187283,Construction of CC Road,Normal/Others,BIBHU PRASAD TARAI,JAGATSINGHPUR,JAGATSINGHAPUR(DISTRICT COLLECTOR JAGATSINGHPUR_IDA),150000.0,200000.0,2025-04-09T00:00:00.000Z,2025-12-01T00:00:00.000Z,False,Odisha,Lok Sabha,187283,190267,False
153099,Letter as per attached.,Normal/Others,Shri Brij Lal (2020-26),Sitting Rajya Sabha,LUCKNOW(DISTRICT MAGISTRAE LUCKNOW_IDA),780000.0,244561.0,2024-10-16T00:00:00.000Z,2026-01-18T00:00:00.000Z,True,Uttar Pradesh,Rajya Sabha,153099,147607,False
158085,"Establishment of Mineral Water Plants in Nandikotkur Municipality

Scope of Work:
The project involves the establishment and operationalization of 04 mineral water plants across four designated wards in Nandikotkur Municipality, located within Nandikotkur Mandal. The primary objective of these plants is to provide access to clean and safe drinking water for the residents in the respective areas.

Location Details:

Ward 23

Ward 16

Ward 20

Ward 12


Estimated Cost:
The total estimated cost for",Normal/Others,DR BYREDDY SHABARI,NANDYAL,Nandyal(DISTRICT COLLECTOR NANDYAL_IDA),500000.0,494221.0,2024-12-11T00:00:00.000Z,2025-12-04T00:00:00.000Z,True,Andhra Pradesh,Lok Sabha,158085,158087,False
158792,"Repairs to the sluice of Appala Reddy Cheruvu in Palakolanu Village, Orvakal Mandal. The proposed work includes restoration and strengthening of the sluice structure to ensure proper water flow management, prevent leakage, and enhance the irrigation potential of the tank, benefiting the local agricultural community.",Repair and Renovation,DR BYREDDY SHABARI,NANDYAL,KURNOOL(DISTRICT COLLECTOR KURNOOL_IDA),500000.0,499988.0,2024-12-15T00:00:00.000Z,2026-08-15T00:00:00.000Z,True,Andhra Pradesh,Lok Sabha,158792,962,True
210473,"Construction of community Hall at Bolamaranahalli Village, Anegola Grama Panchayath, Kikkeri Hobli, Krishnarajpet Taluk, Mandya District, Karnataka State.",Normal/Others,DR C N MANJUNATH,BANGALORE RURAL,MANDYA(DEPUTY COMMISSIONER MANDYA_IDA),490000.0,490000.0,2025-06-19T00:00:00.000Z,2026-08-10T00:00:00.000Z,True,Karnataka,Lok Sabha,210473,1377,True
212960,"Providing of RCC Drain near apartment (RTPP Main road), in Potladurthy village of Yerraguntla Mandal.",Normal/Others,C.M.RAMESH,ANAKAPALLE,Y.S.R. Kadapa(DISTRICT COLLECTOR CUDDAPAH_IDA),998255.0,998255.0,2025-06-27T00:00:00.000Z,2025-10-18T00:00:00.000Z,True,Andhra Pradesh,Lok Sabha,212960,1403,True
197316,Urgent repairs to Kamalapuram - Potladurthi road from KM 18-110 - 18-200 near Potladurthi Village of Yerraguntla Mandal in YSR Kadapa District,Repair and Renovation,C.M.RAMESH,ANAKAPALLE,Y.S.R. Kadapa(DISTRICT COLLECTOR CUDDAPAH_IDA),2480752.0,2480752.0,2025-05-07T00:00:00.000Z,2025-10-15T00:00:00.000Z,True,Andhra Pradesh,Lok Sabha,197316,1294,True
214862,HIGH MAST LIGHT WITH FOUR LED RECOMMENDED IN MY CONSTITUENCY NAGINA BY IMPLEMNETING AGENCY PCCD BIJNORE,Normal/Others,CHANDRA SHEKHAR,NAGINA,BIJNOR(DISTRICT MAGISTRATE BIJNOR_IDA),106900.0,106850.0,2025-07-05T00:00:00.000Z,2025-12-17T00:00:00.000Z,True,Uttar Pradesh,Lok Sabha,214862,215223,False
214863,HIGH MAST LIGHT WITH FOUR LED RECOMMENDED IN MY CONSTITUENCY NAGINA BY IMPLEMNETING AGENCY PCCD BIJNORE,Normal/Others,CHANDRA SHEKHAR,NAGINA,BIJNOR(DISTRICT MAGISTRATE BIJNOR_IDA),106900.0,106850.0,2025-07-05T00:00:00.000Z,2025-12-17T00:00:00.000Z,True,Uttar Pradesh,Lok Sabha,214863,215261,False
214864,HIGH MAST LIGHT WITH FOUR LED RECOMMENDED IN MY CONSTITUENCY NAGINA BY IMPLEMNETING AGENCY PCCD BIJNORE,Normal/Others,CHANDRA SHEKHAR,NAGINA,BIJNOR(DISTRICT MAGISTRATE BIJNOR_IDA),106900.0,106850.0,2025-07-05T00:00:00.000Z,2025-12-17T00:00:00.000Z,True,Uttar Pradesh,Lok Sabha,214864,215262,False
214865,HIGH MAST LIGHT WITH FOUR LED RECOMMENDED IN MY CONSTITUENCY NAGINA BY IMPLEMNETING AGENCY PCCD BIJNORE,Normal/Others,CHANDRA SHEKHAR,NAGINA,BIJNOR(DISTRICT MAGISTRATE BIJNOR_IDA),106900.0,106850.0,2025-12-01T00:00:00.000Z,2025-12-17T00:00:00.000Z,True,Uttar Pradesh,Lok Sabha,214865,251592,False
214866,HIGH MAST LIGHT WITH FOUR LED RECOMMENDED IN MY CONSTITUENCY NAGINA BY IMPLEMNETING AGENCY PCCD BIJNORE,Normal/Others,CHANDRA SHEKHAR,NAGINA,BIJNOR(DISTRICT MAGISTRATE BIJNOR_IDA),106900.0,106850.0,2025-12-01T00:00:00.000Z,2025-12-17T00:00:00.000Z,True,Uttar Pradesh,Lok Sabha,214866,251593,False
214867,HIGH MAST LIGHT WITH FOUR LED RECOMMENDED IN MY CONSTITUENCY NAGINA BY IMPLEMNETING AGENCY PCCD BIJNORE,Normal/Others,CHANDRA SHEKHAR,NAGINA,BIJNOR(DISTRICT MAGISTRATE BIJNOR_IDA),106900.0,106850.0,2025-12-01T00:00:00.000Z,2025-12-17T00:00:00.000Z,True,Uttar Pradesh,Lok Sabha,214867,251594,False
214868,HIGH MAST LIGHT WITH FOUR LED RECOMMENDED IN MY CONSTITUENCY NAGINA BY IMPLEMNETING AGENCY PCCD BIJNORE,Normal/Others,CHANDRA SHEKHAR,NAGINA,BIJNOR(DISTRICT MAGISTRATE BIJNOR_IDA),106900.0,106850.0,2025-12-01T00:00:00.000Z,2025-12-17T00:00:00.000Z,True,Uttar Pradesh,Lok Sabha,214868,251595,False
214869,HIGH MAST LIGHT WITH FOUR LED RECOMMENDED IN MY CONSTITUENCY NAGINA BY IMPLEMNETING AGENCY PCCD BIJNORE,Normal/Others,CHANDRA SHEKHAR,NAGINA,BIJNOR(DISTRICT MAGISTRATE BIJNOR_IDA),106900.0,106850.0,2025-12-01T00:00:00.000Z,2025-12-17T00:00:00.000Z,True,Uttar Pradesh,Lok Sabha,214869,251596,False
214870,HIGH MAST LIGHT WITH FOUR LED RECOMMENDED IN MY CONSTITUENCY NAGINA BY IMPLEMNETING AGENCY PCCD BIJNORE,Normal/Others,CHANDRA SHEKHAR,NAGINA,BIJNOR(DISTRICT MAGISTRATE BIJNOR_IDA),106900.0,106850.0,2025-12-01T00:00:00.000Z,2025-12-17T00:00:00.000Z,True,Uttar Pradesh,Lok Sabha,214870,251597,False
214871,HIGH MAST LIGHT WITH FOUR LED RECOMMENDED IN MY CONSTITUENCY NAGINA BY IMPLEMNETING AGENCY PCCD BIJNORE,Normal/Others,CHANDRA SHEKHAR,NAGINA,BIJNOR(DISTRICT MAGISTRATE BIJNOR_IDA),106900.0,106850.0,2025-12-01T00:00:00.000Z,2025-12-17T00:00:00.000Z,True,Uttar Pradesh,Lok Sabha,214871,251598,False
214872,HIGH MAST LIGHT WITH FOUR LED RECOMMENDED IN MY CONSTITUENCY NAGINA BY IMPLEMNETING AGENCY PCCD BIJNORE,Normal/Others,CHANDRA SHEKHAR,NAGINA,BIJNOR(DISTRICT MAGISTRATE BIJNOR_IDA),106900.0,106850.0,2025-12-01T00:00:00.000Z,2025-12-17T00:00:00.000Z,True,Uttar Pradesh,Lok Sabha,214872,251599,False
214873,HIGH MAST LIGHT WITH FOUR LED RECOMMENDED IN MY CONSTITUENCY NAGINA BY IMPLEMNETING AGENCY PCCD BIJNORE,Normal/Others,CHANDRA SHEKHAR,NAGINA,BIJNOR(DISTRICT MAGISTRATE BIJNOR_IDA),106900.0,106850.0,2025-12-01T00:00:00.000Z,2025-12-17T00:00:00.000Z,True,Uttar Pradesh,Lok Sabha,214873,251600,False
214874,HIGH MAST LIGHT WITH FOUR LED RECOMMENDED IN MY CONSTITUENCY NAGINA BY IMPLEMNETING AGENCY PCCD BIJNORE,Normal/Others,CHANDRA SHEKHAR,NAGINA,BIJNOR(DISTRICT MAGISTRATE BIJNOR_IDA),106900.0,106850.0,2025-12-01T00:00:00.000Z,2025-12-17T00:00:00.000Z,True,Uttar Pradesh,Lok Sabha,214874,251601,False
214875,HIGH MAST LIGHT WITH FOUR LED RECOMMENDED IN MY CONSTITUENCY NAGINA BY IMPLEMNETING AGENCY PCCD BIJNORE,Normal/Others,CHANDRA SHEKHAR,NAGINA,BIJNOR(DISTRICT MAGISTRATE BIJNOR_IDA),106900.0,106850.0,2025-12-01T00:00:00.000Z,2025-12-17T00:00:00.000Z,True,Uttar Pradesh,Lok Sabha,214875,251602,False
214876,HIGH MAST LIGHT WITH FOUR LED RECOMMENDED IN MY CONSTITUENCY NAGINA BY IMPLEMNETING AGENCY PCCD BIJNORE,Normal/Others,CHANDRA SHEKHAR,NAGINA,BIJNOR(DISTRICT MAGISTRATE BIJNOR_IDA),106900.0,106850.0,2025-12-01T00:00:00.000Z,2025-12-17T00:00:00.000Z,True,Uttar Pradesh,Lok Sabha,214876,251603,False
214877,HIGH MAST LIGHT WITH FOUR LED RECOMMENDED IN MY CONSTITUENCY NAGINA BY IMPLEMNETING AGENCY PCCD BIJNORE,Normal/Others,CHANDRA SHEKHAR,NAGINA,BIJNOR(DISTRICT MAGISTRATE BIJNOR_IDA),106900.0,106850.0,2025-12-01T00:00:00.000Z,2025-12-17T00:00:00.000Z,True,Uttar Pradesh,Lok Sabha,214877,251604,False
214878,HIGH MAST LIGHT WITH FOUR LED RECOMMENDED IN MY CONSTITUENCY NAGINA BY IMPLEMNETING AGENCY PCCD BIJNORE,Normal/Others,CHANDRA SHEKHAR,NAGINA,BIJNOR(DISTRICT MAGISTRATE BIJNOR_IDA),106900.0,106850.0,2025-12-01T00:00:00.000Z,2025-12-17T00:00:00.000Z,True,Uttar Pradesh,Lok Sabha,214878,251605,False
214879,HIGH MAST LIGHT WITH FOUR LED RECOMMENDED IN MY CONSTITUENCY NAGINA BY IMPLEMNETING AGENCY PCCD BIJNORE,Normal/Others,CHANDRA SHEKHAR,NAGINA,BIJNOR(DISTRICT MAGISTRATE BIJNOR_IDA),106900.0,106850.0,2025-12-01T00:00:00.000Z,2025-12-17T00:00:00.000Z,True,Uttar Pradesh,Lok Sabha,214879,251606,False
214880,HIGH MAST LIGHT WITH FOUR LED RECOMMENDED IN MY CONSTITUENCY NAGINA BY IMPLEMNETING AGENCY PCCD BIJNORE,Normal/Others,CHANDRA SHEKHAR,NAGINA,BIJNOR(DISTRICT MAGISTRATE BIJNOR_IDA),106900.0,106850.0,2025-12-01T00:00:00.000Z,2025-12-17T00:00:00.000Z,True,Uttar Pradesh,Lok Sabha,214880,251607,False
214881,HIGH MAST LIGHT WITH FOUR LED RECOMMENDED IN MY CONSTITUENCY NAGINA BY IMPLEMNETING AGENCY PCCD BIJNORE,Normal/Others,CHANDRA SHEKHAR,NAGINA,BIJNOR(DISTRICT MAGISTRATE BIJNOR_IDA),106900.0,106850.0,2025-12-01T00:00:00.000Z,2025-12-17T00:00:00.000Z,True,Uttar Pradesh,Lok Sabha,214881,251608,False
214882,HIGH MAST LIGHT WITH FOUR LED RECOMMENDED IN MY CONSTITUENCY NAGINA BY IMPLEMNETING AGENCY PCCD BIJNORE,Normal/Others,CHANDRA SHEKHAR,NAGINA,BIJNOR(DISTRICT MAGISTRATE BIJNOR_IDA),106900.0,106850.0,2025-12-01T00:00:00.000Z,2025-12-17T00:00:00.000Z,True,Uttar Pradesh,Lok Sabha,214882,251609,False
215085,HIGH MAST LIGHT WITH FOUR LED RECOMMENDED IN MY CONSTITUENCY NAGINA BY IMPLEMNETING AGENCY PCCD BIJNORE,Normal/Others,CHANDRA SHEKHAR,NAGINA,BIJNOR(DISTRICT MAGISTRATE BIJNOR_IDA),106900.0,106850.0,2025-12-01T00:00:00.000Z,2025-12-17T00:00:00.000Z,True,Uttar Pradesh,Lok Sabha,215085,251610,False
215086,HIGH MAST LIGHT WITH FOUR LED RECOMMENDED IN MY CONSTITUENCY NAGINA BY IMPLEMNETING AGENCY PCCD BIJNORE,Normal/Others,CHANDRA SHEKHAR,NAGINA,BIJNOR(DISTRICT MAGISTRATE BIJNOR_IDA),106900.0,106850.0,2025-12-01T00:00:00.000Z,2025-12-17T00:00:00.000Z,True,Uttar Pradesh,Lok Sabha,215086,251611,False
215087,HIGH MAST LIGHT WITH FOUR LED RECOMMENDED IN MY CONSTITUENCY NAGINA BY IMPLEMNETING AGENCY PCCD BIJNORE,Normal/Others,CHANDRA SHEKHAR,NAGINA,BIJNOR(DISTRICT MAGISTRATE BIJNOR_IDA),106900.0,106850.0,2025-12-01T00:00:00.000Z,2025-12-17T00:00:00.000Z,True,Uttar Pradesh,Lok Sabha,215087,251612,False
215088,HIGH MAST LIGHT WITH FOUR LED RECOMMENDED IN MY CONSTITUENCY NAGINA BY IMPLEMNETING AGENCY PCCD BIJNORE,Normal/Others,CHANDRA SHEKHAR,NAGINA,BIJNOR(DISTRICT MAGISTRATE BIJNOR_IDA),106900.0,106850.0,2025-12-01T00:00:00.000Z,2025-12-17T00:00:00.000Z,True,Uttar Pradesh,Lok Sabha,215088,251613,False
215089,HIGH MAST LIGHT WITH FOUR LED RECOMMENDED IN MY CONSTITUENCY NAGINA BY IMPLEMNETING AGENCY PCCD BIJNORE,Normal/Others,CHANDRA SHEKHAR,NAGINA,BIJNOR(DISTRICT MAGISTRATE BIJNOR_IDA),106900.0,106850.0,2025-12-01T00:00:00.000Z,2025-12-17T00:00:00.000Z,True,Uttar Pradesh,Lok Sabha,215089,251614,False
215090,HIGH MAST LIGHT WITH FOUR LED RECOMMENDED IN MY CONSTITUENCY NAGINA BY IMPLEMNETING AGENCY PCCD BIJNORE,Normal/Others,CHANDRA SHEKHAR,NAGINA,BIJNOR(DISTRICT MAGISTRATE BIJNOR_IDA),106900.0,106850.0,2025-12-01T00:00:00.000Z,2025-12-17T00:00:00.000Z,True,Uttar Pradesh,Lok Sabha,215090,251615,False
215091,HIGH MAST LIGHT WITH FOUR LED RECOMMENDED IN MY CONSTITUENCY NAGINA BY IMPLEMNETING AGENCY PCCD BIJNORE,Normal/Others,CHANDRA SHEKHAR,NAGINA,BIJNOR(DISTRICT MAGISTRATE BIJNOR_IDA),106900.0,106850.0,2025-12-01T00:00:00.000Z,2025-12-17T00:00:00.000Z,True,Uttar Pradesh,Lok Sabha,215091,251616,False
215092,HIGH MAST LIGHT WITH FOUR LED RECOMMENDED IN MY CONSTITUENCY NAGINA BY IMPLEMNETING AGENCY PCCD BIJNORE,Normal/Others,CHANDRA SHEKHAR,NAGINA,BIJNOR(DISTRICT MAGISTRATE BIJNOR_IDA),106900.0,106850.0,2025-12-01T00:00:00.000Z,2025-12-17T00:00:00.000Z,True,Uttar Pradesh,Lok Sabha,215092,251617,False
215093,HIGH MAST LIGHT WITH FOUR LED RECOMMENDED IN MY CONSTITUENCY NAGINA BY IMPLEMNETING AGENCY PCCD BIJNORE,Normal/Others,CHANDRA SHEKHAR,NAGINA,BIJNOR(DISTRICT MAGISTRATE BIJNOR_IDA),106900.0,106850.0,2025-12-01T00:00:00.000Z,2025-12-17T00:00:00.000Z,True,Uttar Pradesh,Lok Sabha,215093,251618,False
215094,HIGH MAST LIGHT WITH FOUR LED RECOMMENDED IN MY CONSTITUENCY NAGINA BY IMPLEMNETING AGENCY PCCD BIJNORE,Normal/Others,CHANDRA SHEKHAR,NAGINA,BIJNOR(DISTRICT MAGISTRATE BIJNOR_IDA),106900.0,106850.0,2025-12-01T00:00:00.000Z,2025-12-17T00:00:00.000Z,True,Uttar Pradesh,Lok Sabha,215094,251619,False
215095,HIGH MAST LIGHT WITH FOUR LED RECOMMENDED IN MY CONSTITUENCY NAGINA BY IMPLEMNETING AGENCY PCCD BIJNORE,Normal/Others,CHANDRA SHEKHAR,NAGINA,BIJNOR(DISTRICT MAGISTRATE BIJNOR_IDA),106900.0,106850.0,2025-12-01T00:00:00.000Z,2025-12-17T00:00:00.000Z,True,Uttar Pradesh,Lok Sabha,215095,251620,False
215096,HIGH MAST LIGHT WITH FOUR LED RECOMMENDED IN MY CONSTITUENCY NAGINA BY IMPLEMNETING AGENCY PCCD BIJNORE,Normal/Others,CHANDRA SHEKHAR,NAGINA,BIJNOR(DISTRICT MAGISTRATE BIJNOR_IDA),106900.0,106850.0,2025-12-01T00:00:00.000Z,2025-12-17T00:00:00.000Z,True,Uttar Pradesh,Lok Sabha,215096,251621,False
215097,HIGH MAST LIGHT WITH FOUR LED RECOMMENDED IN MY CONSTITUENCY NAGINA BY IMPLEMNETING AGENCY PCCD BIJNORE,Normal/Others,CHANDRA SHEKHAR,NAGINA,BIJNOR(DISTRICT MAGISTRATE BIJNOR_IDA),106900.0,106850.0,2025-12-01T00:00:00.000Z,2025-12-17T00:00:00.000Z,True,Uttar Pradesh,Lok Sabha,215097,251622,False
215098,HIGH MAST LIGHT WITH FOUR LED RECOMMENDED IN MY CONSTITUENCY NAGINA BY IMPLEMNETING AGENCY PCCD BIJNORE,Normal/Others,CHANDRA SHEKHAR,NAGINA,BIJNOR(DISTRICT MAGISTRATE BIJNOR_IDA),106900.0,106850.0,2025-12-01T00:00:00.000Z,2025-12-17T00:00:00.000Z,True,Uttar Pradesh,Lok Sabha,215098,251627,False
215099,HIGH MAST LIGHT WITH FOUR LED RECOMMENDED IN MY CONSTITUENCY NAGINA BY IMPLEMNETING AGENCY PCCD BIJNORE,Normal/Others,CHANDRA SHEKHAR,NAGINA,BIJNOR(DISTRICT MAGISTRATE BIJNOR_IDA),106900.0,106850.0,2025-12-01T00:00:00.000Z,2025-12-17T00:00:00.000Z,True,Uttar Pradesh,Lok Sabha,215099,251628,False
215100,HIGH MAST LIGHT WITH FOUR LED RECOMMENDED IN MY CONSTITUENCY NAGINA BY IMPLEMNETING AGENCY PCCD BIJNORE,Normal/Others,CHANDRA SHEKHAR,NAGINA,BIJNOR(DISTRICT MAGISTRATE BIJNOR_IDA),106900.0,106850.0,2025-12-01T00:00:00.000Z,2025-12-17T00:00:00.000Z,True,Uttar Pradesh,Lok Sabha,215100,251629,False
215101,HIGH MAST LIGHT WITH FOUR LED RECOMMENDED IN MY CONSTITUENCY NAGINA BY IMPLEMNETING AGENCY PCCD BIJNORE,Normal/Others,CHANDRA SHEKHAR,NAGINA,BIJNOR(DISTRICT MAGISTRATE BIJNOR_IDA),106900.0,106850.0,2025-12-01T00:00:00.000Z,2025-12-17T00:00:00.000Z,True,Uttar Pradesh,Lok Sabha,215101,251630,False
215102,HIGH MAST LIGHT WITH FOUR LED RECOMMENDED IN MY CONSTITUENCY NAGINA BY IMPLEMNETING AGENCY PCCD BIJNORE,Normal/Others,CHANDRA SHEKHAR,NAGINA,BIJNOR(DISTRICT MAGISTRATE BIJNOR_IDA),106900.0,106850.0,2025-12-01T00:00:00.000Z,2025-12-17T00:00:00.000Z,True,Uttar Pradesh,Lok Sabha,215102,251631,False
215103,HIGH MAST LIGHT WITH FOUR LED RECOMMENDED IN MY CONSTITUENCY NAGINA BY IMPLEMNETING AGENCY PCCD BIJNORE,Normal/Others,CHANDRA SHEKHAR,NAGINA,BIJNOR(DISTRICT MAGISTRATE BIJNOR_IDA),106900.0,106850.0,2025-12-01T00:00:00.000Z,2025-12-17T00:00:00.000Z,True,Uttar Pradesh,Lok Sabha,215103,251632,False
215104,HIGH MAST LIGHT WITH FOUR LED RECOMMENDED IN MY CONSTITUENCY NAGINA BY IMPLEMNETING AGENCY PCCD BIJNORE,Normal/Others,CHANDRA SHEKHAR,NAGINA,BIJNOR(DISTRICT MAGISTRATE BIJNOR_IDA),106900.0,106850.0,2025-12-01T00:00:00.000Z,2025-12-17T00:00:00.000Z,True,Uttar Pradesh,Lok Sabha,215104,251633,False
215105,HIGH MAST LIGHT WITH FOUR LED RECOMMENDED IN MY CONSTITUENCY NAGINA BY IMPLEMNETING AGENCY PCCD BIJNORE,Normal/Others,CHANDRA SHEKHAR,NAGINA,BIJNOR(DISTRICT MAGISTRATE BIJNOR_IDA),106900.0,106850.0,2025-12-01T00:00:00.000Z,2025-12-17T00:00:00.000Z,True,Uttar Pradesh,Lok Sabha,215105,251634,False
215106,HIGH MAST LIGHT WITH FOUR LED RECOMMENDED IN MY CONSTITUENCY NAGINA BY IMPLEMNETING AGENCY PCCD BIJNORE,Normal/Others,CHANDRA SHEKHAR,NAGINA,BIJNOR(DISTRICT MAGISTRATE BIJNOR_IDA),106900.0,106850.0,2025-12-01T00:00:00.000Z,2025-12-17T00:00:00.000Z,True,Uttar Pradesh,Lok Sabha,215106,251635,False
215107,HIGH MAST LIGHT WITH FOUR LED RECOMMENDED IN MY CONSTITUENCY NAGINA BY IMPLEMNETING AGENCY PCCD BIJNORE,Normal/Others,CHANDRA SHEKHAR,NAGINA,BIJNOR(DISTRICT MAGISTRATE BIJNOR_IDA),106900.0,106850.0,2025-12-01T00:00:00.000Z,2025-12-17T00:00:00.000Z,True,Uttar Pradesh,Lok Sabha,215107,251636,False
215108,HIGH MAST LIGHT WITH FOUR LED RECOMMENDED IN MY CONSTITUENCY NAGINA BY IMPLEMNETING AGENCY PCCD BIJNORE,Normal/Others,CHANDRA SHEKHAR,NAGINA,BIJNOR(DISTRICT MAGISTRATE BIJNOR_IDA),106900.0,106850.0,2025-12-01T00:00:00.000Z,2025-12-17T00:00:00.000Z,True,Uttar Pradesh,Lok Sabha,215108,251637,False
215109,HIGH MAST LIGHT WITH FOUR LED RECOMMENDED IN MY CONSTITUENCY NAGINA BY IMPLEMNETING AGENCY PCCD BIJNORE,Normal/Others,CHANDRA SHEKHAR,NAGINA,BIJNOR(DISTRICT MAGISTRATE BIJNOR_IDA),106900.0,106850.0,2025-12-01T00:00:00.000Z,2025-12-17T00:00:00.000Z,True,Uttar Pradesh,Lok Sabha,215109,251638,False
215110,HIGH MAST LIGHT WITH FOUR LED RECOMMENDED IN MY CONSTITUENCY NAGINA BY IMPLEMNETING AGENCY PCCD BIJNORE,Normal/Others,CHANDRA SHEKHAR,NAGINA,BIJNOR(DISTRICT MAGISTRATE BIJNOR_IDA),106900.0,106850.0,2025-12-01T00:00:00.000Z,2025-12-17T00:00:00.000Z,True,Uttar Pradesh,Lok Sabha,215110,251639,False
215111,HIGH MAST LIGHT WITH FOUR LED RECOMMENDED IN MY CONSTITUENCY NAGINA BY IMPLEMNETING AGENCY PCCD BIJNORE,Normal/Others,CHANDRA SHEKHAR,NAGINA,BIJNOR(DISTRICT MAGISTRATE BIJNOR_IDA),106900.0,106850.0,2025-12-01T00:00:00.000Z,2025-12-17T00:00:00.000Z,True,Uttar Pradesh,Lok Sabha,215111,251640,False
215112,HIGH MAST LIGHT WITH FOUR LED RECOMMENDED IN MY CONSTITUENCY NAGINA BY IMPLEMNETING AGENCY PCCD BIJNORE,Normal/Others,CHANDRA SHEKHAR,NAGINA,BIJNOR(DISTRICT MAGISTRATE BIJNOR_IDA),106900.0,106850.0,2025-12-01T00:00:00.000Z,2025-12-17T00:00:00.000Z,True,Uttar Pradesh,Lok Sabha,215112,251641,False
215113,HIGH MAST LIGHT WITH FOUR LED RECOMMENDED IN MY CONSTITUENCY NAGINA BY IMPLEMNETING AGENCY PCCD BIJNORE,Normal/Others,CHANDRA SHEKHAR,NAGINA,BIJNOR(DISTRICT MAGISTRATE BIJNOR_IDA),106900.0,106850.0,2025-12-01T00:00:00.000Z,2025-12-17T00:00:00.000Z,True,Uttar Pradesh,Lok Sabha,215113,251642,False
215114,HIGH MAST LIGHT WITH FOUR LED RECOMMENDED IN MY CONSTITUENCY NAGINA BY IMPLEMNETING AGENCY PCCD BIJNORE,Normal/Others,CHANDRA SHEKHAR,NAGINA,BIJNOR(DISTRICT MAGISTRATE BIJNOR_IDA),106900.0,106850.0,2025-12-01T00:00:00.000Z,2025-12-17T00:00:00.000Z,True,Uttar Pradesh,Lok Sabha,215114,251643,False
215115,HIGH MAST LIGHT WITH FOUR LED RECOMMENDED IN MY CONSTITUENCY NAGINA BY IMPLEMNETING AGENCY PCCD BIJNORE,Normal/Others,CHANDRA SHEKHAR,NAGINA,BIJNOR(DISTRICT MAGISTRATE BIJNOR_IDA),106900.0,106850.0,2025-12-01T00:00:00.000Z,2025-12-17T00:00:00.000Z,True,Uttar Pradesh,Lok Sabha,215115,251644,False
215116,HIGH MAST LIGHT WITH FOUR LED RECOMMENDED IN MY CONSTITUENCY NAGINA BY IMPLEMNETING AGENCY PCCD BIJNORE,Normal/Others,CHANDRA SHEKHAR,NAGINA,BIJNOR(DISTRICT MAGISTRATE BIJNOR_IDA),106900.0,106850.0,2025-12-01T00:00:00.000Z,2025-12-17T00:00:00.000Z,True,Uttar Pradesh,Lok Sabha,215116,251645,False
215117,HIGH MAST LIGHT WITH FOUR LED RECOMMENDED IN MY CONSTITUENCY NAGINA BY IMPLEMNETING AGENCY PCCD BIJNORE,Normal/Others,CHANDRA SHEKHAR,NAGINA,BIJNOR(DISTRICT MAGISTRATE BIJNOR_IDA),106900.0,106850.0,2025-12-01T00:00:00.000Z,2025-12-17T00:00:00.000Z,True,Uttar Pradesh,Lok Sabha,215117,251646,False
215118,HIGH MAST LIGHT WITH FOUR LED RECOMMENDED IN MY CONSTITUENCY NAGINA BY IMPLEMNETING AGENCY PCCD BIJNORE,Normal/Others,CHANDRA SHEKHAR,NAGINA,BIJNOR(DISTRICT MAGISTRATE BIJNOR_IDA),106900.0,106850.0,2025-12-01T00:00:00.000Z,2025-12-17T00:00:00.000Z,True,Uttar Pradesh,Lok Sabha,215118,251647,False
215191,HIGH MAST LIGHT WITH FOUR LED RECOMMENDED IN MY CONSTITUENCY NAGINA BY IMPLEMNETING AGENCY PCCD BIJNORE,Normal/Others,CHANDRA SHEKHAR,NAGINA,BIJNOR(DISTRICT MAGISTRATE BIJNOR_IDA),106900.0,106850.0,2025-12-01T00:00:00.000Z,2025-12-18T00:00:00.000Z,True,Uttar Pradesh,Lok Sabha,215191,251655,False
215192,HIGH MAST LIGHT WITH FOUR LED RECOMMENDED IN MY CONSTITUENCY NAGINA BY IMPLEMNETING AGENCY PCCD BIJNORE,Normal/Others,CHANDRA SHEKHAR,NAGINA,BIJNOR(DISTRICT MAGISTRATE BIJNOR_IDA),106900.0,106850.0,2025-12-01T00:00:00.000Z,2025-12-18T00:00:00.000Z,True,Uttar Pradesh,Lok Sabha,215192,251656,False
215193,HIGH MAST LIGHT WITH FOUR LED RECOMMENDED IN MY CONSTITUENCY NAGINA BY IMPLEMNETING AGENCY PCCD BIJNORE,Normal/Others,CHANDRA SHEKHAR,NAGINA,BIJNOR(DISTRICT MAGISTRATE BIJNOR_IDA),106900.0,106850.0,2025-12-01T00:00:00.000Z,2025-12-18T00:00:00.000Z,True,Uttar Pradesh,Lok Sabha,215193,251657,False
215194,HIGH MAST LIGHT WITH FOUR LED RECOMMENDED IN MY CONSTITUENCY NAGINA BY IMPLEMNETING AGENCY PCCD BIJNORE,Normal/Others,CHANDRA SHEKHAR,NAGINA,BIJNOR(DISTRICT MAGISTRATE BIJNOR_IDA),106900.0,106850.0,2025-12-01T00:00:00.000Z,2025-12-18T00:00:00.000Z,True,Uttar Pradesh,Lok Sabha,215194,251658,False
215195,HIGH MAST LIGHT WITH FOUR LED RECOMMENDED IN MY CONSTITUENCY NAGINA BY IMPLEMNETING AGENCY PCCD BIJNORE,Normal/Others,CHANDRA SHEKHAR,NAGINA,BIJNOR(DISTRICT MAGISTRATE BIJNOR_IDA),106900.0,106850.0,2025-12-01T00:00:00.000Z,2025-12-18T00:00:00.000Z,True,Uttar Pradesh,Lok Sabha,215195,251659,False
215196,HIGH MAST LIGHT WITH FOUR LED RECOMMENDED IN MY CONSTITUENCY NAGINA BY IMPLEMNETING AGENCY PCCD BIJNORE,Normal/Others,CHANDRA SHEKHAR,NAGINA,BIJNOR(DISTRICT MAGISTRATE BIJNOR_IDA),106900.0,106850.0,2025-12-01T00:00:00.000Z,2025-12-18T00:00:00.000Z,True,Uttar Pradesh,Lok Sabha,215196,251660,False
215197,HIGH MAST LIGHT WITH FOUR LED RECOMMENDED IN MY CONSTITUENCY NAGINA BY IMPLEMNETING AGENCY PCCD BIJNORE,Normal/Others,CHANDRA SHEKHAR,NAGINA,BIJNOR(DISTRICT MAGISTRATE BIJNOR_IDA),106900.0,106850.0,2025-12-01T00:00:00.000Z,2025-12-18T00:00:00.000Z,True,Uttar Pradesh,Lok Sabha,215197,251661,False
215198,HIGH MAST LIGHT WITH FOUR LED RECOMMENDED IN MY CONSTITUENCY NAGINA BY IMPLEMNETING AGENCY PCCD BIJNORE,Normal/Others,CHANDRA SHEKHAR,NAGINA,BIJNOR(DISTRICT MAGISTRATE BIJNOR_IDA),106900.0,106850.0,2025-12-01T00:00:00.000Z,2025-12-18T00:00:00.000Z,True,Uttar Pradesh,Lok Sabha,215198,251662,False
215199,HIGH MAST LIGHT WITH FOUR LED RECOMMENDED IN MY CONSTITUENCY NAGINA BY IMPLEMNETING AGENCY PCCD BIJNORE,Normal/Others,CHANDRA SHEKHAR,NAGINA,BIJNOR(DISTRICT MAGISTRATE BIJNOR_IDA),106900.0,106850.0,2025-12-01T00:00:00.000Z,2025-12-18T00:00:00.000Z,True,Uttar Pradesh,Lok Sabha,215199,251663,False
215200,HIGH MAST LIGHT WITH FOUR LED RECOMMENDED IN MY CONSTITUENCY NAGINA BY IMPLEMNETING AGENCY PCCD BIJNORE,Normal/Others,CHANDRA SHEKHAR,NAGINA,BIJNOR(DISTRICT MAGISTRATE BIJNOR_IDA),106900.0,106850.0,2025-12-01T00:00:00.000Z,2025-12-18T00:00:00.000Z,True,Uttar Pradesh,Lok Sabha,215200,251664,False
215201,HIGH MAST LIGHT WITH FOUR LED RECOMMENDED IN MY CONSTITUENCY NAGINA BY IMPLEMNETING AGENCY PCCD BIJNORE,Normal/Others,CHANDRA SHEKHAR,NAGINA,BIJNOR(DISTRICT MAGISTRATE BIJNOR_IDA),106900.0,106850.0,2025-12-01T00:00:00.000Z,2025-12-18T00:00:00.000Z,True,Uttar Pradesh,Lok Sabha,215201,251665,False
215202,HIGH MAST LIGHT WITH FOUR LED RECOMMENDED IN MY CONSTITUENCY NAGINA BY IMPLEMNETING AGENCY PCCD BIJNORE,Normal/Others,CHANDRA SHEKHAR,NAGINA,BIJNOR(DISTRICT MAGISTRATE BIJNOR_IDA),106900.0,106850.0,2025-12-01T00:00:00.000Z,2025-12-18T00:00:00.000Z,True,Uttar Pradesh,Lok Sabha,215202,251666,False
215203,HIGH MAST LIGHT WITH FOUR LED RECOMMENDED IN MY CONSTITUENCY NAGINA BY IMPLEMNETING AGENCY PCCD BIJNORE,Normal/Others,CHANDRA SHEKHAR,NAGINA,BIJNOR(DISTRICT MAGISTRATE BIJNOR_IDA),106900.0,106850.0,2025-12-01T00:00:00.000Z,2025-12-18T00:00:00.000Z,True,Uttar Pradesh,Lok Sabha,215203,251667,False
215204,HIGH MAST LIGHT WITH FOUR LED RECOMMENDED IN MY CONSTITUENCY NAGINA BY IMPLEMNETING AGENCY PCCD BIJNORE,Normal/Others,CHANDRA SHEKHAR,NAGINA,BIJNOR(DISTRICT MAGISTRATE BIJNOR_IDA),106900.0,106850.0,2025-12-01T00:00:00.000Z,2025-12-18T00:00:00.000Z,True,Uttar Pradesh,Lok Sabha,215204,251668,False
215205,HIGH MAST LIGHT WITH FOUR LED RECOMMENDED IN MY CONSTITUENCY NAGINA BY IMPLEMNETING AGENCY PCCD BIJNORE,Normal/Others,CHANDRA SHEKHAR,NAGINA,BIJNOR(DISTRICT MAGISTRATE BIJNOR_IDA),106900.0,106850.0,2025-12-01T00:00:00.000Z,2025-12-18T00:00:00.000Z,True,Uttar Pradesh,Lok Sabha,215205,251669,False
215206,HIGH MAST LIGHT WITH FOUR LED RECOMMENDED IN MY CONSTITUENCY NAGINA BY IMPLEMNETING AGENCY PCCD BIJNORE,Normal/Others,CHANDRA SHEKHAR,NAGINA,BIJNOR(DISTRICT MAGISTRATE BIJNOR_IDA),106900.0,106850.0,2025-12-01T00:00:00.000Z,2025-12-18T00:00:00.000Z,True,Uttar Pradesh,Lok Sabha,215206,251670,False
215207,HIGH MAST LIGHT WITH FOUR LED RECOMMENDED IN MY CONSTITUENCY NAGINA BY IMPLEMNETING AGENCY PCCD BIJNORE,Normal/Others,CHANDRA SHEKHAR,NAGINA,BIJNOR(DISTRICT MAGISTRATE BIJNOR_IDA),106900.0,106850.0,2025-12-01T00:00:00.000Z,2025-12-18T00:00:00.000Z,True,Uttar Pradesh,Lok Sabha,215207,251671,False
215208,HIGH MAST LIGHT WITH FOUR LED RECOMMENDED IN MY CONSTITUENCY NAGINA BY IMPLEMNETING AGENCY PCCD BIJNORE,Normal/Others,CHANDRA SHEKHAR,NAGINA,BIJNOR(DISTRICT MAGISTRATE BIJNOR_IDA),106900.0,106850.0,2025-12-01T00:00:00.000Z,2025-12-18T00:00:00.000Z,True,Uttar Pradesh,Lok Sabha,215208,251672,False
215210,HIGH MAST LIGHT WITH FOUR LED RECOMMENDED IN MY CONSTITUENCY NAGINA BY IMPLEMNETING AGENCY PCCD BIJNORE,Normal/Others,CHANDRA SHEKHAR,NAGINA,BIJNOR(DISTRICT MAGISTRATE BIJNOR_IDA),106900.0,106850.0,2025-12-01T00:00:00.000Z,2025-12-18T00:00:00.000Z,True,Uttar Pradesh,Lok Sabha,215210,251673,False
215213,HIGH MAST LIGHT WITH FOUR LED RECOMMENDED IN MY CONSTITUENCY NAGINA BY IMPLEMNETING AGENCY PCCD BIJNORE,Normal/Others,CHANDRA SHEKHAR,NAGINA,BIJNOR(DISTRICT MAGISTRATE BIJNOR_IDA),106900.0,106850.0,2025-12-01T00:00:00.000Z,2025-12-18T00:00:00.000Z,True,Uttar Pradesh,Lok Sabha,215213,251674,False
215214,HIGH MAST LIGHT WITH FOUR LED RECOMMENDED IN MY CONSTITUENCY NAGINA BY IMPLEMNETING AGENCY PCCD BIJNORE,Normal/Others,CHANDRA SHEKHAR,NAGINA,BIJNOR(DISTRICT MAGISTRATE BIJNOR_IDA),106900.0,106850.0,2025-12-01T00:00:00.000Z,2025-12-18T00:00:00.000Z,True,Uttar Pradesh,Lok Sabha,215214,251675,False
215215,HIGH MAST LIGHT WITH FOUR LED RECOMMENDED IN MY CONSTITUENCY NAGINA BY IMPLEMNETING AGENCY PCCD BIJNORE,Normal/Others,CHANDRA SHEKHAR,NAGINA,BIJNOR(DISTRICT MAGISTRATE BIJNOR_IDA),106900.0,106850.0,2025-12-01T00:00:00.000Z,2025-12-18T00:00:00.000Z,True,Uttar Pradesh,Lok Sabha,215215,251676,False
215216,HIGH MAST LIGHT WITH FOUR LED RECOMMENDED IN MY CONSTITUENCY NAGINA BY IMPLEMNETING AGENCY PCCD BIJNORE,Normal/Others,CHANDRA SHEKHAR,NAGINA,BIJNOR(DISTRICT MAGISTRATE BIJNOR_IDA),106900.0,106850.0,2025-12-01T00:00:00.000Z,2025-12-18T00:00:00.000Z,True,Uttar Pradesh,Lok Sabha,215216,251677,False
215217,HIGH MAST LIGHT WITH FOUR LED RECOMMENDED IN MY CONSTITUENCY NAGINA BY IMPLEMNETING AGENCY PCCD BIJNORE,Normal/Others,CHANDRA SHEKHAR,NAGINA,BIJNOR(DISTRICT MAGISTRATE BIJNOR_IDA),106900.0,106850.0,2025-12-01T00:00:00.000Z,2025-12-18T00:00:00.000Z,True,Uttar Pradesh,Lok Sabha,215217,251678,False
215211,HIGH MAST LIGHT WITH FOUR LED RECOMMENDED IN MY CONSTITUENCY NAGINA BY IMPLEMNETING AGENCY PCCD BIJNORE,Normal/Others,CHANDRA SHEKHAR,NAGINA,BIJNOR(DISTRICT MAGISTRATE BIJNOR_IDA),106900.0,106850.0,2025-12-01T00:00:00.000Z,2026-01-05T00:00:00.000Z,True,Uttar Pradesh,Lok Sabha,215211,251679,False
215212,HIGH MAST LIGHT WITH FOUR LED RECOMMENDED IN MY CONSTITUENCY NAGINA BY IMPLEMNETING AGENCY PCCD BIJNORE,Normal/Others,CHANDRA SHEKHAR,NAGINA,BIJNOR(DISTRICT MAGISTRATE BIJNOR_IDA),106900.0,106850.0,2025-12-01T00:00:00.000Z,2026-01-05T00:00:00.000Z,True,Uttar Pradesh,Lok Sabha,215212,251680,False
215218,HIGH MAST LIGHT WITH FOUR LED RECOMMENDED IN MY CONSTITUENCY NAGINA BY IMPLEMNETING AGENCY PCCD BIJNORE,Normal/Others,CHANDRA SHEKHAR,NAGINA,BIJNOR(DISTRICT MAGISTRATE BIJNOR_IDA),106900.0,106850.0,2025-12-01T00:00:00.000Z,2026-01-05T00:00:00.000Z,True,Uttar Pradesh,Lok Sabha,215218,251687,False
215219,HIGH MAST LIGHT WITH FOUR LED RECOMMENDED IN MY CONSTITUENCY NAGINA BY IMPLEMNETING AGENCY PCCD BIJNORE,Normal/Others,CHANDRA SHEKHAR,NAGINA,BIJNOR(DISTRICT MAGISTRATE BIJNOR_IDA),106900.0,106850.0,2025-12-01T00:00:00.000Z,2026-01-05T00:00:00.000Z,True,Uttar Pradesh,Lok Sabha,215219,251688,False
215220,HIGH MAST LIGHT WITH FOUR LED RECOMMENDED IN MY CONSTITUENCY NAGINA BY IMPLEMNETING AGENCY PCCD BIJNORE,Normal/Others,CHANDRA SHEKHAR,NAGINA,BIJNOR(DISTRICT MAGISTRATE BIJNOR_IDA),106900.0,106850.0,2025-12-01T00:00:00.000Z,2026-01-05T00:00:00.000Z,True,Uttar Pradesh,Lok Sabha,215220,251689,False
215221,HIGH MAST LIGHT WITH FOUR LED RECOMMENDED IN MY CONSTITUENCY NAGINA BY IMPLEMNETING AGENCY PCCD BIJNORE,Normal/Others,CHANDRA SHEKHAR,NAGINA,BIJNOR(DISTRICT MAGISTRATE BIJNOR_IDA),106900.0,106850.0,2025-12-01T00:00:00.000Z,2026-01-05T00:00:00.000Z,True,Uttar Pradesh,Lok Sabha,215221,251690,False
215222,HIGH MAST LIGHT WITH FOUR LED RECOMMENDED IN MY CONSTITUENCY NAGINA BY IMPLEMNETING AGENCY PCCD BIJNORE,Normal/Others,CHANDRA SHEKHAR,NAGINA,BIJNOR(DISTRICT MAGISTRATE BIJNOR_IDA),106900.0,106850.0,2025-12-01T00:00:00.000Z,2026-01-05T00:00:00.000Z,True,Uttar Pradesh,Lok Sabha,215222,251691,False
215224,HIGH MAST LIGHT WITH FOUR LED RECOMMENDED IN MY CONSTITUENCY NAGINA BY IMPLEMNETING AGENCY PCCD BIJNORE,Normal/Others,CHANDRA SHEKHAR,NAGINA,BIJNOR(DISTRICT MAGISTRATE BIJNOR_IDA),106900.0,106850.0,2025-12-01T00:00:00.000Z,2026-01-05T00:00:00.000Z,True,Uttar Pradesh,Lok Sabha,215224,251692,False
215225,HIGH MAST LIGHT WITH FOUR LED RECOMMENDED IN MY CONSTITUENCY NAGINA BY IMPLEMNETING AGENCY PCCD BIJNORE,Normal/Others,CHANDRA SHEKHAR,NAGINA,BIJNOR(DISTRICT MAGISTRATE BIJNOR_IDA),106900.0,106850.0,2025-12-01T00:00:00.000Z,2026-01-05T00:00:00.000Z,True,Uttar Pradesh,Lok Sabha,215225,251693,False
215226,HIGH MAST LIGHT WITH FOUR LED RECOMMENDED IN MY CONSTITUENCY NAGINA BY IMPLEMNETING AGENCY PCCD BIJNORE,Normal/Others,CHANDRA SHEKHAR,NAGINA,BIJNOR(DISTRICT MAGISTRATE BIJNOR_IDA),106900.0,106850.0,2025-12-01T00:00:00.000Z,2026-01-05T00:00:00.000Z,True,Uttar Pradesh,Lok Sabha,215226,251694,False
215231,HIGH MAST LIGHT WITH FOUR LED RECOMMENDED IN MY CONSTITUENCY NAGINA BY IMPLEMNETING AGENCY PCCD BIJNORE,Normal/Others,CHANDRA SHEKHAR,NAGINA,BIJNOR(DISTRICT MAGISTRATE BIJNOR_IDA),106900.0,106850.0,2025-12-01T00:00:00.000Z,2026-01-05T00:00:00.000Z,True,Uttar Pradesh,Lok Sabha,215231,251695,False
215232,HIGH MAST LIGHT WITH FOUR LED RECOMMENDED IN MY CONSTITUENCY NAGINA BY IMPLEMNETING AGENCY PCCD BIJNORE,Normal/Others,CHANDRA SHEKHAR,NAGINA,BIJNOR(DISTRICT MAGISTRATE BIJNOR_IDA),106900.0,106850.0,2025-12-01T00:00:00.000Z,2026-01-05T00:00:00.000Z,True,Uttar Pradesh,Lok Sabha,215232,251696,False
215233,HIGH MAST LIGHT WITH FOUR LED RECOMMENDED IN MY CONSTITUENCY NAGINA BY IMPLEMNETING AGENCY PCCD BIJNORE,Normal/Others,CHANDRA SHEKHAR,NAGINA,BIJNOR(DISTRICT MAGISTRATE BIJNOR_IDA),106900.0,106850.0,2025-12-01T00:00:00.000Z,2026-01-05T00:00:00.000Z,True,Uttar Pradesh,Lok Sabha,215233,251697,False
215234,HIGH MAST LIGHT WITH FOUR LED RECOMMENDED IN MY CONSTITUENCY NAGINA BY IMPLEMNETING AGENCY PCCD BIJNORE,Normal/Others,CHANDRA SHEKHAR,NAGINA,BIJNOR(DISTRICT MAGISTRATE BIJNOR_IDA),106900.0,106850.0,2025-12-01T00:00:00.000Z,2026-01-05T00:00:00.000Z,True,Uttar Pradesh,Lok Sabha,215234,251698,False
215235,HIGH MAST LIGHT WITH FOUR LED RECOMMENDED IN MY CONSTITUENCY NAGINA BY IMPLEMNETING AGENCY PCCD BIJNORE,Normal/Others,CHANDRA SHEKHAR,NAGINA,BIJNOR(DISTRICT MAGISTRATE BIJNOR_IDA),106900.0,106850.0,2025-12-01T00:00:00.000Z,2026-01-05T00:00:00.000Z,True,Uttar Pradesh,Lok Sabha,215235,251699,False
215236,HIGH MAST LIGHT WITH FOUR LED RECOMMENDED IN MY CONSTITUENCY NAGINA BY IMPLEMNETING AGENCY PCCD BIJNORE,Normal/Others,CHANDRA SHEKHAR,NAGINA,BIJNOR(DISTRICT MAGISTRATE BIJNOR_IDA),106900.0,106850.0,2025-12-01T00:00:00.000Z,2026-01-05T00:00:00.000Z,True,Uttar Pradesh,Lok Sabha,215236,251700,False
215237,HIGH MAST LIGHT WITH FOUR LED RECOMMENDED IN MY CONSTITUENCY NAGINA BY IMPLEMNETING AGENCY PCCD BIJNORE,Normal/Others,CHANDRA SHEKHAR,NAGINA,BIJNOR(DISTRICT MAGISTRATE BIJNOR_IDA),106900.0,106850.0,2025-12-01T00:00:00.000Z,2026-01-05T00:00:00.000Z,True,Uttar Pradesh,Lok Sabha,215237,251701,False
215238,HIGH MAST LIGHT WITH FOUR LED RECOMMENDED IN MY CONSTITUENCY NAGINA BY IMPLEMNETING AGENCY PCCD BIJNORE,Normal/Others,CHANDRA SHEKHAR,NAGINA,BIJNOR(DISTRICT MAGISTRATE BIJNOR_IDA),106900.0,106850.0,2025-12-01T00:00:00.000Z,2026-01-05T00:00:00.000Z,True,Uttar Pradesh,Lok Sabha,215238,251702,False
215239,HIGH MAST LIGHT WITH FOUR LED RECOMMENDED IN MY CONSTITUENCY NAGINA BY IMPLEMNETING AGENCY PCCD BIJNORE,Normal/Others,CHANDRA SHEKHAR,NAGINA,BIJNOR(DISTRICT MAGISTRATE BIJNOR_IDA),106900.0,106850.0,2025-12-01T00:00:00.000Z,2026-01-05T00:00:00.000Z,True,Uttar Pradesh,Lok Sabha,215239,251703,False
215240,HIGH MAST LIGHT WITH FOUR LED RECOMMENDED IN MY CONSTITUENCY NAGINA BY IMPLEMNETING AGENCY PCCD BIJNORE,Normal/Others,CHANDRA SHEKHAR,NAGINA,BIJNOR(DISTRICT MAGISTRATE BIJNOR_IDA),106900.0,106850.0,2025-12-01T00:00:00.000Z,2026-01-05T00:00:00.000Z,True,Uttar Pradesh,Lok Sabha,215240,251704,False
215241,HIGH MAST LIGHT WITH FOUR LED RECOMMENDED IN MY CONSTITUENCY NAGINA BY IMPLEMNETING AGENCY PCCD BIJNORE,Normal/Others,CHANDRA SHEKHAR,NAGINA,BIJNOR(DISTRICT MAGISTRATE BIJNOR_IDA),106900.0,106850.0,2025-12-01T00:00:00.000Z,2026-01-05T00:00:00.000Z,True,Uttar Pradesh,Lok Sabha,215241,251705,False
215242,HIGH MAST LIGHT WITH FOUR LED RECOMMENDED IN MY CONSTITUENCY NAGINA BY IMPLEMNETING AGENCY PCCD BIJNORE,Normal/Others,CHANDRA SHEKHAR,NAGINA,BIJNOR(DISTRICT MAGISTRATE BIJNOR_IDA),106900.0,106850.0,2025-12-01T00:00:00.000Z,2026-01-05T00:00:00.000Z,True,Uttar Pradesh,Lok Sabha,215242,251706,False
215243,HIGH MAST LIGHT WITH FOUR LED RECOMMENDED IN MY CONSTITUENCY NAGINA BY IMPLEMNETING AGENCY PCCD BIJNORE,Normal/Others,CHANDRA SHEKHAR,NAGINA,BIJNOR(DISTRICT MAGISTRATE BIJNOR_IDA),106900.0,106850.0,2025-12-01T00:00:00.000Z,2026-01-05T00:00:00.000Z,True,Uttar Pradesh,Lok Sabha,215243,251707,False
215246,HIGH MAST LIGHT WITH FOUR LED RECOMMENDED IN MY CONSTITUENCY NAGINA BY IMPLEMNETING AGENCY PCCD BIJNORE,Normal/Others,CHANDRA SHEKHAR,NAGINA,BIJNOR(DISTRICT MAGISTRATE BIJNOR_IDA),106900.0,106850.0,2025-12-01T00:00:00.000Z,2026-01-05T00:00:00.000Z,True,Uttar Pradesh,Lok Sabha,215246,251708,False
215247,HIGH MAST LIGHT WITH FOUR LED RECOMMENDED IN MY CONSTITUENCY NAGINA BY IMPLEMNETING AGENCY PCCD BIJNORE,Normal/Others,CHANDRA SHEKHAR,NAGINA,BIJNOR(DISTRICT MAGISTRATE BIJNOR_IDA),106900.0,106850.0,2025-12-01T00:00:00.000Z,2026-01-05T00:00:00.000Z,True,Uttar Pradesh,Lok Sabha,215247,251709,False
215248,HIGH MAST LIGHT WITH FOUR LED RECOMMENDED IN MY CONSTITUENCY NAGINA BY IMPLEMNETING AGENCY PCCD BIJNORE,Normal/Others,CHANDRA SHEKHAR,NAGINA,BIJNOR(DISTRICT MAGISTRATE BIJNOR_IDA),106900.0,106850.0,2025-12-01T00:00:00.000Z,2026-01-05T00:00:00.000Z,True,Uttar Pradesh,Lok Sabha,215248,251710,False
215249,HIGH MAST LIGHT WITH FOUR LED RECOMMENDED IN MY CONSTITUENCY NAGINA BY IMPLEMNETING AGENCY PCCD BIJNORE,Normal/Others,CHANDRA SHEKHAR,NAGINA,BIJNOR(DISTRICT MAGISTRATE BIJNOR_IDA),106900.0,106850.0,2025-12-01T00:00:00.000Z,2026-01-05T00:00:00.000Z,True,Uttar Pradesh,Lok Sabha,215249,251711,False
215250,HIGH MAST LIGHT WITH FOUR LED RECOMMENDED IN MY CONSTITUENCY NAGINA BY IMPLEMNETING AGENCY PCCD BIJNORE,Normal/Others,CHANDRA SHEKHAR,NAGINA,BIJNOR(DISTRICT MAGISTRATE BIJNOR_IDA),106900.0,106850.0,2025-12-01T00:00:00.000Z,2026-01-05T00:00:00.000Z,True,Uttar Pradesh,Lok Sabha,215250,251729,False
215251,HIGH MAST LIGHT WITH FOUR LED RECOMMENDED IN MY CONSTITUENCY NAGINA BY IMPLEMNETING AGENCY PCCD BIJNORE,Normal/Others,CHANDRA SHEKHAR,NAGINA,BIJNOR(DISTRICT MAGISTRATE BIJNOR_IDA),106900.0,106850.0,2025-12-01T00:00:00.000Z,2026-01-05T00:00:00.000Z,True,Uttar Pradesh,Lok Sabha,215251,251730,False
215252,HIGH MAST LIGHT WITH FOUR LED RECOMMENDED IN MY CONSTITUENCY NAGINA BY IMPLEMNETING AGENCY PCCD BIJNORE,Normal/Others,CHANDRA SHEKHAR,NAGINA,BIJNOR(DISTRICT MAGISTRATE BIJNOR_IDA),106900.0,106850.0,2025-12-01T00:00:00.000Z,2026-01-05T00:00:00.000Z,True,Uttar Pradesh,Lok Sabha,215252,251731,False
215256,HIGH MAST LIGHT WITH FOUR LED RECOMMENDED IN MY CONSTITUENCY NAGINA BY IMPLEMNETING AGENCY PCCD BIJNORE,Normal/Others,CHANDRA SHEKHAR,NAGINA,BIJNOR(DISTRICT MAGISTRATE BIJNOR_IDA),106900.0,106850.0,2025-12-01T00:00:00.000Z,2026-01-05T00:00:00.000Z,True,Uttar Pradesh,Lok Sabha,215256,251732,False
215257,HIGH MAST LIGHT WITH FOUR LED RECOMMENDED IN MY CONSTITUENCY NAGINA BY IMPLEMNETING AGENCY PCCD BIJNORE,Normal/Others,CHANDRA SHEKHAR,NAGINA,BIJNOR(DISTRICT MAGISTRATE BIJNOR_IDA),106900.0,106850.0,2025-12-01T00:00:00.000Z,2026-01-05T00:00:00.000Z,True,Uttar Pradesh,Lok Sabha,215257,251733,False
215253,HIGH MAST LIGHT WITH FOUR LED RECOMMENDED IN MY CONSTITUENCY NAGINA BY IMPLEMNETING AGENCY PCCD BIJNORE,Normal/Others,CHANDRA SHEKHAR,NAGINA,BIJNOR(DISTRICT MAGISTRATE BIJNOR_IDA),106900.0,106850.0,2025-12-01T00:00:00.000Z,2026-01-06T00:00:00.000Z,True,Uttar Pradesh,Lok Sabha,215253,251734,False
215254,HIGH MAST LIGHT WITH FOUR LED RECOMMENDED IN MY CONSTITUENCY NAGINA BY IMPLEMNETING AGENCY PCCD BIJNORE,Normal/Others,CHANDRA SHEKHAR,NAGINA,BIJNOR(DISTRICT MAGISTRATE BIJNOR_IDA),106900.0,106850.0,2025-12-01T00:00:00.000Z,2026-01-06T00:00:00.000Z,True,Uttar Pradesh,Lok Sabha,215254,251735,False
215255,HIGH MAST LIGHT WITH FOUR LED RECOMMENDED IN MY CONSTITUENCY NAGINA BY IMPLEMNETING AGENCY PCCD BIJNORE,Normal/Others,CHANDRA SHEKHAR,NAGINA,BIJNOR(DISTRICT MAGISTRATE BIJNOR_IDA),106900.0,106850.0,2025-12-01T00:00:00.000Z,2026-01-06T00:00:00.000Z,True,Uttar Pradesh,Lok Sabha,215255,251736,False
215260,HIGH MAST LIGHT WITH FOUR LED RECOMMENDED IN MY CONSTITUENCY NAGINA BY IMPLEMNETING AGENCY PCCD BIJNORE,Normal/Others,CHANDRA SHEKHAR,NAGINA,BIJNOR(DISTRICT MAGISTRATE BIJNOR_IDA),106900.0,106850.0,2025-12-01T00:00:00.000Z,2026-01-06T00:00:00.000Z,True,Uttar Pradesh,Lok Sabha,215260,251737,False
215258,HIGH MAST LIGHT WITH FOUR LED RECOMMENDED IN MY CONSTITUENCY NAGINA BY IMPLEMNETING AGENCY PCCD BIJNORE,Normal/Others,CHANDRA SHEKHAR,NAGINA,BIJNOR(DISTRICT MAGISTRATE BIJNOR_IDA),106900.0,106850.0,2025-12-01T00:00:00.000Z,2026-01-08T00:00:00.000Z,True,Uttar Pradesh,Lok Sabha,215258,251738,False
215259,HIGH MAST LIGHT WITH FOUR LED RECOMMENDED IN MY CONSTITUENCY NAGINA BY IMPLEMNETING AGENCY PCCD BIJNORE,Normal/Others,CHANDRA SHEKHAR,NAGINA,BIJNOR(DISTRICT MAGISTRATE BIJNOR_IDA),106900.0,106850.0,2025-12-01T00:00:00.000Z,2026-01-08T00:00:00.000Z,True,Uttar Pradesh,Lok Sabha,215259,251739,False
215263,HIGH MAST LIGHT WITH FOUR LED RECOMMENDED IN MY CONSTITUENCY NAGINA BY IMPLEMNETING AGENCY PCCD BIJNORE,Normal/Others,CHANDRA SHEKHAR,NAGINA,BIJNOR(DISTRICT MAGISTRATE BIJNOR_IDA),106900.0,106850.0,2025-12-01T00:00:00.000Z,2026-01-08T00:00:00.000Z,True,Uttar Pradesh,Lok Sabha,215263,251740,False
219878,Installation of  an outdoor gym,Normal/Others,CHARANJIT SINGH CHANNI,JALANDHAR,JALANDHAR(DEPUTY COMMISSIONER JALANDHAR_IDA),100000.0,96846.0,2025-07-18T00:00:00.000Z,2026-01-11T00:00:00.000Z,True,Punjab,Lok Sabha,219878,219867,False
219879,Installation of  an outdoor gym,Normal/Others,CHARANJIT SINGH CHANNI,JALANDHAR,JALANDHAR(DEPUTY COMMISSIONER JALANDHAR_IDA),100000.0,96846.0,2025-07-18T00:00:00.000Z,2026-01-11T00:00:00.000Z,True,Punjab,Lok Sabha,219879,219875,False
185309,"Installation of Gym Equipment at  Mussa(84), Tehsil Mansa Dist Mansa Punjab 151508",Normal/Others,CHARANJIT SINGH CHANNI,JALANDHAR,MANSA(DEPUTY COMMISSIONER MANSA_IDA),499966.0,499966.0,2025-03-21T00:00:00.000Z,2025-09-15T00:00:00.000Z,True,Punjab,Lok Sabha,185309,1179,True
185308,Installation of Gym Equipment at Gram Karandi (201)Gram Karandi,Normal/Others,CHARANJIT SINGH CHANNI,JALANDHAR,MANSA(DEPUTY COMMISSIONER MANSA_IDA),200000.0,200000.0,2025-03-21T00:00:00.000Z,2026-01-23T00:00:00.000Z,True,Punjab,Lok Sabha,185308,1178,True
212921,"BHOJIPURA KE GRAM ABHAYPUR KESHOPUR, CHAUPARA SHUMALI ME BITHRI KE NAVADIYA ILAKA SINGHAI OR SINGHAI KAYASTHAN ME SHAMSHAN SHED KA NIRMAN",Normal/Others,CHHATRA PAL SINGH GANGWAR,BAREILLY,BAREILLY(DISTRICT MAGISTRAE BAREILLY_IDA),351973.0,344815.0,2025-06-27T00:00:00.000Z,2026-02-24T00:00:00.000Z,True,Uttar Pradesh,Lok Sabha,212921,212923,False
212922,"BHOJIPURA KE GRAM ABHAYPUR KESHOPUR, CHAUPARA SHUMALI ME BITHRI KE NAVADIYA ILAKA SINGHAI OR SINGHAI KAYASTHAN ME SHAMSHAN SHED KA NIRMAN",Normal/Others,CHHATRA PAL SINGH GANGWAR,BAREILLY,BAREILLY(DISTRICT MAGISTRAE BAREILLY_IDA),351973.0,348307.0,2025-06-27T00:00:00.000Z,2026-02-24T00:00:00.000Z,True,Uttar Pradesh,Lok Sabha,212922,212924,False
190896,Construction of Internal Road,Normal/Others,CHHATRAPATI SHAHU SHAHAJI,KOLHAPUR,KOLHAPUR(DISTRICT COLLECTOR KOLHAPUR_IDA),1000000.0,1500000.0,2025-09-16T00:00:00.000Z,2025-10-07T00:00:00.000Z,True,Maharashtra,Lok Sabha,190896,232859,False
228594,Construction of road,Normal/Others,CHHATRAPATI SHAHU SHAHAJI,KOLHAPUR,KOLHAPUR(DISTRICT COLLECTOR KOLHAPUR_IDA),1500000.0,1000000.0,2025-06-10T00:00:00.000Z,2026-04-17T00:00:00.000Z,True,Maharashtra,Lok Sabha,228594,207781,False
242705,Construction of Road,Normal/Others,CHHATRAPATI SHAHU SHAHAJI,KOLHAPUR,KOLHAPUR(DISTRICT COLLECTOR KOLHAPUR_IDA),1000000.0,1499618.0,2025-11-13T00:00:00.000Z,2026-04-17T00:00:00.000Z,True,Maharashtra,Lok Sabha,242705,248083,False
238167,Internal road,Normal/Others,CHHATRAPATI SHAHU SHAHAJI,KOLHAPUR,KOLHAPUR(DISTRICT COLLECTOR KOLHAPUR_IDA),1200000.0,800000.0,2025-07-19T00:00:00.000Z,2026-03-11T00:00:00.000Z,True,Maharashtra,Lok Sabha,238167,220023,False
190484,"For installing LED high mast lights at various places in district Pilibhit, Uttar Pradesh",Normal/Others,Shri Chunnilal Garasiya (2024-30),Sitting Rajya Sabha,PILIBHIT(DISTRICT MAGISTRAE PILIBHIT_IDA),4969990.0,4969990.0,2025-04-10T00:00:00.000Z,2025-11-06T00:00:00.000Z,True,Rajasthan,Rajya Sabha,190484,1231,True
176063,"Regarding installation of 20 cm LED high mast lights at various places in Shahjahanpur district, Uttar Pradesh.",Normal/Others,Shri Chunnilal Garasiya (2024-30),Sitting Rajya Sabha,SHAHJAHANPUR(DISTRICT MAGISTRAE SHAHJAHANAPUR_IDA),4860000.0,4860000.0,2025-02-17T00:00:00.000Z,2025-04-22T00:00:00.000Z,True,Rajasthan,Rajya Sabha,176063,1122,True
166961,High Mast Light,Normal/Others,Shri Deepak (Dev) Adhikari ,GHATAL,Paschim Medinipur(DISTRICT MAGISTRATE PASCHIM MEDINIPUR_IDA),349000.0,349994.0,2025-01-20T00:00:00.000Z,2025-07-08T00:00:00.000Z,True,West Bengal,Lok Sabha,166961,155356,False
166962,High Mast Light,Normal/Others,Shri Deepak (Dev) Adhikari ,GHATAL,Paschim Medinipur(DISTRICT MAGISTRATE PASCHIM MEDINIPUR_IDA),349000.0,349994.0,2025-01-20T00:00:00.000Z,2025-07-08T00:00:00.000Z,True,West Bengal,Lok Sabha,166962,155357,False
166963,High Mast Light,Normal/Others,Shri Deepak (Dev) Adhikari ,GHATAL,Paschim Medinipur(DISTRICT MAGISTRATE PASCHIM MEDINIPUR_IDA),349000.0,349994.0,2025-01-20T00:00:00.000Z,2025-07-08T00:00:00.000Z,True,West Bengal,Lok Sabha,166963,155358,False
166964,High Mast Light,Normal/Others,Shri Deepak (Dev) Adhikari ,GHATAL,Paschim Medinipur(DISTRICT MAGISTRATE PASCHIM MEDINIPUR_IDA),349000.0,349994.0,2025-01-20T00:00:00.000Z,2025-07-08T00:00:00.000Z,True,West Bengal,Lok Sabha,166964,155359,False
166967,High Mast Light,Normal/Others,Shri Deepak (Dev) Adhikari ,GHATAL,Paschim Medinipur(DISTRICT MAGISTRATE PASCHIM MEDINIPUR_IDA),349000.0,349994.0,2025-01-20T00:00:00.000Z,2025-07-08T00:00:00.000Z,True,West Bengal,Lok Sabha,166967,155360,False
166968,High Mast Light,Normal/Others,Shri Deepak (Dev) Adhikari ,GHATAL,Paschim Medinipur(DISTRICT MAGISTRATE PASCHIM MEDINIPUR_IDA),349000.0,349994.0,2025-01-20T00:00:00.000Z,2025-07-08T00:00:00.000Z,True,West Bengal,Lok Sabha,166968,155363,False
166969,High Mast Light,Normal/Others,Shri Deepak (Dev) Adhikari ,GHATAL,Paschim Medinipur(DISTRICT MAGISTRATE PASCHIM MEDINIPUR_IDA),349000.0,349994.0,2025-01-20T00:00:00.000Z,2025-07-08T00:00:00.000Z,True,West Bengal,Lok Sabha,166969,155366,False
166970,High Mast Light,Normal/Others,Shri Deepak (Dev) Adhikari ,GHATAL,Paschim Medinipur(DISTRICT MAGISTRATE PASCHIM MEDINIPUR_IDA),349000.0,349994.0,2025-01-20T00:00:00.000Z,2025-07-08T00:00:00.000Z,True,West Bengal,Lok Sabha,166970,155378,False
166971,High Mast Light,Normal/Others,Shri Deepak (Dev) Adhikari ,GHATAL,Paschim Medinipur(DISTRICT MAGISTRATE PASCHIM MEDINIPUR_IDA),350000.0,349994.0,2025-01-20T00:00:00.000Z,2025-07-08T00:00:00.000Z,True,West Bengal,Lok Sabha,166971,166914,False
166972,High Mast Light,Normal/Others,Shri Deepak (Dev) Adhikari ,GHATAL,Paschim Medinipur(DISTRICT MAGISTRATE PASCHIM MEDINIPUR_IDA),349470.0,349994.0,2025-01-20T00:00:00.000Z,2025-07-08T00:00:00.000Z,True,West Bengal,Lok Sabha,166972,166923,False
173393,HIGH MAST LIGHT,Normal/Others,Shri Deepak (Dev) Adhikari ,GHATAL,Paschim Medinipur(DISTRICT MAGISTRATE PASCHIM MEDINIPUR_IDA),349470.0,349994.0,2025-01-20T00:00:00.000Z,2025-07-08T00:00:00.000Z,True,West Bengal,Lok Sabha,173393,166928,False
173394,HIGH MAST LIGHT,Normal/Others,Shri Deepak (Dev) Adhikari ,GHATAL,Paschim Medinipur(DISTRICT MAGISTRATE PASCHIM MEDINIPUR_IDA),349470.0,349994.0,2025-01-20T00:00:00.000Z,2025-07-08T00:00:00.000Z,True,West Bengal,Lok Sabha,173394,166929,False
173395,HIGH MAST LIGHT,Normal/Others,Shri Deepak (Dev) Adhikari ,GHATAL,Paschim Medinipur(DISTRICT MAGISTRATE PASCHIM MEDINIPUR_IDA),349470.0,349994.0,2025-01-20T00:00:00.000Z,2025-07-08T00:00:00.000Z,True,West Bengal,Lok Sabha,173395,166981,False
173396,HIGH MAST LIGHT,Normal/Others,Shri Deepak (Dev) Adhikari ,GHATAL,Paschim Medinipur(DISTRICT MAGISTRATE PASCHIM MEDINIPUR_IDA),349470.0,349994.0,2025-02-05T00:00:00.000Z,2025-07-08T00:00:00.000Z,True,West Bengal,Lok Sabha,173396,173404,False
171796,Development works in Brahaman Choupal,Normal/Others,DEEPENDER SINGH HOODA,ROHTAK,JHAJJAR(DEPUTY COMMISSIONER cum NODAL OFFICER MPLADS JHAJJAR),251000.0,499910.0,2026-08-17T00:00:00.000Z,2025-06-13T00:00:00.000Z,True,Haryana,Lok Sabha,171796,304465,False
135799,Development works in Harijan Choupal,Normal/Others,DEEPENDER SINGH HOODA,ROHTAK,JHAJJAR(DEPUTY COMMISSIONER cum NODAL OFFICER MPLADS JHAJJAR),500000.0,498149.0,2024-08-16T00:00:00.000Z,2025-06-13T00:00:00.000Z,True,Haryana,Lok Sabha,135799,135798,False
186496,07 CCTV Camera,Normal/Others,DEVESH CHANDRA THAKUR,SITAMARHI,SITAMARHI(DISTRICT PLANNING OFFICER SITAMARHI_IDA),875000.0,875000.0,2025-03-25T00:00:00.000Z,2025-07-08T00:00:00.000Z,True,Bihar,Lok Sabha,186496,1207,True
186487,1 Camera,Normal/Others,DEVESH CHANDRA THAKUR,SITAMARHI,SITAMARHI(DISTRICT PLANNING OFFICER SITAMARHI_IDA),125000.0,125000.0,2025-03-25T00:00:00.000Z,2025-08-09T00:00:00.000Z,True,Bihar,Lok Sabha,186487,1203,True
186485,1 CCTV Camera,Normal/Others,DEVESH CHANDRA THAKUR,SITAMARHI,SITAMARHI(DISTRICT PLANNING OFFICER SITAMARHI_IDA),125000.0,125000.0,2025-03-25T00:00:00.000Z,2025-08-09T00:00:00.000Z,True,Bihar,Lok Sabha,186485,1201,True
186489,1 CCTV Camera,Normal/Others,DEVESH CHANDRA THAKUR,SITAMARHI,SITAMARHI(DISTRICT PLANNING OFFICER SITAMARHI_IDA),125000.0,125000.0,2025-03-25T00:00:00.000Z,2025-08-09T00:00:00.000Z,True,Bihar,Lok Sabha,186489,1204,True
186490,1 CCTV Camera,Normal/Others,DEVESH CHANDRA THAKUR,SITAMARHI,SITAMARHI(DISTRICT PLANNING OFFICER SITAMARHI_IDA),125000.0,125000.0,2025-03-25T00:00:00.000Z,2025-08-09T00:00:00.000Z,True,Bihar,Lok Sabha,186490,1205,True
186491,1 CCTV Camera,Normal/Others,DEVESH CHANDRA THAKUR,SITAMARHI,SITAMARHI(DISTRICT PLANNING OFFICER SITAMARHI_IDA),125000.0,125000.0,2025-03-25T00:00:00.000Z,2025-08-09T00:00:00.000Z,True,Bihar,Lok Sabha,186491,1206,True
186497,1 CCTV Camera,Normal/Others,DEVESH CHANDRA THAKUR,SITAMARHI,SITAMARHI(DISTRICT PLANNING OFFICER SITAMARHI_IDA),125000.0,125000.0,2025-03-25T00:00:00.000Z,2025-08-09T00:00:00.000Z,True,Bihar,Lok Sabha,186497,1208,True
186498,1 CCTV Camera,Normal/Others,DEVESH CHANDRA THAKUR,SITAMARHI,SITAMARHI(DISTRICT PLANNING OFFICER SITAMARHI_IDA),125000.0,125000.0,2025-03-25T00:00:00.000Z,2025-08-09T00:00:00.000Z,True,Bihar,Lok Sabha,186498,1209,True
186501,2 CCTV Camera,Normal/Others,DEVESH CHANDRA THAKUR,SITAMARHI,SITAMARHI(DISTRICT PLANNING OFFICER SITAMARHI_IDA),250000.0,250000.0,2025-03-25T00:00:00.000Z,2025-07-08T00:00:00.000Z,True,Bihar,Lok Sabha,186501,1202,True
186486,2 CCTV Camera,Normal/Others,DEVESH CHANDRA THAKUR,SITAMARHI,SITAMARHI(DISTRICT PLANNING OFFICER SITAMARHI_IDA),250000.0,250000.0,2025-03-25T00:00:00.000Z,2025-08-09T00:00:00.000Z,True,Bihar,Lok Sabha,186486,1210,True
186500,2 CCTV Camera,Normal/Others,DEVESH CHANDRA THAKUR,SITAMARHI,SITAMARHI(DISTRICT PLANNING OFFICER SITAMARHI_IDA),250000.0,250000.0,2025-03-25T00:00:00.000Z,2025-08-09T00:00:00.000Z,True,Bihar,Lok Sabha,186500,1211,True
186607,4 CCTV Camera install under the area of Dumra Police station.,Normal/Others,DEVESH CHANDRA THAKUR,SITAMARHI,SITAMARHI(DISTRICT PLANNING OFFICER SITAMARHI_IDA),500000.0,500000.0,2025-03-26T00:00:00.000Z,2025-08-09T00:00:00.000Z,True,Bihar,Lok Sabha,186607,1212,True
186609,4 CCTV Camera install under the area of Town Police station,Normal/Others,DEVESH CHANDRA THAKUR,SITAMARHI,SITAMARHI(DISTRICT PLANNING OFFICER SITAMARHI_IDA),500000.0,500000.0,2025-03-26T00:00:00.000Z,2025-08-09T00:00:00.000Z,True,Bihar,Lok Sabha,186609,1213,True
185274,Area under Sursand police station 2 Camera,Normal/Others,DEVESH CHANDRA THAKUR,SITAMARHI,SITAMARHI(DISTRICT PLANNING OFFICER SITAMARHI_IDA),250000.0,250000.0,2025-03-21T00:00:00.000Z,2025-07-08T00:00:00.000Z,True,Bihar,Lok Sabha,185274,1176,True
185278,Install 04 CCTV camera,Normal/Others,DEVESH CHANDRA THAKUR,SITAMARHI,SITAMARHI(DISTRICT PLANNING OFFICER SITAMARHI_IDA),500000.0,500000.0,2025-03-21T00:00:00.000Z,2025-07-08T00:00:00.000Z,True,Bihar,Lok Sabha,185278,1177,True
186482,,Normal/Others,DEVESH CHANDRA THAKUR,SITAMARHI,SITAMARHI(DISTRICT PLANNING OFFICER SITAMARHI_IDA),250000.0,250000.0,2025-03-25T00:00:00.000Z,2025-08-09T00:00:00.000Z,True,Bihar,Lok Sabha,186482,1200,True
145314,"Construction of Drainage in front of Belva Middle School  in Belva Khas, Under Turkaulia Block, Dist. East Champaran, Bihar",Normal/Others,Shri Dhananjay Bhimrao Mahadik (2022-28),Sitting Rajya Sabha,PURBI CHAMPARAN(DISTRICT PLANNING OFFICER MOTHIHARI EAST CHAMPARAN_IDA),1490039.0,1490039.0,2024-10-03T00:00:00.000Z,2025-04-28T00:00:00.000Z,False,Maharashtra,Rajya Sabha,145314,851,False
223393,"Construction of PCC Road from house of Shri Ajay Sah towards Nahar Khand in Village and Panchayat Patkholi, Block Kateya, District Gopalganj, Bihar.",Normal/Others,Shri Dhananjay Bhimrao Mahadik (2022-28),Sitting Rajya Sabha,GOPALGANJ(DISTRICT PLANNING OFFICER GOPALGANJ_IDA),1095754.0,1095754.0,2025-07-30T00:00:00.000Z,2025-09-27T00:00:00.000Z,True,Maharashtra,Rajya Sabha,223393,1478,True
145310,"Construction of PCC Road from Shri Gobardhan Rai Chimney to residence of Kabil Mahotoo in Village Bela Chapra, Panchayat Semra, under Banjariya Prakhand, District East Champaran, Bihar",Normal/Others,Shri Dhananjay Bhimrao Mahadik (2022-28),Sitting Rajya Sabha,PURBI CHAMPARAN(DISTRICT PLANNING OFFICER MOTHIHARI EAST CHAMPARAN_IDA),1497154.0,1497154.0,2024-10-03T00:00:00.000Z,2025-01-16T00:00:00.000Z,False,Maharashtra,Rajya Sabha,145310,849,False
223390,"Construction of PCC Road from the field of Shri Kamleshwar Rai to field of Shri Subhash Rai in Village and Panchayat Patkholi, Block Kateya, District Gopalganj, Bihar.",Normal/Others,Shri Dhananjay Bhimrao Mahadik (2022-28),Sitting Rajya Sabha,GOPALGANJ(DISTRICT PLANNING OFFICER GOPALGANJ_IDA),1297991.0,1297991.0,2025-07-30T00:00:00.000Z,2025-10-18T00:00:00.000Z,True,Maharashtra,Rajya Sabha,223390,1475,True
223392,"Construction of PCC Road from the field of Shri Rumali Baitha towards Rupachak in Village and Panchayat Patkholi, Block Kateya, District Gopalganj, Bihar.",Normal/Others,Shri Dhananjay Bhimrao Mahadik (2022-28),Sitting Rajya Sabha,GOPALGANJ(DISTRICT PLANNING OFFICER GOPALGANJ_IDA),1298116.0,1298116.0,2025-07-30T00:00:00.000Z,2025-10-18T00:00:00.000Z,True,Maharashtra,Rajya Sabha,223392,1477,True
223391,"Construction of PCC Road from the Residence of Shri Johi Miya to Shri Haider Miya in Village and Panchayat Patkholi, Block Kateya, District Gopalganj, Bihar.",Normal/Others,Shri Dhananjay Bhimrao Mahadik (2022-28),Sitting Rajya Sabha,GOPALGANJ(DISTRICT PLANNING OFFICER GOPALGANJ_IDA),1297928.0,1297928.0,2025-07-30T00:00:00.000Z,2025-10-03T00:00:00.000Z,True,Maharashtra,Rajya Sabha,223391,1476,True
145311,"Part -2 PCC Construction work of Brick Soling Road from Shri Gobardhan Rai Chimney to residence of Kabil Mahotoo in Village Bela Chapra, Panchayat Semra, under Banjariya Prakhand, District East Champaran, Bihar",Normal/Others,Shri Dhananjay Bhimrao Mahadik (2022-28),Sitting Rajya Sabha,PURBI CHAMPARAN(DISTRICT PLANNING OFFICER MOTHIHARI EAST CHAMPARAN_IDA),994403.0,994403.0,2024-10-03T00:00:00.000Z,2025-01-16T00:00:00.000Z,False,Maharashtra,Rajya Sabha,145311,850,False
145315,"PCC Road Construction work of Brick Soling Road in Village Jhakiya to Khagaon Road in Village Bela Chapra, Panchayat Semra, under Banjariya Prakhand, District East Champaran, Bihar",Normal/Others,Shri Dhananjay Bhimrao Mahadik (2022-28),Sitting Rajya Sabha,PURBI CHAMPARAN(DISTRICT PLANNING OFFICER MOTHIHARI EAST CHAMPARAN_IDA),998138.0,998138.0,2024-10-03T00:00:00.000Z,2025-02-27T00:00:00.000Z,False,Maharashtra,Rajya Sabha,145315,852,False
228869,Construction of under ground Nali from A.K. Shreewastav house to Ashok Singh house at Sultanpur,Normal/Others,Shri  Dharambir Singh,BHIWANI MAHENDRAGARH,VARANASI(DISTRICT MAGISTRAE VARANASI_IDA),729948.0,729948.0,2025-08-25T00:00:00.000Z,2026-01-14T00:00:00.000Z,True,Haryana,Lok Sabha,228869,1543,True
243525,Purchase and providing of sports equipments to GP,Normal/Others,Shri  Dharambir Singh,BHIWANI MAHENDRAGARH,Charkhi Dadri(Deputy Commissioner Charkhi Dadri_IDA),500000.0,498786.0,2025-10-24T00:00:00.000Z,2025-12-31T00:00:00.000Z,False,Haryana,Lok Sabha,243525,243526,False
189740,Purchase and providing one Ambulance to GP for Sick and injured animals for use of Gaushala,Normal/Others,Shri  Dharambir Singh,BHIWANI MAHENDRAGARH,BHIWANI(DC Cum Nodal Officer MPLADS Bhiwani),1000000.0,1000000.0,2025-04-07T00:00:00.000Z,2025-09-03T00:00:00.000Z,False,Haryana,Lok Sabha,189740,189741,False
228833,Purchase and providing one tractor (21-25 HP) to GP for sanitation purposes,Normal/Others,Shri  Dharambir Singh,BHIWANI MAHENDRAGARH,BHIWANI(DC Cum Nodal Officer MPLADS Bhiwani),400000.0,380000.0,2025-12-23T00:00:00.000Z,2025-12-14T00:00:00.000Z,False,Haryana,Lok Sabha,228833,255136,False
243503,Purchase and providing one tractor (21-25 HP) to GP for sanitation purposes,Normal/Others,Shri  Dharambir Singh,BHIWANI MAHENDRAGARH,BHIWANI(DC Cum Nodal Officer MPLADS Bhiwani),400000.0,380000.0,2026-01-27T00:00:00.000Z,2025-12-15T00:00:00.000Z,False,Haryana,Lok Sabha,243503,262184,False
243505,Purchase and providing one tractor (21-25 HP) to GP for sanitation purposes,Normal/Others,Shri  Dharambir Singh,BHIWANI MAHENDRAGARH,BHIWANI(DC Cum Nodal Officer MPLADS Bhiwani),400000.0,380000.0,2026-01-27T00:00:00.000Z,2025-12-15T00:00:00.000Z,False,Haryana,Lok Sabha,243505,262185,False
231526,Purchase and providing one tractor (21-25) HP to GP for sanitation purposes,Normal/Others,Shri  Dharambir Singh,BHIWANI MAHENDRAGARH,BHIWANI(DC Cum Nodal Officer MPLADS Bhiwani),400000.0,380000.0,2025-10-24T00:00:00.000Z,2025-12-14T00:00:00.000Z,False,Haryana,Lok Sabha,231526,243561,False
244093,Purchase and providing one tractor (21-25) HP to GP for sanitation purposes,Normal/Others,Shri  Dharambir Singh,BHIWANI MAHENDRAGARH,BHIWANI(DC Cum Nodal Officer MPLADS Bhiwani),400000.0,380000.0,2025-12-12T00:00:00.000Z,2025-12-15T00:00:00.000Z,False,Haryana,Lok Sabha,244093,253595,False
253596,Purchase and providing one tractor (21-25) HP to GP for sanitation purposes,Normal/Others,Shri  Dharambir Singh,BHIWANI MAHENDRAGARH,Charkhi Dadri(Deputy Commissioner Charkhi Dadri_IDA),400000.0,380000.0,2026-01-27T00:00:00.000Z,2025-12-31T00:00:00.000Z,False,Haryana,Lok Sabha,253596,262159,False
253598,Purchase and providing one tractor (21-25) HP to GP for sanitation purposes,Normal/Others,Shri  Dharambir Singh,BHIWANI MAHENDRAGARH,MAHENDRAGARH(DEPUTY COMMISSIONER MAHENDRAGARH_IDA),400000.0,380000.0,2026-01-27T00:00:00.000Z,2026-01-29T00:00:00.000Z,False,Haryana,Lok Sabha,253598,262161,False
253591,Purchase and providing one tractor (21-25) HP to GP for sanitation purposes,Normal/Others,Shri  Dharambir Singh,BHIWANI MAHENDRAGARH,MAHENDRAGARH(DEPUTY COMMISSIONER MAHENDRAGARH_IDA),400000.0,380000.0,2026-01-27T00:00:00.000Z,2026-01-30T00:00:00.000Z,False,Haryana,Lok Sabha,253591,262162,False
237315,Purchase and providing one tractor (21-25) HP to GP for sanitation purposes,Normal/Others,Shri  Dharambir Singh,BHIWANI MAHENDRAGARH,MAHENDRAGARH(DEPUTY COMMISSIONER MAHENDRAGARH_IDA),400000.0,380000.0,2026-01-27T00:00:00.000Z,2026-02-02T00:00:00.000Z,False,Haryana,Lok Sabha,237315,262163,False
197753,Purchase and providing one water tanker to GP for drinking water purposes,Normal/Others,Shri  Dharambir Singh,BHIWANI MAHENDRAGARH,BHIWANI(DC Cum Nodal Officer MPLADS Bhiwani),200000.0,180000.0,2025-12-12T00:00:00.000Z,2025-10-16T00:00:00.000Z,False,Haryana,Lok Sabha,197753,253593,False
197754,Purchase and providing one water tanker to GP for drinking water purposes,Normal/Others,Shri  Dharambir Singh,BHIWANI MAHENDRAGARH,Charkhi Dadri(Deputy Commissioner Charkhi Dadri_IDA),200000.0,190000.0,2025-12-12T00:00:00.000Z,2025-12-12T00:00:00.000Z,False,Haryana,Lok Sabha,197754,253594,False
243522,Purchase and providing one water tanker to GP for drinking water purposes,Normal/Others,Shri  Dharambir Singh,BHIWANI MAHENDRAGARH,BHIWANI(DC Cum Nodal Officer MPLADS Bhiwani),200000.0,180000.0,2025-12-12T00:00:00.000Z,2025-12-14T00:00:00.000Z,False,Haryana,Lok Sabha,243522,253597,False
262167,Purchase and providing one water tanker to GP for drinking water purposes,Normal/Others,Shri  Dharambir Singh,BHIWANI MAHENDRAGARH,BHIWANI(DC Cum Nodal Officer MPLADS Bhiwani),200000.0,180000.0,2026-01-27T00:00:00.000Z,2026-04-21T00:00:00.000Z,False,Haryana,Lok Sabha,262167,262166,False
272333,Purchase of Kabddi Mats for GP,Normal/Others,Shri  Dharambir Singh,BHIWANI MAHENDRAGARH,BHIWANI(DC Cum Nodal Officer MPLADS Bhiwani),500000.0,399885.0,2025-12-26T00:00:00.000Z,2026-04-21T00:00:00.000Z,False,Haryana,Lok Sabha,272333,255635,False
169455,"Repair and renovation of Old Buildings at Shri Bhagwat Bhakti Ashram, Rampura, Rewari",Trust and Society,Shri  Dharambir Singh,BHIWANI MAHENDRAGARH,REWARI(District Commissioner Rewari),800000.0,800000.0,2025-01-28T00:00:00.000Z,2026-02-12T00:00:00.000Z,True,Haryana,Lok Sabha,169455,1089,True
186022,"Construction of road, link road in village Shamaspur, Tehsil Samrala, District Ludhiana",Normal/Others,DR DHARAMVIRA GANDHI,PATIALA,LUDHIANA(DEPUTY COMMISSIONER LUDHIANA_IDA),500000.0,500000.0,2025-03-24T00:00:00.000Z,2025-11-12T00:00:00.000Z,True,Punjab,Lok Sabha,186022,1189,True
80191,Construction of Community Hall,Normal/Others,Dr. Dharmasthala Veerendra Heggade (2022-28),Nominated Rajya Sabha,MYSURU(DEPUTY COMMISSIONER MYSORE_IDA),1500000.0,986986.0,2024-01-11T00:00:00.000Z,2025-03-12T00:00:00.000Z,True,Karnataka,Rajya Sabha,80191,80200,False
174586,Installation of 25 KVA DP with 2 poles with wire in land of shri Musafir Yadav.,Normal/Others,DHARMENDRA YADAV,AZAMGARH,MAU(DISTRICT MAGISTRATE MAU_IDA),199546.0,199546.0,2025-02-08T00:00:00.000Z,2026-01-19T00:00:00.000Z,True,Uttar Pradesh,Lok Sabha,174586,1102,True
139574,HIGH MAST LIGHT KA ADHISTHAPAN,Normal/Others,Dileshwar Kamait ,SUPAUL,SUPAUL(DISTRICT PLANNING OFFICER SUPAUL_IDA),921000.0,921000.0,2025-05-13T00:00:00.000Z,2025-04-02T00:00:00.000Z,False,Bihar,Lok Sabha,139574,199190,False
150410,HIGH MAST LIGHT KA ADHISTHAPAN,Normal/Others,Dileshwar Kamait ,SUPAUL,SUPAUL(DISTRICT PLANNING OFFICER SUPAUL_IDA),921000.0,921000.0,2025-05-13T00:00:00.000Z,2025-04-04T00:00:00.000Z,False,Bihar,Lok Sabha,150410,199191,False
165926,HIGH MAST LIGHT KA ADHISTHAPAN,Normal/Others,Dileshwar Kamait ,SUPAUL,SUPAUL(DISTRICT PLANNING OFFICER SUPAUL_IDA),921000.0,921000.0,2025-05-13T00:00:00.000Z,2025-04-04T00:00:00.000Z,False,Bihar,Lok Sabha,165926,199192,False
139608,HIGH MAST LIGHT KA ADHISTHAPAN,Normal/Others,Dileshwar Kamait ,SUPAUL,SUPAUL(DISTRICT PLANNING OFFICER SUPAUL_IDA),921000.0,921000.0,2025-05-13T00:00:00.000Z,2025-04-22T00:00:00.000Z,False,Bihar,Lok Sabha,139608,199193,False
139576,HIGH MAST LIGHT KA ADHISTHAPAN,Normal/Others,Dileshwar Kamait ,SUPAUL,SUPAUL(DISTRICT PLANNING OFFICER SUPAUL_IDA),921000.0,921000.0,2025-05-13T00:00:00.000Z,2025-06-25T00:00:00.000Z,False,Bihar,Lok Sabha,139576,199194,False
139607,HIGH MAST LIGHT KA ADHISTHAPAN-1,Normal/Others,Dileshwar Kamait ,SUPAUL,SUPAUL(DISTRICT PLANNING OFFICER SUPAUL_IDA),925000.0,921000.0,2024-09-07T00:00:00.000Z,2025-04-04T00:00:00.000Z,False,Bihar,Lok Sabha,139607,139597,False
165927,HIGH MAST LIGHT KA ADHISTHAPAN-1,Normal/Others,Dileshwar Kamait ,SUPAUL,SUPAUL(DISTRICT PLANNING OFFICER SUPAUL_IDA),921000.0,921000.0,2025-08-16T00:00:00.000Z,2025-04-04T00:00:00.000Z,False,Bihar,Lok Sabha,165927,227333,False
139604,HIGH MAST LIGHT KA ADHISTHAPAN-1,Normal/Others,Dileshwar Kamait ,SUPAUL,SUPAUL(DISTRICT PLANNING OFFICER SUPAUL_IDA),921000.0,921000.0,2025-08-16T00:00:00.000Z,2025-04-22T00:00:00.000Z,False,Bihar,Lok Sabha,139604,227334,False
139605,HIGH MAST LIGHT KA ADHISTHAPAN-1,Normal/Others,Dileshwar Kamait ,SUPAUL,SUPAUL(DISTRICT PLANNING OFFICER SUPAUL_IDA),921000.0,921000.0,2025-08-16T00:00:00.000Z,2025-04-22T00:00:00.000Z,False,Bihar,Lok Sabha,139605,227335,False
139606,HIGH MAST LIGHT KA ADHISTHAPAN-1,Normal/Others,Dileshwar Kamait ,SUPAUL,SUPAUL(DISTRICT PLANNING OFFICER SUPAUL_IDA),921000.0,921000.0,2025-08-16T00:00:00.000Z,2025-05-02T00:00:00.000Z,False,Bihar,Lok Sabha,139606,227351,False
165923,PCC DHALAI KARYA,Normal/Others,Dileshwar Kamait ,SUPAUL,MADHEPURA(DISTRICT PLANNING OFFICER MADHEPURA_IDA),1400000.0,1371604.0,2026-06-24T00:00:00.000Z,2026-01-14T00:00:00.000Z,False,Bihar,Lok Sabha,165923,288982,False
142412,SADAK KA NIRMAN TATHA PCC DHALAI KARYA,Normal/Others,Dileshwar Kamait ,SUPAUL,SUPAUL(DISTRICT PLANNING OFFICER SUPAUL_IDA),1000000.0,1171823.0,2026-05-21T00:00:00.000Z,2025-06-30T00:00:00.000Z,False,Bihar,Lok Sabha,142412,282762,False
234585,Providing High Mast Light near Santa Bazar,Normal/Others,DR.MALLU RAVI,NAGARKURNOOL,JOGULAMBA GADWAL(DISTRICT COLLECTOR JOGULAMBA GADWAL_IDA),200000.0,198482.0,2025-09-16T00:00:00.000Z,2026-01-01T00:00:00.000Z,True,Telangana,Lok Sabha,234585,234584,False
200013,tenkar,Normal/Others,Durga Das Uikey ,BETUL,BETUL(DISTRICT COLLECTOR BETUL_IDA),190930.0,190546.0,2025-05-16T00:00:00.000Z,2026-05-14T00:00:00.000Z,True,Madhya Pradesh,Lok Sabha,200013,200021,False
199965,Yatri Pratikshlaya,Normal/Others,Durga Das Uikey ,BETUL,BETUL(DISTRICT COLLECTOR BETUL_IDA),259942.0,259942.0,2025-05-16T00:00:00.000Z,2026-01-05T00:00:00.000Z,True,Madhya Pradesh,Lok Sabha,199965,199966,False
199969,Yatri Pratikshlaya,Normal/Others,Durga Das Uikey ,BETUL,BETUL(DISTRICT COLLECTOR BETUL_IDA),240064.0,259942.0,2026-05-23T00:00:00.000Z,2026-01-05T00:00:00.000Z,True,Madhya Pradesh,Lok Sabha,199969,282323,False
199972,Yatri Pratikshlaya,Normal/Others,Durga Das Uikey ,BETUL,BETUL(DISTRICT COLLECTOR BETUL_IDA),240064.0,259942.0,2026-05-23T00:00:00.000Z,2026-01-05T00:00:00.000Z,True,Madhya Pradesh,Lok Sabha,199972,282324,False
199948,YATRI PRTIKSHALAYA,Normal/Others,Durga Das Uikey ,BETUL,BETUL(DISTRICT COLLECTOR BETUL_IDA),259942.0,259942.0,2025-05-16T00:00:00.000Z,2026-01-05T00:00:00.000Z,True,Madhya Pradesh,Lok Sabha,199948,199975,False
199947,YATRI PRTIKSHALAYA,Normal/Others,Durga Das Uikey ,BETUL,BETUL(DISTRICT COLLECTOR BETUL_IDA),240064.0,259942.0,2026-05-23T00:00:00.000Z,2026-01-06T00:00:00.000Z,True,Madhya Pradesh,Lok Sabha,199947,282530,False
199950,YATRI PRTIKSHALAYA,Normal/Others,Durga Das Uikey ,BETUL,BETUL(DISTRICT COLLECTOR BETUL_IDA),240064.0,259942.0,2026-05-23T00:00:00.000Z,2026-01-06T00:00:00.000Z,True,Madhya Pradesh,Lok Sabha,199950,282531,False
199951,YATRI PRTIKSHALAYA,Normal/Others,Durga Das Uikey ,BETUL,BETUL(DISTRICT COLLECTOR BETUL_IDA),240064.0,259942.0,2026-05-23T00:00:00.000Z,2026-01-06T00:00:00.000Z,True,Madhya Pradesh,Lok Sabha,199951,282532,False
200242,Yatri Prtikshalaya,Normal/Others,Durga Das Uikey ,BETUL,HARDA(District Collector Harda_IDA),240064.0,259942.0,2026-05-23T00:00:00.000Z,2026-01-07T00:00:00.000Z,True,Madhya Pradesh,Lok Sabha,200242,282533,False
200246,Yatri Prtikshalaya,Normal/Others,Durga Das Uikey ,BETUL,HARDA(District Collector Harda_IDA),240064.0,259942.0,2026-05-23T00:00:00.000Z,2026-01-07T00:00:00.000Z,True,Madhya Pradesh,Lok Sabha,200246,282622,False
200247,Yatri Prtikshalaya,Normal/Others,Durga Das Uikey ,BETUL,HARDA(District Collector Harda_IDA),240064.0,259942.0,2026-05-23T00:00:00.000Z,2026-01-07T00:00:00.000Z,True,Madhya Pradesh,Lok Sabha,200247,282623,False
200248,Yatri Prtikshalaya,Normal/Others,Durga Das Uikey ,BETUL,HARDA(District Collector Harda_IDA),240064.0,259942.0,2026-05-23T00:00:00.000Z,2026-01-07T00:00:00.000Z,True,Madhya Pradesh,Lok Sabha,200248,282624,False
200249,Yatri Prtikshalaya,Normal/Others,Durga Das Uikey ,BETUL,HARDA(District Collector Harda_IDA),240064.0,259942.0,2026-05-23T00:00:00.000Z,2026-01-07T00:00:00.000Z,True,Madhya Pradesh,Lok Sabha,200249,282625,False
200243,Yatri Prtikshalaya,Normal/Others,Durga Das Uikey ,BETUL,HARDA(District Collector Harda_IDA),240064.0,259942.0,2026-05-23T00:00:00.000Z,2026-01-08T00:00:00.000Z,True,Madhya Pradesh,Lok Sabha,200243,282626,False
200244,Yatri Prtikshalaya,Normal/Others,Durga Das Uikey ,BETUL,HARDA(District Collector Harda_IDA),240064.0,259942.0,2026-05-23T00:00:00.000Z,2026-01-08T00:00:00.000Z,True,Madhya Pradesh,Lok Sabha,200244,282627,False
200245,Yatri Prtikshalaya,Normal/Others,Durga Das Uikey ,BETUL,HARDA(District Collector Harda_IDA),240064.0,259942.0,2026-05-23T00:00:00.000Z,2026-01-08T00:00:00.000Z,True,Madhya Pradesh,Lok Sabha,200245,282628,False
200251,Yatri Prtikshalaya,Normal/Others,Durga Das Uikey ,BETUL,HARDA(District Collector Harda_IDA),240064.0,259942.0,2026-05-23T00:00:00.000Z,2026-01-08T00:00:00.000Z,True,Madhya Pradesh,Lok Sabha,200251,282629,False
200252,Yatri Prtikshalaya,Normal/Others,Durga Das Uikey ,BETUL,HARDA(District Collector Harda_IDA),240064.0,259942.0,2026-05-23T00:00:00.000Z,2026-01-08T00:00:00.000Z,True,Madhya Pradesh,Lok Sabha,200252,282630,False
199949,YATRI PRTIKSHALAYA,Normal/Others,Durga Das Uikey ,BETUL,BETUL(DISTRICT COLLECTOR BETUL_IDA),240064.0,259942.0,2026-05-23T00:00:00.000Z,2026-01-16T00:00:00.000Z,True,Madhya Pradesh,Lok Sabha,199949,282631,False
199952,YATRI PRTIKSHALAYA,Normal/Others,Durga Das Uikey ,BETUL,BETUL(DISTRICT COLLECTOR BETUL_IDA),240064.0,259942.0,2026-05-23T00:00:00.000Z,2026-01-21T00:00:00.000Z,True,Madhya Pradesh,Lok Sabha,199952,282632,False
199961,Yatri Prtikshalaya,Normal/Others,Durga Das Uikey ,BETUL,BETUL(DISTRICT COLLECTOR BETUL_IDA),240064.0,259942.0,2026-05-23T00:00:00.000Z,2026-01-21T00:00:00.000Z,True,Madhya Pradesh,Lok Sabha,199961,282633,False
199962,Yatri Prtikshalaya,Normal/Others,Durga Das Uikey ,BETUL,BETUL(DISTRICT COLLECTOR BETUL_IDA),240064.0,259942.0,2026-05-23T00:00:00.000Z,2026-01-21T00:00:00.000Z,True,Madhya Pradesh,Lok Sabha,199962,282634,False
200250,Yatri Prtikshalaya,Normal/Others,Durga Das Uikey ,BETUL,HARDA(District Collector Harda_IDA),240064.0,259942.0,2026-05-23T00:00:00.000Z,2026-03-10T00:00:00.000Z,False,Madhya Pradesh,Lok Sabha,200250,282635,False
166610,Construction of Boundary wall of cremation Centre at Chak Padla Village,Normal/Others,Shri G.C. Chandrashekhar (2024-30),Sitting Rajya Sabha,KAITHAL(DC CUM NODAL OFFICERS MPLADS),250000.0,207829.0,2025-01-20T00:00:00.000Z,2025-12-31T00:00:00.000Z,False,Karnataka,Rajya Sabha,166610,1064,False
166595,"Construction of community wall at Friends Colony, Kaithal",Normal/Others,Shri G.C. Chandrashekhar (2024-30),Sitting Rajya Sabha,KAITHAL(DC CUM NODAL OFFICERS MPLADS),500000.0,500000.0,2025-01-20T00:00:00.000Z,2026-02-21T00:00:00.000Z,True,Karnataka,Rajya Sabha,166595,1060,True
159255,Construction of Open Gym at Panchayat Khel stadium of Padla Village,Normal/Others,Shri G.C. Chandrashekhar (2024-30),Sitting Rajya Sabha,KAITHAL(DC CUM NODAL OFFICERS MPLADS),350000.0,299774.0,2024-12-17T00:00:00.000Z,2025-12-29T00:00:00.000Z,False,Karnataka,Rajya Sabha,159255,967,False
160668,Construction of Open Gym at Panchayat Play Ground (near on Main firni) of Village Naina,Normal/Others,Shri G.C. Chandrashekhar (2024-30),Sitting Rajya Sabha,KAITHAL(DC CUM NODAL OFFICERS MPLADS),350000.0,294987.0,2024-12-21T00:00:00.000Z,2025-12-29T00:00:00.000Z,False,Karnataka,Rajya Sabha,160668,989,False
195673,Gram Panchayat me Pani tankers hetu,Normal/Others,Ganesh Singh,SATNA,SATNA(DISTRICT COLLECTOR SATNA_IDA),163424.0,163424.0,2025-05-02T00:00:00.000Z,2026-03-26T00:00:00.000Z,True,Madhya Pradesh,Lok Sabha,195673,195675,False
195692,Gram panchayat me pani tankers hetu,Normal/Others,Ganesh Singh,SATNA,SATNA(DISTRICT COLLECTOR SATNA_IDA),163424.0,163424.0,2025-05-02T00:00:00.000Z,2026-03-26T00:00:00.000Z,True,Madhya Pradesh,Lok Sabha,195692,195685,False
195674,Gram Panchayat me Pani tankers hetu,Normal/Others,Ganesh Singh,SATNA,SATNA(DISTRICT COLLECTOR SATNA_IDA),163424.0,163424.0,2025-05-02T00:00:00.000Z,2026-03-27T00:00:00.000Z,True,Madhya Pradesh,Lok Sabha,195674,195686,False
195676,Gram Panchayat me Pani tankers hetu,Normal/Others,Ganesh Singh,SATNA,SATNA(DISTRICT COLLECTOR SATNA_IDA),163424.0,163424.0,2025-05-02T00:00:00.000Z,2026-03-27T00:00:00.000Z,True,Madhya Pradesh,Lok Sabha,195676,195688,False
195677,Gram panchayat me pani tankers hetu,Normal/Others,Ganesh Singh,SATNA,SATNA(DISTRICT COLLECTOR SATNA_IDA),163424.0,163424.0,2025-05-02T00:00:00.000Z,2026-03-27T00:00:00.000Z,True,Madhya Pradesh,Lok Sabha,195677,195929,False
195678,Gram panchayat me pani tankers hetu,Normal/Others,Ganesh Singh,SATNA,SATNA(DISTRICT COLLECTOR SATNA_IDA),163424.0,163424.0,2025-05-02T00:00:00.000Z,2026-03-27T00:00:00.000Z,True,Madhya Pradesh,Lok Sabha,195678,195930,False
195679,Gram panchayat me pani tankers hetu,Normal/Others,Ganesh Singh,SATNA,SATNA(DISTRICT COLLECTOR SATNA_IDA),163424.0,163424.0,2025-05-04T00:00:00.000Z,2026-03-27T00:00:00.000Z,True,Madhya Pradesh,Lok Sabha,195679,196551,False
196570,Gram panchayat me PCC Road hetu,Normal/Others,Ganesh Singh,SATNA,SATNA(DISTRICT COLLECTOR SATNA_IDA),500000.0,499500.0,2025-05-09T00:00:00.000Z,2025-12-19T00:00:00.000Z,True,Madhya Pradesh,Lok Sabha,196570,196571,False
196572,Gram panchayat me PCC Road hetu,Normal/Others,Ganesh Singh,SATNA,SATNA(DISTRICT COLLECTOR SATNA_IDA),500000.0,499800.0,2025-05-09T00:00:00.000Z,2026-02-17T00:00:00.000Z,True,Madhya Pradesh,Lok Sabha,196572,196573,False
197107,Gram panchayat me PCC ROAD Nirman hetu,Normal/Others,Ganesh Singh,SATNA,SATNA(DISTRICT COLLECTOR SATNA_IDA),500000.0,500000.0,2025-05-15T00:00:00.000Z,2025-12-14T00:00:00.000Z,True,Madhya Pradesh,Lok Sabha,197107,197108,False
200938,Gram Panchayat me PCC Road Nirman hetu,Normal/Others,Ganesh Singh,SATNA,Maihar(District Collector Maihar_IDA),500000.0,500000.0,2025-05-15T00:00:00.000Z,2025-12-18T00:00:00.000Z,True,Madhya Pradesh,Lok Sabha,200938,197109,False
199902,Gram panchayat me PCC Road Nirman hetu,Normal/Others,Ganesh Singh,SATNA,SATNA(DISTRICT COLLECTOR SATNA_IDA),500000.0,499600.0,2025-05-15T00:00:00.000Z,2026-01-27T00:00:00.000Z,True,Madhya Pradesh,Lok Sabha,199902,197110,False
200940,Gram Panchayat me PCC Road Nirman hetu,Normal/Others,Ganesh Singh,SATNA,Maihar(District Collector Maihar_IDA),500000.0,500000.0,2025-06-09T00:00:00.000Z,2026-01-27T00:00:00.000Z,True,Madhya Pradesh,Lok Sabha,200940,199901,False
199813,Gram panchayat me PCC Road Nrman hetu,Normal/Others,Ganesh Singh,SATNA,SATNA(DISTRICT COLLECTOR SATNA_IDA),500000.0,500000.0,2025-06-09T00:00:00.000Z,2026-02-07T00:00:00.000Z,True,Madhya Pradesh,Lok Sabha,199813,199814,False
198156,Gram Panchayat PCC Road  Nirman hetu,Normal/Others,Ganesh Singh,SATNA,SATNA(DISTRICT COLLECTOR SATNA_IDA),500000.0,500000.0,2025-05-15T00:00:00.000Z,2025-12-09T00:00:00.000Z,True,Madhya Pradesh,Lok Sabha,198156,198154,False
198158,Gram Panchayat PCC Road Nirman hetu,Normal/Others,Ganesh Singh,SATNA,SATNA(DISTRICT COLLECTOR SATNA_IDA),500000.0,500000.0,2025-05-15T00:00:00.000Z,2026-05-13T00:00:00.000Z,True,Madhya Pradesh,Lok Sabha,198158,198157,False
199639,"Construction of a Museum at 2 No. Tupsinga Gaon, Sadiya, Tinsukia District, Assam.",Normal/Others,GAURAV GOGOI,JORHAT,TINSUKIA(DC Tinsukia),999998.0,999998.0,2025-05-14T00:00:00.000Z,2026-04-28T00:00:00.000Z,True,Assam,Lok Sabha,199639,1306,True
137725,12 solar lights at different public places amount 50000 par light,Normal/Others,Smt. Geeta alias Chandraprabha (2020-26),Sitting Rajya Sabha,AURAIYA(DISTRICT MAGISTRATE AURAIYA_IDA),600000.0,599941.0,2024-08-29T00:00:00.000Z,2026-02-12T00:00:00.000Z,True,Uttar Pradesh,Rajya Sabha,137725,137717,True
136177,"3 high mast light at different public places 
Amount 280000 per light",Normal/Others,Smt. Geeta alias Chandraprabha (2020-26),Sitting Rajya Sabha,AURAIYA(DISTRICT MAGISTRATE AURAIYA_IDA),840000.0,840000.0,2024-08-18T00:00:00.000Z,2026-02-14T00:00:00.000Z,True,Uttar Pradesh,Rajya Sabha,136177,136172,False
60007,Multi purpose waiting hall for passengers and police personnel etc,Normal/Others,Smt. Geeta alias Chandraprabha (2020-26),Sitting Rajya Sabha,AURAIYA(DISTRICT MAGISTRATE AURAIYA_IDA),990000.0,989705.0,2023-12-09T00:00:00.000Z,2026-01-23T00:00:00.000Z,True,Uttar Pradesh,Rajya Sabha,60007,60010,False
60003,Multi purpose waiting hall i.e for passengers and police etc,Normal/Others,Smt. Geeta alias Chandraprabha (2020-26),Sitting Rajya Sabha,AURAIYA(DISTRICT MAGISTRATE AURAIYA_IDA),990000.0,989705.0,2023-12-09T00:00:00.000Z,2026-01-24T00:00:00.000Z,True,Uttar Pradesh,Rajya Sabha,60003,60002,False
243014,PROVIDING ELECTRICAL POLES AND POWER CONNECTION TO REGI BHADAVA HABITATION IN KUYYERU VILLAGE OF KAJULURU MANDAL,Normal/Others,GM Harish Balayogi,AMALAPURAM,Kakinada(DISTRICT COLLECTOR KAKINADA_IDA),123000.0,123000.0,2025-10-19T00:00:00.000Z,2026-04-18T00:00:00.000Z,True,Andhra Pradesh,Lok Sabha,243014,1717,True
176649,manigachhi prakhand antargat balaur panchayat ke balaur chowk ke nikat sarvajanik sthal par mini high mast electric light ka adhisthapan karya,Normal/Others,Mr Gopal Jee Thakur,DARBHANGA,DARBHANGA(DISTRICT PLANNING OFFICER DARBANGA_IDA),495500.0,495000.0,2026-05-26T00:00:00.000Z,2026-02-26T00:00:00.000Z,False,Bihar,Lok Sabha,176649,283971,False
186328,"Construction of CC drainage at M.Mallavaram village, Gokavaram Mandal",Normal/Others,Gumma Thanuja Rani,ARAKU,"EAST GODAVARI(DISTRICT COLLECTOR, EAST GODAVARI)",500000.0,403053.0,2025-03-25T00:00:00.000Z,2025-11-27T00:00:00.000Z,True,Andhra Pradesh,Lok Sabha,186328,1199,True
185780,construction of cc drains,Normal/Others,Gumma Thanuja Rani,ARAKU,"EAST GODAVARI(DISTRICT COLLECTOR, EAST GODAVARI)",500000.0,427822.0,2025-03-24T00:00:00.000Z,2025-11-27T00:00:00.000Z,True,Andhra Pradesh,Lok Sabha,185780,1184,True
161331,Construction of community centers and community halls,Normal/Others,Gumma Thanuja Rani,ARAKU,Alluri Sitharama Raju(DISTRICT COLLECTOR ALLURI SITHARAMARAJU_IDA),3000000.0,3988680.0,2024-12-27T00:00:00.000Z,2026-05-12T00:00:00.000Z,True,Andhra Pradesh,Lok Sabha,161331,161333,False
157507,purchase of street lights,Normal/Others,Gumma Thanuja Rani,ARAKU,Alluri Sitharama Raju(DISTRICT COLLECTOR ALLURI SITHARAMARAJU_IDA),1394400.0,1394400.0,2024-11-11T00:00:00.000Z,2025-02-04T00:00:00.000Z,True,Andhra Pradesh,Lok Sabha,157507,151986,False
157508,purchase of street lights,Normal/Others,Gumma Thanuja Rani,ARAKU,Alluri Sitharama Raju(DISTRICT COLLECTOR ALLURI SITHARAMARAJU_IDA),1394400.0,1394400.0,2024-11-12T00:00:00.000Z,2025-02-04T00:00:00.000Z,True,Andhra Pradesh,Lok Sabha,157508,152143,False
152096,purchase of street lights,Normal/Others,Gumma Thanuja Rani,ARAKU,Alluri Sitharama Raju(DISTRICT COLLECTOR ALLURI SITHARAMARAJU_IDA),1394400.0,1394400.0,2024-11-12T00:00:00.000Z,2025-02-05T00:00:00.000Z,True,Andhra Pradesh,Lok Sabha,152096,152144,False
152141,purchase of street lights,Normal/Others,Gumma Thanuja Rani,ARAKU,Alluri Sitharama Raju(DISTRICT COLLECTOR ALLURI SITHARAMARAJU_IDA),1394400.0,1394400.0,2024-11-12T00:00:00.000Z,2025-02-05T00:00:00.000Z,True,Andhra Pradesh,Lok Sabha,152141,152146,False
152145,purchase of street lights,Normal/Others,Gumma Thanuja Rani,ARAKU,Alluri Sitharama Raju(DISTRICT COLLECTOR ALLURI SITHARAMARAJU_IDA),1394400.0,1394400.0,2024-11-12T00:00:00.000Z,2025-02-05T00:00:00.000Z,True,Andhra Pradesh,Lok Sabha,152145,152147,False
226995,FOR CONST OF STREET AND DRAINS,Normal/Others,Shri Gurjeet Singh Aujla,AMRITSAR,AMRITSAR(DEPUTY COMMISSIONER AMRITSAR_IDA),500000.0,200000.0,2025-08-23T00:00:00.000Z,2026-07-27T00:00:00.000Z,True,Punjab,Lok Sabha,226995,227413,False
257663,For Const of Street and Drains (Interlocking Tiles),Normal/Others,Shri Gurjeet Singh Aujla,AMRITSAR,AMRITSAR(DEPUTY COMMISSIONER AMRITSAR_IDA),250000.0,482000.0,2026-01-10T00:00:00.000Z,2026-03-06T00:00:00.000Z,False,Punjab,Lok Sabha,257663,258125,False
203204,For Construction of Street,Normal/Others,Shri Gurjeet Singh Aujla,AMRITSAR,AMRITSAR(DEPUTY COMMISSIONER AMRITSAR_IDA),200000.0,500000.0,2025-06-02T00:00:00.000Z,2025-08-20T00:00:00.000Z,False,Punjab,Lok Sabha,203204,203298,False
208842,For Interlocking Tiles,Normal/Others,Shri Gurjeet Singh Aujla,AMRITSAR,AMRITSAR(DEPUTY COMMISSIONER AMRITSAR_IDA),500000.0,400000.0,2026-03-25T00:00:00.000Z,2026-04-30T00:00:00.000Z,True,Punjab,Lok Sabha,208842,275251,False
254096,For Interlocking Tiles at Street,Normal/Others,Shri Gurjeet Singh Aujla,AMRITSAR,AMRITSAR(DEPUTY COMMISSIONER AMRITSAR_IDA),490000.0,497025.0,2026-03-25T00:00:00.000Z,2026-03-05T00:00:00.000Z,False,Punjab,Lok Sabha,254096,275273,False
230891,Water tanker fogging machines and gensets  for flood affected Village to 100 in District Amritsar,Normal/Others,GURMEET SINGH MEET HAYER,SANGRUR,AMRITSAR(DEPUTY COMMISSIONER AMRITSAR_IDA),214500.0,214500.0,2025-09-02T00:00:00.000Z,2025-09-18T00:00:00.000Z,False,Punjab,Lok Sabha,230891,1564,False
230892,Water tanker fogging machines and gensets  for flood affected Village to 100 in District Amritsar,Normal/Others,GURMEET SINGH MEET HAYER,SANGRUR,AMRITSAR(DEPUTY COMMISSIONER AMRITSAR_IDA),214500.0,214500.0,2025-09-02T00:00:00.000Z,2025-09-18T00:00:00.000Z,False,Punjab,Lok Sabha,230892,1565,False
230893,Water tanker fogging machines and gensets  for flood affected Village to 100 in District Amritsar,Normal/Others,GURMEET SINGH MEET HAYER,SANGRUR,AMRITSAR(DEPUTY COMMISSIONER AMRITSAR_IDA),214500.0,214500.0,2025-09-02T00:00:00.000Z,2025-09-18T00:00:00.000Z,False,Punjab,Lok Sabha,230893,1566,False
230894,Water tanker fogging machines and gensets  for flood affected Village to 100 in District Amritsar,Normal/Others,GURMEET SINGH MEET HAYER,SANGRUR,AMRITSAR(DEPUTY COMMISSIONER AMRITSAR_IDA),214500.0,214500.0,2025-09-02T00:00:00.000Z,2025-09-18T00:00:00.000Z,False,Punjab,Lok Sabha,230894,1567,False
230895,Water tanker fogging machines and gensets  for flood affected Village to 100 in District Amritsar,Normal/Others,GURMEET SINGH MEET HAYER,SANGRUR,AMRITSAR(DEPUTY COMMISSIONER AMRITSAR_IDA),214500.0,214500.0,2025-09-02T00:00:00.000Z,2025-09-18T00:00:00.000Z,False,Punjab,Lok Sabha,230895,1568,False
230896,Water tanker fogging machines and gensets  for flood affected Village to 100 in District Amritsar,Normal/Others,GURMEET SINGH MEET HAYER,SANGRUR,AMRITSAR(DEPUTY COMMISSIONER AMRITSAR_IDA),214500.0,214500.0,2025-09-02T00:00:00.000Z,2025-09-18T00:00:00.000Z,False,Punjab,Lok Sabha,230896,1569,False
230897,Water tanker fogging machines and gensets  for flood affected Village to 100 in District Amritsar,Normal/Others,GURMEET SINGH MEET HAYER,SANGRUR,AMRITSAR(DEPUTY COMMISSIONER AMRITSAR_IDA),214500.0,214500.0,2025-09-02T00:00:00.000Z,2025-09-18T00:00:00.000Z,False,Punjab,Lok Sabha,230897,1570,False
230898,Water tanker fogging machines and gensets  for flood affected Village to 100 in District Amritsar,Normal/Others,GURMEET SINGH MEET HAYER,SANGRUR,AMRITSAR(DEPUTY COMMISSIONER AMRITSAR_IDA),214500.0,214500.0,2025-09-02T00:00:00.000Z,2025-09-18T00:00:00.000Z,False,Punjab,Lok Sabha,230898,1571,False
230899,Water tanker fogging machines and gensets  for flood affected Village to 100 in District Amritsar,Normal/Others,GURMEET SINGH MEET HAYER,SANGRUR,AMRITSAR(DEPUTY COMMISSIONER AMRITSAR_IDA),214500.0,214500.0,2025-09-02T00:00:00.000Z,2025-09-18T00:00:00.000Z,False,Punjab,Lok Sabha,230899,1572,False
230900,Water tanker fogging machines and gensets  for flood affected Village to 100 in District Amritsar,Normal/Others,GURMEET SINGH MEET HAYER,SANGRUR,AMRITSAR(DEPUTY COMMISSIONER AMRITSAR_IDA),214500.0,214500.0,2025-09-02T00:00:00.000Z,2025-09-18T00:00:00.000Z,False,Punjab,Lok Sabha,230900,1573,False
205714,Construction Of DR BR Ambedkar Samudhaya Bhavana On Going Work,Normal/Others,H.D. KUMARASWAMY,MANDYA,MYSURU(DEPUTY COMMISSIONER MYSORE_IDA),1000000.0,500000.0,2025-06-10T00:00:00.000Z,2025-11-26T00:00:00.000Z,True,Karnataka,Lok Sabha,205714,204448,False
77729,Construction of community centers and community halls,Normal/Others,Shri Harbhajan Singh (2022-28),Sitting Rajya Sabha,JALANDHAR(DEPUTY COMMISSIONER JALANDHAR_IDA),500000.0,1000000.0,2024-01-12T00:00:00.000Z,2026-02-05T00:00:00.000Z,True,Punjab,Rajya Sabha,77729,80673,False
80691,Construction of stadiums,Normal/Others,Shri Harbhajan Singh (2022-28),Sitting Rajya Sabha,HOSHIARPUR(DEPUTY COMMISSIONER HOSHIARPUR_IDA),1000000.0,250000.0,2024-01-12T00:00:00.000Z,2025-09-23T00:00:00.000Z,False,Punjab,Rajya Sabha,80691,80690,False
213621,solar lights,Normal/Others,Shri Harbhajan Singh (2022-28),Sitting Rajya Sabha,HOSHIARPUR(DEPUTY COMMISSIONER HOSHIARPUR_IDA),200000.0,200000.0,2025-06-30T00:00:00.000Z,2025-08-29T00:00:00.000Z,True,Punjab,Rajya Sabha,213621,213624,False
213625,street and drain,Normal/Others,Shri Harbhajan Singh (2022-28),Sitting Rajya Sabha,HOSHIARPUR(DEPUTY COMMISSIONER HOSHIARPUR_IDA),200000.0,200000.0,2025-06-28T00:00:00.000Z,2025-10-31T00:00:00.000Z,False,Punjab,Rajya Sabha,213625,213247,False
80685,VALMIK DHARAMSHALA,Normal/Others,Shri Harbhajan Singh (2022-28),Sitting Rajya Sabha,JALANDHAR(DEPUTY COMMISSIONER JALANDHAR_IDA),300000.0,499100.0,2024-01-12T00:00:00.000Z,2026-03-16T00:00:00.000Z,True,Punjab,Rajya Sabha,80685,80674,False
80679,VALMIK DHARAMSHALA,Normal/Others,Shri Harbhajan Singh (2022-28),Sitting Rajya Sabha,JALANDHAR(DEPUTY COMMISSIONER JALANDHAR_IDA),300000.0,300000.0,2024-01-12T00:00:00.000Z,2026-03-25T00:00:00.000Z,True,Punjab,Rajya Sabha,80679,80678,False
157345,Construction of Bus sheds,Normal/Others,Shri Harsh Mahajan (2024-30),Sitting Rajya Sabha,CHAMBA(DEPUTY COMMISSIONER CHAMBA_IDA),200000.0,150000.0,2024-12-08T00:00:00.000Z,2026-01-28T00:00:00.000Z,False,Himachal Pradesh,Rajya Sabha,157345,157349,False
156274,Construction of Community centre and hall,Normal/Others,Shri Harsh Mahajan (2024-30),Sitting Rajya Sabha,KANGRA(DEPUTY COMMISSIONER KANGRA_IDA),300000.0,294037.0,2024-12-01T00:00:00.000Z,2025-08-18T00:00:00.000Z,True,Himachal Pradesh,Rajya Sabha,156274,156273,False
157348,Construction of Culverts and Bridge,Normal/Others,Shri Harsh Mahajan (2024-30),Sitting Rajya Sabha,CHAMBA(DEPUTY COMMISSIONER CHAMBA_IDA),100000.0,200000.0,2024-12-08T00:00:00.000Z,2025-10-16T00:00:00.000Z,True,Himachal Pradesh,Rajya Sabha,157348,157343,False
172142,Construction of Link Road and pathways,Normal/Others,Shri Harsh Mahajan (2024-30),Sitting Rajya Sabha,"BILASPUR(DEPUTY COMMISSIONER, BILASPUR)",200000.0,250000.0,2024-12-01T00:00:00.000Z,2026-03-11T00:00:00.000Z,False,Himachal Pradesh,Rajya Sabha,172142,156164,False
172148,Construction of Link Road and pathways,Normal/Others,Shri Harsh Mahajan (2024-30),Sitting Rajya Sabha,"BILASPUR(DEPUTY COMMISSIONER, BILASPUR)",500000.0,250000.0,2024-12-01T00:00:00.000Z,2026-03-11T00:00:00.000Z,False,Himachal Pradesh,Rajya Sabha,172148,156267,False
172152,Construction of Link Road and pathways,Normal/Others,Shri Harsh Mahajan (2024-30),Sitting Rajya Sabha,"BILASPUR(DEPUTY COMMISSIONER, BILASPUR)",150000.0,250000.0,2025-02-04T00:00:00.000Z,2026-03-11T00:00:00.000Z,False,Himachal Pradesh,Rajya Sabha,172152,172154,False
157339,Construction of Links Road and Pathways,Normal/Others,Shri Harsh Mahajan (2024-30),Sitting Rajya Sabha,CHAMBA(DEPUTY COMMISSIONER CHAMBA_IDA),200000.0,150000.0,2024-12-08T00:00:00.000Z,2025-04-03T00:00:00.000Z,False,Himachal Pradesh,Rajya Sabha,157339,157337,False
157364,Construction of Links Road and Pathways,Normal/Others,Shri Harsh Mahajan (2024-30),Sitting Rajya Sabha,CHAMBA(DEPUTY COMMISSIONER CHAMBA_IDA),200000.0,149933.0,2025-03-05T00:00:00.000Z,2025-11-17T00:00:00.000Z,True,Himachal Pradesh,Rajya Sabha,157364,179215,False
146817,construction work of Development of playground,Normal/Others,Shri Harsh Mahajan (2024-30),Sitting Rajya Sabha,CHAMBA(DEPUTY COMMISSIONER CHAMBA_IDA),150000.0,200000.0,2024-10-13T00:00:00.000Z,2025-03-06T00:00:00.000Z,True,Himachal Pradesh,Rajya Sabha,146817,146815,False
147624,Construction Work of Link Road,Normal/Others,Shri Harsh Mahajan (2024-30),Sitting Rajya Sabha,CHAMBA(DEPUTY COMMISSIONER CHAMBA_IDA),200000.0,199000.0,2024-10-13T00:00:00.000Z,2025-06-10T00:00:00.000Z,True,Himachal Pradesh,Rajya Sabha,147624,146833,False
146876,construction work of Link Road,Normal/Others,Shri Harsh Mahajan (2024-30),Sitting Rajya Sabha,HAMIRPUR(DEPUTY COMMISSIONER HAMIRPUR_IDA),150000.0,300000.0,2024-10-13T00:00:00.000Z,2025-08-05T00:00:00.000Z,True,Himachal Pradesh,Rajya Sabha,146876,146847,False
146836,construction work of Link Road,Normal/Others,Shri Harsh Mahajan (2024-30),Sitting Rajya Sabha,CHAMBA(DEPUTY COMMISSIONER CHAMBA_IDA),150000.0,199870.0,2024-10-13T00:00:00.000Z,2025-11-17T00:00:00.000Z,True,Himachal Pradesh,Rajya Sabha,146836,146855,False
146848,construction work of Link Road,Normal/Others,Shri Harsh Mahajan (2024-30),Sitting Rajya Sabha,UNA(DEPUTY COMMISSIOENR UNA_IDA),100000.0,150000.0,2024-10-13T00:00:00.000Z,2026-01-09T00:00:00.000Z,True,Himachal Pradesh,Rajya Sabha,146848,146856,False
146849,construction work of Link Road,Normal/Others,Shri Harsh Mahajan (2024-30),Sitting Rajya Sabha,UNA(DEPUTY COMMISSIOENR UNA_IDA),100000.0,50000.0,2024-10-13T00:00:00.000Z,2026-01-09T00:00:00.000Z,True,Himachal Pradesh,Rajya Sabha,146849,146858,False
147889,Construction Work of Link Roads And pathways,Normal/Others,Shri Harsh Mahajan (2024-30),Sitting Rajya Sabha,SHIMLA(DEPUTY COMMISSIONER SHIMLA_IDA),200000.0,400000.0,2024-10-13T00:00:00.000Z,2025-07-19T00:00:00.000Z,False,Himachal Pradesh,Rajya Sabha,147889,146870,False
146871,construction work of Link Roads And pathways,Normal/Others,Shri Harsh Mahajan (2024-30),Sitting Rajya Sabha,CHAMBA(DEPUTY COMMISSIONER CHAMBA_IDA),200000.0,200000.0,2024-10-13T00:00:00.000Z,2026-01-28T00:00:00.000Z,False,Himachal Pradesh,Rajya Sabha,146871,146873,False
146819,construction work of Pucca Pathway’s,Normal/Others,Shri Harsh Mahajan (2024-30),Sitting Rajya Sabha,CHAMBA(DEPUTY COMMISSIONER CHAMBA_IDA),200000.0,199966.0,2024-10-13T00:00:00.000Z,2025-06-04T00:00:00.000Z,True,Himachal Pradesh,Rajya Sabha,146819,146823,False
156125,Development of playfields and sports ground,Normal/Others,Shri Harsh Mahajan (2024-30),Sitting Rajya Sabha,CHAMBA(DEPUTY COMMISSIONER CHAMBA_IDA),300000.0,100000.0,2025-02-05T00:00:00.000Z,2025-10-24T00:00:00.000Z,True,Himachal Pradesh,Rajya Sabha,156125,172860,False
177919,Construction of Artistic Gazebo,Normal/Others,Harsh Malhotra,EAST DELHI,EAST(COMMISSIONER EAST),786797.0,1212765.0,2025-12-01T00:00:00.000Z,2026-02-18T00:00:00.000Z,True,Delhi,Lok Sabha,177919,250475,False
204524,Providing or fixing of Open Air Gym Equipment,Normal/Others,Harsh Malhotra,EAST DELHI,EAST(COMMISSIONER EAST),1467121.0,809363.0,2025-06-24T00:00:00.000Z,2026-08-21T00:00:00.000Z,True,Delhi,Lok Sabha,204524,204525,False
200882,Supply and Installation of Children Play Equipment,Normal/Others,Harsh Malhotra,EAST DELHI,EAST(COMMISSIONER EAST),180480.0,620389.0,2025-10-06T00:00:00.000Z,2026-04-02T00:00:00.000Z,True,Delhi,Lok Sabha,200882,234932,False
200911,Supply and Installation of Open Gym Equipment,Normal/Others,Harsh Malhotra,EAST DELHI,EAST(COMMISSIONER EAST),304800.0,176784.0,2025-06-04T00:00:00.000Z,2026-04-06T00:00:00.000Z,True,Delhi,Lok Sabha,200911,200913,False
200949,Supply and Installation of Open Gym Equipment,Normal/Others,Harsh Malhotra,EAST DELHI,EAST(COMMISSIONER EAST),490140.0,244586.0,2025-10-06T00:00:00.000Z,2026-04-06T00:00:00.000Z,True,Delhi,Lok Sabha,200949,234929,False
204486,Supply and Installation of Open Gym Equipment,Normal/Others,Harsh Malhotra,EAST DELHI,EAST(COMMISSIONER EAST),490140.0,203406.0,2025-10-06T00:00:00.000Z,2026-04-07T00:00:00.000Z,True,Delhi,Lok Sabha,204486,234931,False
204494,Supply and Installation of Open Gym Equipment,Normal/Others,Harsh Malhotra,EAST DELHI,EAST(COMMISSIONER EAST),426850.0,203406.0,2025-10-06T00:00:00.000Z,2026-04-07T00:00:00.000Z,True,Delhi,Lok Sabha,204494,235106,False
200874,Supply and Installation of Open Gym Equipment,Normal/Others,Harsh Malhotra,EAST DELHI,EAST(COMMISSIONER EAST),426850.0,244586.0,2025-10-06T00:00:00.000Z,2026-07-29T00:00:00.000Z,True,Delhi,Lok Sabha,200874,235107,False
200912,Supply and Installation of Open Gym Equipment,Normal/Others,Harsh Malhotra,EAST DELHI,EAST(COMMISSIONER EAST),541650.0,176784.0,2025-10-06T00:00:00.000Z,2026-07-29T00:00:00.000Z,True,Delhi,Lok Sabha,200912,236959,False
200948,Supply and Installation of Open Gym Equipment,Normal/Others,Harsh Malhotra,EAST DELHI,EAST(COMMISSIONER EAST),426850.0,244586.0,2025-10-06T00:00:00.000Z,2026-07-29T00:00:00.000Z,True,Delhi,Lok Sabha,200948,236960,False
204487,Supply and Installation of Open Gym Equipment,Normal/Others,Harsh Malhotra,EAST DELHI,EAST(COMMISSIONER EAST),529149.0,203406.0,2025-12-01T00:00:00.000Z,2026-07-29T00:00:00.000Z,True,Delhi,Lok Sabha,204487,251086,False
197553,Supply and Installation of Open Gym Equipments,Normal/Others,Harsh Malhotra,EAST DELHI,EAST(COMMISSIONER EAST),209200.0,244586.0,2025-05-26T00:00:00.000Z,2026-04-06T00:00:00.000Z,True,Delhi,Lok Sabha,197553,203719,False
197538,Supply and Installation of Open Gym Equipments,Normal/Others,Harsh Malhotra,EAST DELHI,EAST(COMMISSIONER EAST),153200.0,244586.0,2025-05-26T00:00:00.000Z,2026-04-07T00:00:00.000Z,True,Delhi,Lok Sabha,197538,203721,False
142660,Construction of Gym Room,Normal/Others,Smt Harsimrat Kaur Badal,BHATINDA,MANSA(DEPUTY COMMISSIONER MANSA_IDA),499800.0,199999.0,2025-04-29T00:00:00.000Z,2026-03-09T00:00:00.000Z,True,Punjab,Lok Sabha,142660,195386,False
142662,Construction of Public Shed,Normal/Others,Smt Harsimrat Kaur Badal,BHATINDA,MANSA(DEPUTY COMMISSIONER MANSA_IDA),150000.0,200000.0,2026-05-13T00:00:00.000Z,2025-10-27T00:00:00.000Z,True,Punjab,Lok Sabha,142662,280634,False
141310,Construction of Shed,Normal/Others,Smt Harsimrat Kaur Badal,BHATINDA,SRI MUKTSAR SAHIB(DEPUTY COMMISSIONER SRI MUKTSAR SAHIB_IDA),200000.0,200000.0,2025-08-13T00:00:00.000Z,2026-02-24T00:00:00.000Z,True,Punjab,Lok Sabha,141310,226782,False
210117,Gym Equipment,Normal/Others,Smt Harsimrat Kaur Badal,BHATINDA,SRI MUKTSAR SAHIB(DEPUTY COMMISSIONER SRI MUKTSAR SAHIB_IDA),150000.0,500000.0,2025-06-18T00:00:00.000Z,2026-02-24T00:00:00.000Z,True,Punjab,Lok Sabha,210117,210125,False
210107,Mobile Water Tank,Normal/Others,Smt Harsimrat Kaur Badal,BHATINDA,SRI MUKTSAR SAHIB(DEPUTY COMMISSIONER SRI MUKTSAR SAHIB_IDA),150000.0,250000.0,2025-04-29T00:00:00.000Z,2026-02-23T00:00:00.000Z,False,Punjab,Lok Sabha,210107,195388,False
232929,Purchase of 1 pump set for water lift,Normal/Others,Smt Harsimrat Kaur Badal,BHATINDA,MANSA(DEPUTY COMMISSIONER MANSA_IDA),50000.0,50000.0,2025-09-11T00:00:00.000Z,2026-01-04T00:00:00.000Z,False,Punjab,Lok Sabha,232929,232930,False
232928,Purchase of 1 pump set for water lift,Normal/Others,Smt Harsimrat Kaur Badal,BHATINDA,MANSA(DEPUTY COMMISSIONER MANSA_IDA),60000.0,50000.0,2025-09-11T00:00:00.000Z,2026-02-03T00:00:00.000Z,False,Punjab,Lok Sabha,232928,232931,False
141808,Stainless Steel Mobile Water Tank With Fire Fighting equipment (Capacity 5000 Ltr),Normal/Others,Smt Harsimrat Kaur Badal,BHATINDA,SRI MUKTSAR SAHIB(DEPUTY COMMISSIONER SRI MUKTSAR SAHIB_IDA),400000.0,400000.0,2025-06-19T00:00:00.000Z,2026-01-27T00:00:00.000Z,True,Punjab,Lok Sabha,141808,210362,False
210124,Street lights,Normal/Others,Smt Harsimrat Kaur Badal,BHATINDA,BATHINDA(DEPUTY COMMISSIONER BHATINDA_IDA),240000.0,106680.0,2025-05-27T00:00:00.000Z,2026-04-02T00:00:00.000Z,True,Punjab,Lok Sabha,210124,203961,False
268214,"Suction Pipe, Motor engine, Canvas pipe",Normal/Others,Smt Harsimrat Kaur Badal,BHATINDA,FAZILKA(DEPUTY COMMISSIONER FAZILKA_IDA),467000.0,467000.0,2026-02-13T00:00:00.000Z,2026-04-01T00:00:00.000Z,False,Punjab,Lok Sabha,268214,1892,False
268215,"Suction Pipe, Motor engine, Canvas pipe",Normal/Others,Smt Harsimrat Kaur Badal,BHATINDA,FAZILKA(DEPUTY COMMISSIONER FAZILKA_IDA),543754.0,543754.0,2026-02-13T00:00:00.000Z,2026-04-01T00:00:00.000Z,False,Punjab,Lok Sabha,268215,1893,False
268216,"Suction Pipe, Motor engine, Canvas pipe",Normal/Others,Smt Harsimrat Kaur Badal,BHATINDA,FAZILKA(DEPUTY COMMISSIONER FAZILKA_IDA),678179.0,678179.0,2026-02-13T00:00:00.000Z,2026-04-01T00:00:00.000Z,False,Punjab,Lok Sabha,268216,1894,False
268217,"Suction Pipe, Motor engine, Canvas pipe",Normal/Others,Smt Harsimrat Kaur Badal,BHATINDA,FAZILKA(DEPUTY COMMISSIONER FAZILKA_IDA),543734.0,543734.0,2026-02-13T00:00:00.000Z,2026-04-01T00:00:00.000Z,False,Punjab,Lok Sabha,268217,1895,False
273833,"Suction pipe, Motor engine, Canvas pipe",Normal/Others,Smt Harsimrat Kaur Badal,BHATINDA,FAZILKA(DEPUTY COMMISSIONER FAZILKA_IDA),407918.0,407918.0,2026-03-12T00:00:00.000Z,2026-05-11T00:00:00.000Z,False,Punjab,Lok Sabha,273833,1955,False
145165,sadhi gam ma Kendra sarkar dwara sanchalit Javahar Navoday Vidyalaya chatty Panch smartclassroom ni khareedi,Normal/Others,DR. HEMANG JOSHI,VADODARA,VADODARA(DISTRICT COLLECTOR VADODARA_IDA),625000.0,625000.0,2024-10-02T00:00:00.000Z,2025-09-15T00:00:00.000Z,True,Gujarat,Lok Sabha,145165,847,True
172125,"12 solar street light installation work. Implementing Agency - PWD EM, Rewa Division",Normal/Others,Smt Himadri Singh,SHAHDOL,ANUPPUR(DISTRICT COLLECTOR ANUPPUR_IDA),370794.0,366964.0,2025-02-03T00:00:00.000Z,2026-04-13T00:00:00.000Z,True,Madhya Pradesh,Lok Sabha,172125,172106,False
172126,"12 solar street light installation work. Implementing Agency - PWD EM, Rewa Division",Normal/Others,Smt Himadri Singh,SHAHDOL,ANUPPUR(DISTRICT COLLECTOR ANUPPUR_IDA),370794.0,366964.0,2025-02-03T00:00:00.000Z,2026-04-13T00:00:00.000Z,True,Madhya Pradesh,Lok Sabha,172126,172107,False
172127,"12 solar street light installation work. Implementing Agency - PWD EM, Rewa Division",Normal/Others,Smt Himadri Singh,SHAHDOL,ANUPPUR(DISTRICT COLLECTOR ANUPPUR_IDA),370794.0,366964.0,2025-02-03T00:00:00.000Z,2026-04-13T00:00:00.000Z,True,Madhya Pradesh,Lok Sabha,172127,172108,False
172128,"12 solar street light installation work. Implementing Agency - PWD EM, Rewa Division",Normal/Others,Smt Himadri Singh,SHAHDOL,ANUPPUR(DISTRICT COLLECTOR ANUPPUR_IDA),370794.0,366964.0,2025-02-03T00:00:00.000Z,2026-04-13T00:00:00.000Z,True,Madhya Pradesh,Lok Sabha,172128,172109,False
172129,"12 solar street light installation work. Implementing Agency - PWD EM, Rewa Division",Normal/Others,Smt Himadri Singh,SHAHDOL,ANUPPUR(DISTRICT COLLECTOR ANUPPUR_IDA),370794.0,366964.0,2025-02-03T00:00:00.000Z,2026-04-13T00:00:00.000Z,True,Madhya Pradesh,Lok Sabha,172129,172110,False
172130,"12 solar street light installation work. Implementing Agency - PWD EM, Rewa Division",Normal/Others,Smt Himadri Singh,SHAHDOL,ANUPPUR(DISTRICT COLLECTOR ANUPPUR_IDA),370794.0,366964.0,2025-02-03T00:00:00.000Z,2026-04-13T00:00:00.000Z,True,Madhya Pradesh,Lok Sabha,172130,172111,False
172131,"12 solar street light installation work. Implementing Agency - PWD EM, Rewa Division",Normal/Others,Smt Himadri Singh,SHAHDOL,ANUPPUR(DISTRICT COLLECTOR ANUPPUR_IDA),370794.0,366964.0,2025-02-03T00:00:00.000Z,2026-04-13T00:00:00.000Z,True,Madhya Pradesh,Lok Sabha,172131,172112,False
172132,"12 solar street light installation work. Implementing Agency - PWD EM, Rewa Division",Normal/Others,Smt Himadri Singh,SHAHDOL,ANUPPUR(DISTRICT COLLECTOR ANUPPUR_IDA),370794.0,366964.0,2025-02-03T00:00:00.000Z,2026-04-13T00:00:00.000Z,True,Madhya Pradesh,Lok Sabha,172132,172113,False
184487,As per attached letter. Half amount is already paid that is why recommendation is for 5L instead of 10L mentioned in the attached letter.,Normal/Others,Shri Imran Pratapgarhi (2022-28),Sitting Rajya Sabha,Chhatrapati Sambhajinagar(DISTRICT COLLECTOR AURANGABAD_IDA),500000.0,496503.0,2025-03-20T00:00:00.000Z,2025-11-15T00:00:00.000Z,False,Maharashtra,Rajya Sabha,184487,184486,False
184381,As per letter attached,Normal/Others,Shri Imran Pratapgarhi (2022-28),Sitting Rajya Sabha,Chhatrapati Sambhajinagar(DISTRICT COLLECTOR AURANGABAD_IDA),1000000.0,999281.0,2025-03-20T00:00:00.000Z,2025-11-12T00:00:00.000Z,False,Maharashtra,Rajya Sabha,184381,184467,False
184382,As per letter attached,Normal/Others,Shri Imran Pratapgarhi (2022-28),Sitting Rajya Sabha,Chhatrapati Sambhajinagar(DISTRICT COLLECTOR AURANGABAD_IDA),1000000.0,999284.0,2025-03-20T00:00:00.000Z,2025-11-12T00:00:00.000Z,False,Maharashtra,Rajya Sabha,184382,184468,False
184383,As per letter attached,Normal/Others,Shri Imran Pratapgarhi (2022-28),Sitting Rajya Sabha,Chhatrapati Sambhajinagar(DISTRICT COLLECTOR AURANGABAD_IDA),1000000.0,999713.0,2025-03-20T00:00:00.000Z,2025-11-15T00:00:00.000Z,False,Maharashtra,Rajya Sabha,184383,184469,False
184498,As per letter attached,Normal/Others,Shri Imran Pratapgarhi (2022-28),Sitting Rajya Sabha,Chhatrapati Sambhajinagar(DISTRICT COLLECTOR AURANGABAD_IDA),18000000.0,999000.0,2025-08-05T00:00:00.000Z,2026-02-02T00:00:00.000Z,False,Maharashtra,Rajya Sabha,184498,225159,False
196965,Construction for Strengthening and retrofitting structural works including other allied works of Cooch Behar Bhawan 3rd Floor at Ward No.31 of Bidhannagar Municipality Sector 1 Bidhannagar Kolkata West Bengal 700064,Repair and Renovation,JAGADISH CHANDRA BARMA BASUNIA,COOCHBEHAR,North 24 Parganas(DISTRICT MAGISTRATE NORTH TWENTY FOUR PARGANAS_IDA),5000000.0,4898435.0,2025-05-05T00:00:00.000Z,2026-08-21T00:00:00.000Z,True,West Bengal,Lok Sabha,196965,1284,True
39229,Concrete Road development work.,Normal/Others,Shri Jaggesh (2022-28),Sitting Rajya Sabha,BENGALURU URBAN(DEPUTY COMMISSIONER BANGALORE URBAN_IDA),500000.0,498420.0,2023-10-19T00:00:00.000Z,2024-10-21T00:00:00.000Z,False,Karnataka,Rajya Sabha,39229,38666,False
39230,Concrete road development work.,Normal/Others,Shri Jaggesh (2022-28),Sitting Rajya Sabha,BENGALURU URBAN(DEPUTY COMMISSIONER BANGALORE URBAN_IDA),500000.0,498901.0,2023-10-20T00:00:00.000Z,2024-10-21T00:00:00.000Z,False,Karnataka,Rajya Sabha,39230,39273,False
39232,Concrete Road development work.,Normal/Others,Shri Jaggesh (2022-28),Sitting Rajya Sabha,BENGALURU URBAN(DEPUTY COMMISSIONER BANGALORE URBAN_IDA),500000.0,499365.0,2023-10-20T00:00:00.000Z,2024-10-21T00:00:00.000Z,False,Karnataka,Rajya Sabha,39232,39274,False
39231,Concrete Road development work.,Normal/Others,Shri Jaggesh (2022-28),Sitting Rajya Sabha,BENGALURU URBAN(DEPUTY COMMISSIONER BANGALORE URBAN_IDA),500000.0,499365.0,2023-10-20T00:00:00.000Z,2024-11-21T00:00:00.000Z,False,Karnataka,Rajya Sabha,39231,39276,False
39234,Concrete Road development work.,Normal/Others,Shri Jaggesh (2022-28),Sitting Rajya Sabha,BENGALURU URBAN(DEPUTY COMMISSIONER BANGALORE URBAN_IDA),500000.0,499365.0,2023-10-21T00:00:00.000Z,2024-11-22T00:00:00.000Z,False,Karnataka,Rajya Sabha,39234,39345,False
39235,Concrete Road development work.,Normal/Others,Shri Jaggesh (2022-28),Sitting Rajya Sabha,BENGALURU URBAN(DEPUTY COMMISSIONER BANGALORE URBAN_IDA),500000.0,499365.0,2023-10-21T00:00:00.000Z,2024-11-22T00:00:00.000Z,False,Karnataka,Rajya Sabha,39235,39346,False
202982,const of shed in Gaushala,Normal/Others,JAI PARKASH,HISAR,JIND(DEPUTY COMMISSIONER JIND),500000.0,495817.0,2025-06-02T00:00:00.000Z,2025-11-21T00:00:00.000Z,True,Haryana,Lok Sabha,202982,202979,False
203347,supply of new water tanker,Normal/Others,JAI PARKASH,HISAR,BHIWANI(DC Cum Nodal Officer MPLADS Bhiwani),150000.0,150000.0,2025-06-02T00:00:00.000Z,2025-12-10T00:00:00.000Z,False,Haryana,Lok Sabha,203347,202460,False
154172,Interlocking and Naali work,Normal/Others,Jai Prakash,HARDOI,HARDOI(DISTRICT MAGISTRATE HARDOI_IDA),1554600.0,1187420.0,2024-11-23T00:00:00.000Z,2025-02-07T00:00:00.000Z,False,Uttar Pradesh,Lok Sabha,154172,154171,False
225857,Lighting of public spaces,Normal/Others,Jai Prakash,HARDOI,HARDOI(DISTRICT MAGISTRATE HARDOI_IDA),3657000.0,9227740.0,2025-03-31T00:00:00.000Z,2026-05-11T00:00:00.000Z,True,Uttar Pradesh,Lok Sabha,225857,188276,False
151376,water tanker,Normal/Others,Janardan Mishra,REWA,MAUGANJ(District Collector Mauganj_IDA),803805.0,1125327.0,2024-11-07T00:00:00.000Z,2025-04-25T00:00:00.000Z,True,Madhya Pradesh,Lok Sabha,151376,151370,False
280713,PAVER BLOCK WORK,Normal/Others,JASHUBHAI BHILUBHAI RATHVA,CHHOTA UDAIPUR,PANCH MAHALS(DISTRICT COLLECTOR PANCHMAHALS_IDA),250000.0,500000.0,2025-08-04T00:00:00.000Z,2026-07-24T00:00:00.000Z,True,Gujarat,Lok Sabha,280713,224994,False
184952,Work of Bore motor,Normal/Others,JASHUBHAI BHILUBHAI RATHVA,CHHOTA UDAIPUR,CHHOTAUDEPUR(DISTRICT COLLECTOR CHHOTA UDEPUR_IDA),125000.0,125000.0,2025-03-21T00:00:00.000Z,2025-11-26T00:00:00.000Z,True,Gujarat,Lok Sabha,184952,184953,True
184972,Work of Bore motor,Normal/Others,JASHUBHAI BHILUBHAI RATHVA,CHHOTA UDAIPUR,CHHOTAUDEPUR(DISTRICT COLLECTOR CHHOTA UDEPUR_IDA),150000.0,100000.0,2025-03-21T00:00:00.000Z,2025-12-18T00:00:00.000Z,False,Gujarat,Lok Sabha,184972,184973,False
184946,Work of C.C.Road,Normal/Others,JASHUBHAI BHILUBHAI RATHVA,CHHOTA UDAIPUR,PANCH MAHALS(DISTRICT COLLECTOR PANCHMAHALS_IDA),100000.0,100000.0,2025-03-20T00:00:00.000Z,2025-10-15T00:00:00.000Z,True,Gujarat,Lok Sabha,184946,184843,False
184947,Work of C.C.Road,Normal/Others,JASHUBHAI BHILUBHAI RATHVA,CHHOTA UDAIPUR,PANCH MAHALS(DISTRICT COLLECTOR PANCHMAHALS_IDA),100000.0,100000.0,2025-03-20T00:00:00.000Z,2025-10-27T00:00:00.000Z,True,Gujarat,Lok Sabha,184947,184844,False
184961,Work of C.C.Road,Normal/Others,JASHUBHAI BHILUBHAI RATHVA,CHHOTA UDAIPUR,CHHOTAUDEPUR(DISTRICT COLLECTOR CHHOTA UDEPUR_IDA),100000.0,200000.0,2025-03-20T00:00:00.000Z,2025-11-04T00:00:00.000Z,True,Gujarat,Lok Sabha,184961,184845,False
188854,Work of C.C.Road,Normal/Others,JASHUBHAI BHILUBHAI RATHVA,CHHOTA UDAIPUR,CHHOTAUDEPUR(DISTRICT COLLECTOR CHHOTA UDEPUR_IDA),100000.0,200000.0,2025-03-20T00:00:00.000Z,2025-11-20T00:00:00.000Z,True,Gujarat,Lok Sabha,188854,184846,False
185064,Work of C.C.Road,Normal/Others,JASHUBHAI BHILUBHAI RATHVA,CHHOTA UDAIPUR,VADODARA(DISTRICT COLLECTOR VADODARA_IDA),100000.0,450000.0,2025-03-20T00:00:00.000Z,2025-12-10T00:00:00.000Z,True,Gujarat,Lok Sabha,185064,184847,False
185058,Work of C.C.Road,Normal/Others,JASHUBHAI BHILUBHAI RATHVA,CHHOTA UDAIPUR,VADODARA(DISTRICT COLLECTOR VADODARA_IDA),100000.0,450000.0,2025-03-20T00:00:00.000Z,2025-12-19T00:00:00.000Z,True,Gujarat,Lok Sabha,185058,184848,False
185060,Work of C.C.Road,Normal/Others,JASHUBHAI BHILUBHAI RATHVA,CHHOTA UDAIPUR,VADODARA(DISTRICT COLLECTOR VADODARA_IDA),100000.0,449497.0,2025-03-20T00:00:00.000Z,2025-12-20T00:00:00.000Z,True,Gujarat,Lok Sabha,185060,184849,False
188853,Work of C.C.Road,Normal/Others,JASHUBHAI BHILUBHAI RATHVA,CHHOTA UDAIPUR,CHHOTAUDEPUR(DISTRICT COLLECTOR CHHOTA UDEPUR_IDA),100000.0,200000.0,2025-03-20T00:00:00.000Z,2025-12-23T00:00:00.000Z,True,Gujarat,Lok Sabha,188853,184850,False
185063,Work of C.C.Road,Normal/Others,JASHUBHAI BHILUBHAI RATHVA,CHHOTA UDAIPUR,VADODARA(DISTRICT COLLECTOR VADODARA_IDA),100000.0,250000.0,2025-03-20T00:00:00.000Z,2026-01-16T00:00:00.000Z,True,Gujarat,Lok Sabha,185063,184851,False
185059,Work of C.C.Road,Normal/Others,JASHUBHAI BHILUBHAI RATHVA,CHHOTA UDAIPUR,VADODARA(DISTRICT COLLECTOR VADODARA_IDA),100000.0,250000.0,2025-03-20T00:00:00.000Z,2026-08-10T00:00:00.000Z,True,Gujarat,Lok Sabha,185059,184852,False
242195,Work of CC Road,Normal/Others,JASHUBHAI BHILUBHAI RATHVA,CHHOTA UDAIPUR,VADODARA(DISTRICT COLLECTOR VADODARA_IDA),300000.0,400000.0,2025-10-15T00:00:00.000Z,2026-02-03T00:00:00.000Z,True,Gujarat,Lok Sabha,242195,242197,False
242200,Work of CC Road,Normal/Others,JASHUBHAI BHILUBHAI RATHVA,CHHOTA UDAIPUR,VADODARA(DISTRICT COLLECTOR VADODARA_IDA),500000.0,250000.0,2026-05-14T00:00:00.000Z,2026-02-21T00:00:00.000Z,True,Gujarat,Lok Sabha,242200,280695,False
242193,Work of CC Road,Normal/Others,JASHUBHAI BHILUBHAI RATHVA,CHHOTA UDAIPUR,VADODARA(DISTRICT COLLECTOR VADODARA_IDA),500000.0,400000.0,2026-05-14T00:00:00.000Z,2026-02-25T00:00:00.000Z,True,Gujarat,Lok Sabha,242193,280696,False
242192,Work of CC Road,Normal/Others,JASHUBHAI BHILUBHAI RATHVA,CHHOTA UDAIPUR,VADODARA(DISTRICT COLLECTOR VADODARA_IDA),500000.0,400000.0,2026-05-14T00:00:00.000Z,2026-02-26T00:00:00.000Z,True,Gujarat,Lok Sabha,242192,280697,False
242194,Work of CC Road,Normal/Others,JASHUBHAI BHILUBHAI RATHVA,CHHOTA UDAIPUR,VADODARA(DISTRICT COLLECTOR VADODARA_IDA),500000.0,400000.0,2026-05-14T00:00:00.000Z,2026-03-02T00:00:00.000Z,True,Gujarat,Lok Sabha,242194,280698,False
280703,WORK OF CC ROAD,Normal/Others,JASHUBHAI BHILUBHAI RATHVA,CHHOTA UDAIPUR,PANCH MAHALS(DISTRICT COLLECTOR PANCHMAHALS_IDA),500000.0,500000.0,2026-05-14T00:00:00.000Z,2026-07-22T00:00:00.000Z,True,Gujarat,Lok Sabha,280703,280699,False
280705,WORK OF CC ROAD,Normal/Others,JASHUBHAI BHILUBHAI RATHVA,CHHOTA UDAIPUR,PANCH MAHALS(DISTRICT COLLECTOR PANCHMAHALS_IDA),500000.0,500000.0,2026-05-14T00:00:00.000Z,2026-07-23T00:00:00.000Z,True,Gujarat,Lok Sabha,280705,280700,False
280706,WORK OF CC ROAD,Normal/Others,JASHUBHAI BHILUBHAI RATHVA,CHHOTA UDAIPUR,PANCH MAHALS(DISTRICT COLLECTOR PANCHMAHALS_IDA),500000.0,500000.0,2026-05-14T00:00:00.000Z,2026-07-23T00:00:00.000Z,True,Gujarat,Lok Sabha,280706,280701,False
280702,WORK OF CC ROAD,Normal/Others,JASHUBHAI BHILUBHAI RATHVA,CHHOTA UDAIPUR,PANCH MAHALS(DISTRICT COLLECTOR PANCHMAHALS_IDA),500000.0,500000.0,2026-05-14T00:00:00.000Z,2026-07-24T00:00:00.000Z,True,Gujarat,Lok Sabha,280702,280704,False
184966,Work of Kozve,Normal/Others,JASHUBHAI BHILUBHAI RATHVA,CHHOTA UDAIPUR,CHHOTAUDEPUR(DISTRICT COLLECTOR CHHOTA UDEPUR_IDA),200000.0,200000.0,2025-03-21T00:00:00.000Z,2025-09-10T00:00:00.000Z,False,Gujarat,Lok Sabha,184966,184964,False
184985,Work of Paver block,Normal/Others,JASHUBHAI BHILUBHAI RATHVA,CHHOTA UDAIPUR,VADODARA(DISTRICT COLLECTOR VADODARA_IDA),100000.0,373774.0,2025-03-20T00:00:00.000Z,2025-09-25T00:00:00.000Z,True,Gujarat,Lok Sabha,184985,184820,False
184943,Work of Paver block,Normal/Others,JASHUBHAI BHILUBHAI RATHVA,CHHOTA UDAIPUR,PANCH MAHALS(DISTRICT COLLECTOR PANCHMAHALS_IDA),100000.0,100000.0,2025-03-20T00:00:00.000Z,2025-10-10T00:00:00.000Z,True,Gujarat,Lok Sabha,184943,184821,False
184969,Work of Paver block,Normal/Others,JASHUBHAI BHILUBHAI RATHVA,CHHOTA UDAIPUR,CHHOTAUDEPUR(DISTRICT COLLECTOR CHHOTA UDEPUR_IDA),100000.0,200000.0,2025-03-20T00:00:00.000Z,2025-10-14T00:00:00.000Z,False,Gujarat,Lok Sabha,184969,184822,False
184944,Work of Paver block,Normal/Others,JASHUBHAI BHILUBHAI RATHVA,CHHOTA UDAIPUR,PANCH MAHALS(DISTRICT COLLECTOR PANCHMAHALS_IDA),100000.0,100000.0,2025-03-20T00:00:00.000Z,2025-10-15T00:00:00.000Z,True,Gujarat,Lok Sabha,184944,184823,False
184945,Work of Paver block,Normal/Others,JASHUBHAI BHILUBHAI RATHVA,CHHOTA UDAIPUR,PANCH MAHALS(DISTRICT COLLECTOR PANCHMAHALS_IDA),100000.0,100000.0,2025-03-20T00:00:00.000Z,2025-10-27T00:00:00.000Z,True,Gujarat,Lok Sabha,184945,184824,False
184996,Work of Paver block,Normal/Others,JASHUBHAI BHILUBHAI RATHVA,CHHOTA UDAIPUR,VADODARA(DISTRICT COLLECTOR VADODARA_IDA),100000.0,350000.0,2025-03-20T00:00:00.000Z,2025-12-11T00:00:00.000Z,False,Gujarat,Lok Sabha,184996,184825,False
184971,Work of Paver block,Normal/Others,JASHUBHAI BHILUBHAI RATHVA,CHHOTA UDAIPUR,CHHOTAUDEPUR(DISTRICT COLLECTOR CHHOTA UDEPUR_IDA),100000.0,182029.0,2025-03-20T00:00:00.000Z,2025-12-17T00:00:00.000Z,False,Gujarat,Lok Sabha,184971,184826,False
184998,Work of Paver block,Normal/Others,JASHUBHAI BHILUBHAI RATHVA,CHHOTA UDAIPUR,VADODARA(DISTRICT COLLECTOR VADODARA_IDA),100000.0,322227.0,2025-03-20T00:00:00.000Z,2026-01-02T00:00:00.000Z,True,Gujarat,Lok Sabha,184998,184827,False
225139,Work of Paver block,Normal/Others,JASHUBHAI BHILUBHAI RATHVA,CHHOTA UDAIPUR,NARMADA(DISTRICT COLLECTOR NARMADA_IDA),100000.0,250000.0,2025-03-20T00:00:00.000Z,2026-01-29T00:00:00.000Z,True,Gujarat,Lok Sabha,225139,184828,False
225119,Work of Paver block,Normal/Others,JASHUBHAI BHILUBHAI RATHVA,CHHOTA UDAIPUR,NARMADA(DISTRICT COLLECTOR NARMADA_IDA),100000.0,250000.0,2025-03-20T00:00:00.000Z,2026-02-13T00:00:00.000Z,True,Gujarat,Lok Sabha,225119,184829,False
225140,Work of Paver block,Normal/Others,JASHUBHAI BHILUBHAI RATHVA,CHHOTA UDAIPUR,NARMADA(DISTRICT COLLECTOR NARMADA_IDA),100000.0,250000.0,2025-03-20T00:00:00.000Z,2026-02-13T00:00:00.000Z,True,Gujarat,Lok Sabha,225140,184830,False
185068,Work of Paver block,Normal/Others,JASHUBHAI BHILUBHAI RATHVA,CHHOTA UDAIPUR,VADODARA(DISTRICT COLLECTOR VADODARA_IDA),100000.0,400000.0,2025-03-20T00:00:00.000Z,2026-02-21T00:00:00.000Z,True,Gujarat,Lok Sabha,185068,184831,False
242191,Work of Paver block,Normal/Others,JASHUBHAI BHILUBHAI RATHVA,CHHOTA UDAIPUR,VADODARA(DISTRICT COLLECTOR VADODARA_IDA),100000.0,300000.0,2025-03-20T00:00:00.000Z,2026-04-19T00:00:00.000Z,True,Gujarat,Lok Sabha,242191,184832,False
242189,Work of Paver block,Normal/Others,JASHUBHAI BHILUBHAI RATHVA,CHHOTA UDAIPUR,VADODARA(DISTRICT COLLECTOR VADODARA_IDA),100000.0,250000.0,2025-03-20T00:00:00.000Z,2026-07-20T00:00:00.000Z,True,Gujarat,Lok Sabha,242189,184833,False
242190,Work of Paver block,Normal/Others,JASHUBHAI BHILUBHAI RATHVA,CHHOTA UDAIPUR,VADODARA(DISTRICT COLLECTOR VADODARA_IDA),100000.0,400000.0,2025-03-20T00:00:00.000Z,2026-08-10T00:00:00.000Z,True,Gujarat,Lok Sabha,242190,184834,False
184984,Work of R.C.C. Road,Normal/Others,JASHUBHAI BHILUBHAI RATHVA,CHHOTA UDAIPUR,VADODARA(DISTRICT COLLECTOR VADODARA_IDA),300000.0,324536.0,2025-03-21T00:00:00.000Z,2025-10-03T00:00:00.000Z,True,Gujarat,Lok Sabha,184984,184978,False
184979,Work of R.C.C. Road,Normal/Others,JASHUBHAI BHILUBHAI RATHVA,CHHOTA UDAIPUR,VADODARA(DISTRICT COLLECTOR VADODARA_IDA),490000.0,400000.0,2025-10-18T00:00:00.000Z,2025-10-13T00:00:00.000Z,True,Gujarat,Lok Sabha,184979,242967,False
184994,Work of R.C.C.Rpad,Normal/Others,JASHUBHAI BHILUBHAI RATHVA,CHHOTA UDAIPUR,VADODARA(DISTRICT COLLECTOR VADODARA_IDA),200000.0,199600.0,2025-03-21T00:00:00.000Z,2026-01-20T00:00:00.000Z,False,Gujarat,Lok Sabha,184994,184991,False
225252,Work of RCC Road,Normal/Others,JASHUBHAI BHILUBHAI RATHVA,CHHOTA UDAIPUR,PANCH MAHALS(DISTRICT COLLECTOR PANCHMAHALS_IDA),249994.0,200000.0,2025-08-05T00:00:00.000Z,2026-01-27T00:00:00.000Z,True,Gujarat,Lok Sabha,225252,225095,False
225256,Work of RCC Road,Normal/Others,JASHUBHAI BHILUBHAI RATHVA,CHHOTA UDAIPUR,PANCH MAHALS(DISTRICT COLLECTOR PANCHMAHALS_IDA),249994.0,200000.0,2025-08-05T00:00:00.000Z,2026-01-27T00:00:00.000Z,True,Gujarat,Lok Sabha,225256,225096,False
225262,Work of RCC Road,Normal/Others,JASHUBHAI BHILUBHAI RATHVA,CHHOTA UDAIPUR,PANCH MAHALS(DISTRICT COLLECTOR PANCHMAHALS_IDA),200000.0,200000.0,2025-08-05T00:00:00.000Z,2026-02-10T00:00:00.000Z,True,Gujarat,Lok Sabha,225262,225253,False
225257,Work of RCC Road,Normal/Others,JASHUBHAI BHILUBHAI RATHVA,CHHOTA UDAIPUR,PANCH MAHALS(DISTRICT COLLECTOR PANCHMAHALS_IDA),200000.0,200000.0,2025-08-05T00:00:00.000Z,2026-02-17T00:00:00.000Z,True,Gujarat,Lok Sabha,225257,225254,False
225268,Work of RCC Road,Normal/Others,JASHUBHAI BHILUBHAI RATHVA,CHHOTA UDAIPUR,PANCH MAHALS(DISTRICT COLLECTOR PANCHMAHALS_IDA),200000.0,300000.0,2025-08-05T00:00:00.000Z,2026-03-09T00:00:00.000Z,True,Gujarat,Lok Sabha,225268,225258,False
225255,Work of RCC Road,Normal/Others,JASHUBHAI BHILUBHAI RATHVA,CHHOTA UDAIPUR,PANCH MAHALS(DISTRICT COLLECTOR PANCHMAHALS_IDA),200000.0,200000.0,2025-08-05T00:00:00.000Z,2026-03-20T00:00:00.000Z,True,Gujarat,Lok Sabha,225255,225259,False
225270,Work of RCC Road,Normal/Others,JASHUBHAI BHILUBHAI RATHVA,CHHOTA UDAIPUR,PANCH MAHALS(DISTRICT COLLECTOR PANCHMAHALS_IDA),200000.0,300000.0,2025-08-05T00:00:00.000Z,2026-05-04T00:00:00.000Z,True,Gujarat,Lok Sabha,225270,225260,False
184949,Work of Samaj Ghar,Normal/Others,JASHUBHAI BHILUBHAI RATHVA,CHHOTA UDAIPUR,CHHOTAUDEPUR(DISTRICT COLLECTOR CHHOTA UDEPUR_IDA),500000.0,490997.0,2025-03-21T00:00:00.000Z,2025-08-20T00:00:00.000Z,True,Gujarat,Lok Sabha,184949,184976,False
184957,Work of Sanrakshan Diwal,Normal/Others,JASHUBHAI BHILUBHAI RATHVA,CHHOTA UDAIPUR,CHHOTAUDEPUR(DISTRICT COLLECTOR CHHOTA UDEPUR_IDA),200000.0,200000.0,2025-03-21T00:00:00.000Z,2026-02-04T00:00:00.000Z,True,Gujarat,Lok Sabha,184957,184956,False
188858,Work of Shed,Normal/Others,JASHUBHAI BHILUBHAI RATHVA,CHHOTA UDAIPUR,CHHOTAUDEPUR(DISTRICT COLLECTOR CHHOTA UDEPUR_IDA),250000.0,499928.0,2025-03-21T00:00:00.000Z,2025-08-20T00:00:00.000Z,True,Gujarat,Lok Sabha,188858,184954,False
184975,Work of Shed,Normal/Others,JASHUBHAI BHILUBHAI RATHVA,CHHOTA UDAIPUR,CHHOTAUDEPUR(DISTRICT COLLECTOR CHHOTA UDEPUR_IDA),250000.0,300000.0,2025-04-02T00:00:00.000Z,2025-10-14T00:00:00.000Z,False,Gujarat,Lok Sabha,184975,188851,False
274184,Construction of Water Tank,Normal/Others,Jitendra Singh,UDHAMPUR,KATHUA(DISTRICT DEVELOPMENT COMMISSIONER KATHUA_IDA),200000.0,191000.0,2026-03-13T00:00:00.000Z,2026-08-20T00:00:00.000Z,True,Jammu And Kashmir,Lok Sabha,274184,274188,False
168726,CC Road Construction,Normal/Others,JYOTIRADITYA M. SCINDIA,GUNA,ASHOKNAGAR(DISTRICT COLLECTOR ASHOKNAGAR_IDA),1000000.0,1000000.0,2025-04-16T00:00:00.000Z,2025-03-11T00:00:00.000Z,False,Madhya Pradesh,Lok Sabha,168726,191783,False
199886,CC road construction,Normal/Others,JYOTIRADITYA M. SCINDIA,GUNA,SHIVPURI(District Collector Shivpuri_IDA),1000000.0,1000000.0,2025-05-15T00:00:00.000Z,2026-01-20T00:00:00.000Z,False,Madhya Pradesh,Lok Sabha,199886,199889,False
177243,Construction of community hall,Normal/Others,JYOTIRADITYA M. SCINDIA,GUNA,GUNA(District Collector Guna_IDA),1000000.0,998267.0,2024-12-19T00:00:00.000Z,2026-04-16T00:00:00.000Z,True,Madhya Pradesh,Lok Sabha,177243,160267,False
177244,Construction of community hall,Normal/Others,JYOTIRADITYA M. SCINDIA,GUNA,GUNA(District Collector Guna_IDA),1000000.0,1000000.0,2025-05-15T00:00:00.000Z,2026-04-16T00:00:00.000Z,True,Madhya Pradesh,Lok Sabha,177244,199883,False
151502,,Normal/Others,JYOTIRADITYA M. SCINDIA,GUNA,ASHOKNAGAR(DISTRICT COLLECTOR ASHOKNAGAR_IDA),1500000.0,1000000.0,2024-12-10T00:00:00.000Z,2025-02-20T00:00:00.000Z,True,Madhya Pradesh,Lok Sabha,151502,157805,False
151502,,Normal/Others,JYOTIRADITYA M. SCINDIA,GUNA,ASHOKNAGAR(DISTRICT COLLECTOR ASHOKNAGAR_IDA),1000000.0,1000000.0,2025-02-24T00:00:00.000Z,2025-02-20T00:00:00.000Z,True,Madhya Pradesh,Lok Sabha,151502,177247,False
151502,,Normal/Others,JYOTIRADITYA M. SCINDIA,GUNA,ASHOKNAGAR(DISTRICT COLLECTOR ASHOKNAGAR_IDA),1000000.0,1000000.0,2025-02-24T00:00:00.000Z,2025-02-20T00:00:00.000Z,True,Madhya Pradesh,Lok Sabha,151502,177251,False
143830,,Normal/Others,JYOTIRADITYA M. SCINDIA,GUNA,SHIVPURI(District Collector Shivpuri_IDA),1500000.0,585000.0,2024-12-10T00:00:00.000Z,2025-03-28T00:00:00.000Z,True,Madhya Pradesh,Lok Sabha,143830,157805,False
143830,,Normal/Others,JYOTIRADITYA M. SCINDIA,GUNA,SHIVPURI(District Collector Shivpuri_IDA),1000000.0,585000.0,2025-02-24T00:00:00.000Z,2025-03-28T00:00:00.000Z,True,Madhya Pradesh,Lok Sabha,143830,177247,False
143830,,Normal/Others,JYOTIRADITYA M. SCINDIA,GUNA,SHIVPURI(District Collector Shivpuri_IDA),1000000.0,585000.0,2025-02-24T00:00:00.000Z,2025-03-28T00:00:00.000Z,True,Madhya Pradesh,Lok Sabha,143830,177251,False
143831,,Normal/Others,JYOTIRADITYA M. SCINDIA,GUNA,SHIVPURI(District Collector Shivpuri_IDA),1500000.0,585000.0,2024-12-10T00:00:00.000Z,2025-03-28T00:00:00.000Z,True,Madhya Pradesh,Lok Sabha,143831,157805,False
143831,,Normal/Others,JYOTIRADITYA M. SCINDIA,GUNA,SHIVPURI(District Collector Shivpuri_IDA),1000000.0,585000.0,2025-02-24T00:00:00.000Z,2025-03-28T00:00:00.000Z,True,Madhya Pradesh,Lok Sabha,143831,177247,False
143831,,Normal/Others,JYOTIRADITYA M. SCINDIA,GUNA,SHIVPURI(District Collector Shivpuri_IDA),1000000.0,585000.0,2025-02-24T00:00:00.000Z,2025-03-28T00:00:00.000Z,True,Madhya Pradesh,Lok Sabha,143831,177251,False
143832,,Normal/Others,JYOTIRADITYA M. SCINDIA,GUNA,SHIVPURI(District Collector Shivpuri_IDA),1500000.0,585000.0,2024-12-10T00:00:00.000Z,2025-03-28T00:00:00.000Z,True,Madhya Pradesh,Lok Sabha,143832,157805,False
143832,,Normal/Others,JYOTIRADITYA M. SCINDIA,GUNA,SHIVPURI(District Collector Shivpuri_IDA),1000000.0,585000.0,2025-02-24T00:00:00.000Z,2025-03-28T00:00:00.000Z,True,Madhya Pradesh,Lok Sabha,143832,177247,False
143832,,Normal/Others,JYOTIRADITYA M. SCINDIA,GUNA,SHIVPURI(District Collector Shivpuri_IDA),1000000.0,585000.0,2025-02-24T00:00:00.000Z,2025-03-28T00:00:00.000Z,True,Madhya Pradesh,Lok Sabha,143832,177251,False
143833,,Normal/Others,JYOTIRADITYA M. SCINDIA,GUNA,SHIVPURI(District Collector Shivpuri_IDA),1500000.0,585000.0,2024-12-10T00:00:00.000Z,2025-03-28T00:00:00.000Z,True,Madhya Pradesh,Lok Sabha,143833,157805,False
143833,,Normal/Others,JYOTIRADITYA M. SCINDIA,GUNA,SHIVPURI(District Collector Shivpuri_IDA),1000000.0,585000.0,2025-02-24T00:00:00.000Z,2025-03-28T00:00:00.000Z,True,Madhya Pradesh,Lok Sabha,143833,177247,False
143833,,Normal/Others,JYOTIRADITYA M. SCINDIA,GUNA,SHIVPURI(District Collector Shivpuri_IDA),1000000.0,585000.0,2025-02-24T00:00:00.000Z,2025-03-28T00:00:00.000Z,True,Madhya Pradesh,Lok Sabha,143833,177251,False
143834,,Normal/Others,JYOTIRADITYA M. SCINDIA,GUNA,SHIVPURI(District Collector Shivpuri_IDA),1500000.0,585000.0,2024-12-10T00:00:00.000Z,2025-03-28T00:00:00.000Z,True,Madhya Pradesh,Lok Sabha,143834,157805,False
143834,,Normal/Others,JYOTIRADITYA M. SCINDIA,GUNA,SHIVPURI(District Collector Shivpuri_IDA),1000000.0,585000.0,2025-02-24T00:00:00.000Z,2025-03-28T00:00:00.000Z,True,Madhya Pradesh,Lok Sabha,143834,177247,False
143834,,Normal/Others,JYOTIRADITYA M. SCINDIA,GUNA,SHIVPURI(District Collector Shivpuri_IDA),1000000.0,585000.0,2025-02-24T00:00:00.000Z,2025-03-28T00:00:00.000Z,True,Madhya Pradesh,Lok Sabha,143834,177251,False
143835,,Normal/Others,JYOTIRADITYA M. SCINDIA,GUNA,SHIVPURI(District Collector Shivpuri_IDA),1500000.0,585000.0,2024-12-10T00:00:00.000Z,2025-03-28T00:00:00.000Z,True,Madhya Pradesh,Lok Sabha,143835,157805,False
143835,,Normal/Others,JYOTIRADITYA M. SCINDIA,GUNA,SHIVPURI(District Collector Shivpuri_IDA),1000000.0,585000.0,2025-02-24T00:00:00.000Z,2025-03-28T00:00:00.000Z,True,Madhya Pradesh,Lok Sabha,143835,177247,False
143835,,Normal/Others,JYOTIRADITYA M. SCINDIA,GUNA,SHIVPURI(District Collector Shivpuri_IDA),1000000.0,585000.0,2025-02-24T00:00:00.000Z,2025-03-28T00:00:00.000Z,True,Madhya Pradesh,Lok Sabha,143835,177251,False
143836,,Normal/Others,JYOTIRADITYA M. SCINDIA,GUNA,SHIVPURI(District Collector Shivpuri_IDA),1500000.0,585000.0,2024-12-10T00:00:00.000Z,2025-03-28T00:00:00.000Z,True,Madhya Pradesh,Lok Sabha,143836,157805,False
143836,,Normal/Others,JYOTIRADITYA M. SCINDIA,GUNA,SHIVPURI(District Collector Shivpuri_IDA),1000000.0,585000.0,2025-02-24T00:00:00.000Z,2025-03-28T00:00:00.000Z,True,Madhya Pradesh,Lok Sabha,143836,177247,False
143836,,Normal/Others,JYOTIRADITYA M. SCINDIA,GUNA,SHIVPURI(District Collector Shivpuri_IDA),1000000.0,585000.0,2025-02-24T00:00:00.000Z,2025-03-28T00:00:00.000Z,True,Madhya Pradesh,Lok Sabha,143836,177251,False
143837,,Normal/Others,JYOTIRADITYA M. SCINDIA,GUNA,SHIVPURI(District Collector Shivpuri_IDA),1500000.0,585000.0,2024-12-10T00:00:00.000Z,2025-03-28T00:00:00.000Z,True,Madhya Pradesh,Lok Sabha,143837,157805,False
143837,,Normal/Others,JYOTIRADITYA M. SCINDIA,GUNA,SHIVPURI(District Collector Shivpuri_IDA),1000000.0,585000.0,2025-02-24T00:00:00.000Z,2025-03-28T00:00:00.000Z,True,Madhya Pradesh,Lok Sabha,143837,177247,False
143837,,Normal/Others,JYOTIRADITYA M. SCINDIA,GUNA,SHIVPURI(District Collector Shivpuri_IDA),1000000.0,585000.0,2025-02-24T00:00:00.000Z,2025-03-28T00:00:00.000Z,True,Madhya Pradesh,Lok Sabha,143837,177251,False
143838,,Normal/Others,JYOTIRADITYA M. SCINDIA,GUNA,SHIVPURI(District Collector Shivpuri_IDA),1500000.0,585000.0,2024-12-10T00:00:00.000Z,2025-03-28T00:00:00.000Z,True,Madhya Pradesh,Lok Sabha,143838,157805,False
143838,,Normal/Others,JYOTIRADITYA M. SCINDIA,GUNA,SHIVPURI(District Collector Shivpuri_IDA),1000000.0,585000.0,2025-02-24T00:00:00.000Z,2025-03-28T00:00:00.000Z,True,Madhya Pradesh,Lok Sabha,143838,177247,False
143838,,Normal/Others,JYOTIRADITYA M. SCINDIA,GUNA,SHIVPURI(District Collector Shivpuri_IDA),1000000.0,585000.0,2025-02-24T00:00:00.000Z,2025-03-28T00:00:00.000Z,True,Madhya Pradesh,Lok Sabha,143838,177251,False
143839,,Normal/Others,JYOTIRADITYA M. SCINDIA,GUNA,SHIVPURI(District Collector Shivpuri_IDA),1500000.0,585000.0,2024-12-10T00:00:00.000Z,2025-03-28T00:00:00.000Z,True,Madhya Pradesh,Lok Sabha,143839,157805,False
143839,,Normal/Others,JYOTIRADITYA M. SCINDIA,GUNA,SHIVPURI(District Collector Shivpuri_IDA),1000000.0,585000.0,2025-02-24T00:00:00.000Z,2025-03-28T00:00:00.000Z,True,Madhya Pradesh,Lok Sabha,143839,177247,False
143839,,Normal/Others,JYOTIRADITYA M. SCINDIA,GUNA,SHIVPURI(District Collector Shivpuri_IDA),1000000.0,585000.0,2025-02-24T00:00:00.000Z,2025-03-28T00:00:00.000Z,True,Madhya Pradesh,Lok Sabha,143839,177251,False
151499,,Normal/Others,JYOTIRADITYA M. SCINDIA,GUNA,ASHOKNAGAR(DISTRICT COLLECTOR ASHOKNAGAR_IDA),1500000.0,991930.0,2024-12-10T00:00:00.000Z,2025-07-03T00:00:00.000Z,True,Madhya Pradesh,Lok Sabha,151499,157805,False
151499,,Normal/Others,JYOTIRADITYA M. SCINDIA,GUNA,ASHOKNAGAR(DISTRICT COLLECTOR ASHOKNAGAR_IDA),1000000.0,991930.0,2025-02-24T00:00:00.000Z,2025-07-03T00:00:00.000Z,True,Madhya Pradesh,Lok Sabha,151499,177247,False
151499,,Normal/Others,JYOTIRADITYA M. SCINDIA,GUNA,ASHOKNAGAR(DISTRICT COLLECTOR ASHOKNAGAR_IDA),1000000.0,991930.0,2025-02-24T00:00:00.000Z,2025-07-03T00:00:00.000Z,True,Madhya Pradesh,Lok Sabha,151499,177251,False
151500,,Normal/Others,JYOTIRADITYA M. SCINDIA,GUNA,ASHOKNAGAR(DISTRICT COLLECTOR ASHOKNAGAR_IDA),1500000.0,999442.0,2024-12-10T00:00:00.000Z,2025-10-10T00:00:00.000Z,True,Madhya Pradesh,Lok Sabha,151500,157805,False
151500,,Normal/Others,JYOTIRADITYA M. SCINDIA,GUNA,ASHOKNAGAR(DISTRICT COLLECTOR ASHOKNAGAR_IDA),1000000.0,999442.0,2025-02-24T00:00:00.000Z,2025-10-10T00:00:00.000Z,True,Madhya Pradesh,Lok Sabha,151500,177247,False
151500,,Normal/Others,JYOTIRADITYA M. SCINDIA,GUNA,ASHOKNAGAR(DISTRICT COLLECTOR ASHOKNAGAR_IDA),1000000.0,999442.0,2025-02-24T00:00:00.000Z,2025-10-10T00:00:00.000Z,True,Madhya Pradesh,Lok Sabha,151500,177251,False
191785,,Normal/Others,JYOTIRADITYA M. SCINDIA,GUNA,ASHOKNAGAR(DISTRICT COLLECTOR ASHOKNAGAR_IDA),1500000.0,998328.0,2024-12-10T00:00:00.000Z,2025-12-08T00:00:00.000Z,True,Madhya Pradesh,Lok Sabha,191785,157805,False
191785,,Normal/Others,JYOTIRADITYA M. SCINDIA,GUNA,ASHOKNAGAR(DISTRICT COLLECTOR ASHOKNAGAR_IDA),1000000.0,998328.0,2025-02-24T00:00:00.000Z,2025-12-08T00:00:00.000Z,True,Madhya Pradesh,Lok Sabha,191785,177247,False
191785,,Normal/Others,JYOTIRADITYA M. SCINDIA,GUNA,ASHOKNAGAR(DISTRICT COLLECTOR ASHOKNAGAR_IDA),1000000.0,998328.0,2025-02-24T00:00:00.000Z,2025-12-08T00:00:00.000Z,True,Madhya Pradesh,Lok Sabha,191785,177251,False
177248,,Normal/Others,JYOTIRADITYA M. SCINDIA,GUNA,GUNA(District Collector Guna_IDA),1500000.0,999500.0,2024-12-10T00:00:00.000Z,2026-02-06T00:00:00.000Z,True,Madhya Pradesh,Lok Sabha,177248,157805,False
177248,,Normal/Others,JYOTIRADITYA M. SCINDIA,GUNA,GUNA(District Collector Guna_IDA),1000000.0,999500.0,2025-02-24T00:00:00.000Z,2026-02-06T00:00:00.000Z,True,Madhya Pradesh,Lok Sabha,177248,177247,False
177248,,Normal/Others,JYOTIRADITYA M. SCINDIA,GUNA,GUNA(District Collector Guna_IDA),1000000.0,999500.0,2025-02-24T00:00:00.000Z,2026-02-06T00:00:00.000Z,True,Madhya Pradesh,Lok Sabha,177248,177251,False
151501,,Normal/Others,JYOTIRADITYA M. SCINDIA,GUNA,ASHOKNAGAR(DISTRICT COLLECTOR ASHOKNAGAR_IDA),1500000.0,995000.0,2024-12-10T00:00:00.000Z,2026-03-31T00:00:00.000Z,True,Madhya Pradesh,Lok Sabha,151501,157805,False
151501,,Normal/Others,JYOTIRADITYA M. SCINDIA,GUNA,ASHOKNAGAR(DISTRICT COLLECTOR ASHOKNAGAR_IDA),1000000.0,995000.0,2025-02-24T00:00:00.000Z,2026-03-31T00:00:00.000Z,True,Madhya Pradesh,Lok Sabha,151501,177247,False
151501,,Normal/Others,JYOTIRADITYA M. SCINDIA,GUNA,ASHOKNAGAR(DISTRICT COLLECTOR ASHOKNAGAR_IDA),1000000.0,995000.0,2025-02-24T00:00:00.000Z,2026-03-31T00:00:00.000Z,True,Madhya Pradesh,Lok Sabha,151501,177251,False
151498,,Normal/Others,JYOTIRADITYA M. SCINDIA,GUNA,ASHOKNAGAR(DISTRICT COLLECTOR ASHOKNAGAR_IDA),1500000.0,1000000.0,2024-12-10T00:00:00.000Z,2026-04-02T00:00:00.000Z,True,Madhya Pradesh,Lok Sabha,151498,157805,False
151498,,Normal/Others,JYOTIRADITYA M. SCINDIA,GUNA,ASHOKNAGAR(DISTRICT COLLECTOR ASHOKNAGAR_IDA),1000000.0,1000000.0,2025-02-24T00:00:00.000Z,2026-04-02T00:00:00.000Z,True,Madhya Pradesh,Lok Sabha,151498,177247,False
151498,,Normal/Others,JYOTIRADITYA M. SCINDIA,GUNA,ASHOKNAGAR(DISTRICT COLLECTOR ASHOKNAGAR_IDA),1000000.0,1000000.0,2025-02-24T00:00:00.000Z,2026-04-02T00:00:00.000Z,True,Madhya Pradesh,Lok Sabha,151498,177251,False
177252,,Normal/Others,JYOTIRADITYA M. SCINDIA,GUNA,GUNA(District Collector Guna_IDA),1500000.0,999305.0,2024-12-10T00:00:00.000Z,2026-04-13T00:00:00.000Z,False,Madhya Pradesh,Lok Sabha,177252,157805,False
177252,,Normal/Others,JYOTIRADITYA M. SCINDIA,GUNA,GUNA(District Collector Guna_IDA),1000000.0,999305.0,2025-02-24T00:00:00.000Z,2026-04-13T00:00:00.000Z,False,Madhya Pradesh,Lok Sabha,177252,177247,False
177252,,Normal/Others,JYOTIRADITYA M. SCINDIA,GUNA,GUNA(District Collector Guna_IDA),1000000.0,999305.0,2025-02-24T00:00:00.000Z,2026-04-13T00:00:00.000Z,False,Madhya Pradesh,Lok Sabha,177252,177251,False
177246,,Normal/Others,JYOTIRADITYA M. SCINDIA,GUNA,GUNA(District Collector Guna_IDA),1500000.0,999555.0,2024-12-10T00:00:00.000Z,2026-04-16T00:00:00.000Z,True,Madhya Pradesh,Lok Sabha,177246,157805,False
177246,,Normal/Others,JYOTIRADITYA M. SCINDIA,GUNA,GUNA(District Collector Guna_IDA),1000000.0,999555.0,2025-02-24T00:00:00.000Z,2026-04-16T00:00:00.000Z,True,Madhya Pradesh,Lok Sabha,177246,177247,False
177246,,Normal/Others,JYOTIRADITYA M. SCINDIA,GUNA,GUNA(District Collector Guna_IDA),1000000.0,999555.0,2025-02-24T00:00:00.000Z,2026-04-16T00:00:00.000Z,True,Madhya Pradesh,Lok Sabha,177246,177251,False
266871,SOLAR HIGH MAST LIGHT,Normal/Others,Shri Jyotirmay Singh Mahato ,PURULIA,PURULIA(DISTRICT MAGISTRATE PURULIA_IDA),377801.0,377801.0,2026-02-20T00:00:00.000Z,2026-08-05T00:00:00.000Z,True,West Bengal,Lok Sabha,266871,266867,False
266876,SOLAR HIGH MAST LIGHT,Normal/Others,Shri Jyotirmay Singh Mahato ,PURULIA,PURULIA(DISTRICT MAGISTRATE PURULIA_IDA),377801.0,377801.0,2026-02-20T00:00:00.000Z,2026-08-05T00:00:00.000Z,True,West Bengal,Lok Sabha,266876,266868,False
266881,SOLAR HIGH MAST LIGHT,Normal/Others,Shri Jyotirmay Singh Mahato ,PURULIA,PURULIA(DISTRICT MAGISTRATE PURULIA_IDA),377801.0,377801.0,2026-02-20T00:00:00.000Z,2026-08-05T00:00:00.000Z,True,West Bengal,Lok Sabha,266881,266869,False
255067,solar light,Normal/Others,Shri Jyotirmay Singh Mahato ,PURULIA,PURULIA(DISTRICT MAGISTRATE PURULIA_IDA),368266.0,377801.0,2025-06-26T00:00:00.000Z,2026-08-05T00:00:00.000Z,True,West Bengal,Lok Sabha,255067,204465,False
255069,solar light,Normal/Others,Shri Jyotirmay Singh Mahato ,PURULIA,PURULIA(DISTRICT MAGISTRATE PURULIA_IDA),368266.0,377801.0,2025-06-26T00:00:00.000Z,2026-08-05T00:00:00.000Z,True,West Bengal,Lok Sabha,255069,204503,False
255070,SOLAR LIGHT,Normal/Others,Shri Jyotirmay Singh Mahato ,PURULIA,PURULIA(DISTRICT MAGISTRATE PURULIA_IDA),368266.0,377801.0,2025-06-26T00:00:00.000Z,2026-08-05T00:00:00.000Z,True,West Bengal,Lok Sabha,255070,204504,False
255071,SOLAR LIGHT,Normal/Others,Shri Jyotirmay Singh Mahato ,PURULIA,PURULIA(DISTRICT MAGISTRATE PURULIA_IDA),368266.0,377801.0,2025-06-26T00:00:00.000Z,2026-08-05T00:00:00.000Z,True,West Bengal,Lok Sabha,255071,211433,False
255072,SOLAR LIGHT,Normal/Others,Shri Jyotirmay Singh Mahato ,PURULIA,PURULIA(DISTRICT MAGISTRATE PURULIA_IDA),368266.0,377801.0,2025-06-26T00:00:00.000Z,2026-08-05T00:00:00.000Z,True,West Bengal,Lok Sabha,255072,211438,False
255073,SOLAR LIGHT,Normal/Others,Shri Jyotirmay Singh Mahato ,PURULIA,PURULIA(DISTRICT MAGISTRATE PURULIA_IDA),368266.0,377801.0,2025-06-26T00:00:00.000Z,2026-08-05T00:00:00.000Z,True,West Bengal,Lok Sabha,255073,211442,False
255074,SOLAR LIGHT,Normal/Others,Shri Jyotirmay Singh Mahato ,PURULIA,PURULIA(DISTRICT MAGISTRATE PURULIA_IDA),368266.0,377801.0,2025-06-26T00:00:00.000Z,2026-08-05T00:00:00.000Z,True,West Bengal,Lok Sabha,255074,211444,False
255075,SOLAR LIGHT,Normal/Others,Shri Jyotirmay Singh Mahato ,PURULIA,PURULIA(DISTRICT MAGISTRATE PURULIA_IDA),377801.0,377801.0,2025-12-22T00:00:00.000Z,2026-08-05T00:00:00.000Z,True,West Bengal,Lok Sabha,255075,255068,False
255076,SOLAR LIGHT,Normal/Others,Shri Jyotirmay Singh Mahato ,PURULIA,PURULIA(DISTRICT MAGISTRATE PURULIA_IDA),377801.0,377801.0,2025-12-22T00:00:00.000Z,2026-08-05T00:00:00.000Z,True,West Bengal,Lok Sabha,255076,255078,False
255079,SOLAR LIGHT,Normal/Others,Shri Jyotirmay Singh Mahato ,PURULIA,PURULIA(DISTRICT MAGISTRATE PURULIA_IDA),378000.0,377801.0,2025-12-22T00:00:00.000Z,2026-08-05T00:00:00.000Z,True,West Bengal,Lok Sabha,255079,255080,False
242638,CC Road construction,Normal/Others,Jyotsna Charandas Mahant ,KORBA,KORBA(Collector-Korba),350000.0,350000.0,2025-10-17T00:00:00.000Z,2026-02-04T00:00:00.000Z,True,Chhattisgarh,Lok Sabha,242638,242639,False
208957,Installation of Borewell with Pump.,Normal/Others,Jyotsna Charandas Mahant ,KORBA,KORBA(Collector-Korba),250000.0,250000.0,2025-06-14T00:00:00.000Z,2026-08-09T00:00:00.000Z,True,Chhattisgarh,Lok Sabha,208957,208956,False
208960,Installation of Borewell with Pump.,Normal/Others,Jyotsna Charandas Mahant ,KORBA,KORBA(Collector-Korba),250000.0,250000.0,2025-06-14T00:00:00.000Z,2026-08-09T00:00:00.000Z,True,Chhattisgarh,Lok Sabha,208960,208958,False
208963,Installation of Tubewell and Pump,Normal/Others,Jyotsna Charandas Mahant ,KORBA,KORBA(Collector-Korba),250000.0,250000.0,2025-06-14T00:00:00.000Z,2026-08-10T00:00:00.000Z,True,Chhattisgarh,Lok Sabha,208963,208961,False
200481,Manch Construction.,Normal/Others,Jyotsna Charandas Mahant ,KORBA,KORBA(Collector-Korba),250000.0,249793.0,2025-05-17T00:00:00.000Z,2026-01-16T00:00:00.000Z,True,Chhattisgarh,Lok Sabha,200481,200480,False
200479,Manch Construction.,Normal/Others,Jyotsna Charandas Mahant ,KORBA,KORBA(Collector-Korba),250000.0,249896.0,2025-05-17T00:00:00.000Z,2026-02-25T00:00:00.000Z,True,Chhattisgarh,Lok Sabha,200479,200482,False
205629,Pachri OR Manch construction.,Normal/Others,Jyotsna Charandas Mahant ,KORBA,KORBA(Collector-Korba),300000.0,300000.0,2025-06-01T00:00:00.000Z,2025-07-14T00:00:00.000Z,True,Chhattisgarh,Lok Sabha,205629,205632,False
235972,Shed and Manch construction,Normal/Others,Jyotsna Charandas Mahant ,KORBA,Gaurela-Pendra-Marwahi(Collector GPM_IDA),300000.0,299136.0,2025-09-20T00:00:00.000Z,2026-02-11T00:00:00.000Z,True,Chhattisgarh,Lok Sabha,235972,235974,False
205680,Shed Construction,Normal/Others,Jyotsna Charandas Mahant ,KORBA,Gaurela-Pendra-Marwahi(Collector GPM_IDA),250000.0,250000.0,2025-06-01T00:00:00.000Z,2026-01-16T00:00:00.000Z,True,Chhattisgarh,Lok Sabha,205680,205678,False
205676,Shed Construction,Normal/Others,Jyotsna Charandas Mahant ,KORBA,Gaurela-Pendra-Marwahi(Collector GPM_IDA),300000.0,249031.0,2025-08-26T00:00:00.000Z,2026-02-28T00:00:00.000Z,True,Chhattisgarh,Lok Sabha,205676,229054,False
205679,Shed Construction,Normal/Others,Jyotsna Charandas Mahant ,KORBA,Gaurela-Pendra-Marwahi(Collector GPM_IDA),400000.0,250000.0,2025-09-20T00:00:00.000Z,2026-02-28T00:00:00.000Z,True,Chhattisgarh,Lok Sabha,205679,235969,False
208344,Installation of a High Mast Light in the northern part of Veeramangalam Junction,Normal/Others,K. C VENUGOPAL,ALAPPUZHA,ALAPPUZHA(DISTRICT COLLECTOR ALAPPUZHA_IDA),500000.0,442500.0,2024-09-06T00:00:00.000Z,2026-02-25T00:00:00.000Z,True,Kerala,Lok Sabha,208344,139276,False
229622,Construction of 100 mtr. Interlocking Work,Normal/Others,Dr. K. Laxman (2022-28),Sitting Rajya Sabha,PRATAPGARH(DISTRICT MAGISTRAE PRATAPGARH_IDA),550000.0,548361.0,2025-08-27T00:00:00.000Z,2026-02-16T00:00:00.000Z,True,Uttar Pradesh,Rajya Sabha,229622,229614,False
196941,Cc road,Normal/Others,Kakoli Ghosh Dastidar ,BARASAT,North 24 Parganas(DISTRICT MAGISTRATE NORTH TWENTY FOUR PARGANAS_IDA),300000.0,549779.0,2025-05-05T00:00:00.000Z,2025-11-26T00:00:00.000Z,True,West Bengal,Lok Sabha,196941,196942,False
141151,Development of open gym with Children park with solar light and boundary,Normal/Others,Kakoli Ghosh Dastidar ,BARASAT,North 24 Parganas(DISTRICT MAGISTRATE NORTH TWENTY FOUR PARGANAS_IDA),1000000.0,988121.0,2024-09-15T00:00:00.000Z,2025-11-06T00:00:00.000Z,True,West Bengal,Lok Sabha,141151,141149,False
141153,Development of open gym with Children park with solar light and boundary,Normal/Others,Kakoli Ghosh Dastidar ,BARASAT,North 24 Parganas(DISTRICT MAGISTRATE NORTH TWENTY FOUR PARGANAS_IDA),1000000.0,988121.0,2024-09-15T00:00:00.000Z,2025-11-06T00:00:00.000Z,True,West Bengal,Lok Sabha,141153,141150,False
147545,High must light,Normal/Others,Kakoli Ghosh Dastidar ,BARASAT,North 24 Parganas(DISTRICT MAGISTRATE NORTH TWENTY FOUR PARGANAS_IDA),450000.0,436842.0,2024-09-15T00:00:00.000Z,2025-09-12T00:00:00.000Z,True,West Bengal,Lok Sabha,147545,141112,False
217212,"New projects such as strengthening of roadside new electrification with lighting will be carried out in Wards 21, 22, 14, and 15.",Normal/Others,Kakoli Ghosh Dastidar ,BARASAT,MURSHIDABAD(DISTRICT MAGISTRATE MURSHIDABAD_IDA),533024.0,533024.0,2025-07-11T00:00:00.000Z,2026-01-16T00:00:00.000Z,True,West Bengal,Lok Sabha,217212,1439,True
217213,"New projects such as strengthening of roadside new electrification with lighting will be carried out in Wards 21, 22, 14, and 15.",Normal/Others,Kakoli Ghosh Dastidar ,BARASAT,MURSHIDABAD(DISTRICT MAGISTRATE MURSHIDABAD_IDA),532975.0,532975.0,2025-07-11T00:00:00.000Z,2026-01-16T00:00:00.000Z,True,West Bengal,Lok Sabha,217213,1440,True
217214,"New projects such as strengthening of roadside new electrification with lighting will be carried out in Wards 21, 22, 14, and 15.",Normal/Others,Kakoli Ghosh Dastidar ,BARASAT,MURSHIDABAD(DISTRICT MAGISTRATE MURSHIDABAD_IDA),533194.0,533194.0,2025-07-11T00:00:00.000Z,2026-01-16T00:00:00.000Z,True,West Bengal,Lok Sabha,217214,1441,True
217215,"New projects such as strengthening of roadside new electrification with lighting will be carried out in Wards 21, 22, 14, and 15.",Normal/Others,Kakoli Ghosh Dastidar ,BARASAT,MURSHIDABAD(DISTRICT MAGISTRATE MURSHIDABAD_IDA),533180.0,533180.0,2025-07-11T00:00:00.000Z,2026-01-16T00:00:00.000Z,True,West Bengal,Lok Sabha,217215,1442,True
159265,Construction of Concrete road from Kaleeckal Padi to Puthenpurackal Ela Road,Normal/Others,Shri Kapil Sibal (2022-28),Sitting Rajya Sabha,PATHANAMTHITTA(DISTRICT COLLECTOR PATHANAMTHITTA_IDA),168905.0,168905.0,2024-12-17T00:00:00.000Z,2026-03-08T00:00:00.000Z,True,Uttar Pradesh,Rajya Sabha,159265,972,True
159268,Construction of Concrete road from Vrindavan Padi to KIP Canal Road,Normal/Others,Shri Kapil Sibal (2022-28),Sitting Rajya Sabha,PATHANAMTHITTA(DISTRICT COLLECTOR PATHANAMTHITTA_IDA),207201.0,207201.0,2024-12-17T00:00:00.000Z,2026-03-08T00:00:00.000Z,True,Uttar Pradesh,Rajya Sabha,159268,973,True
145520,"Installation of Handpumps at Raki, Mustafabad, Narwal, Usmanpur, Rampur Kasiha, Shukulpur, Pijari, Bachhwal, Raipurtae, Bhojpur, Kethola, Jainpur",Normal/Others,Shri Kapil Sibal (2022-28),Sitting Rajya Sabha,PRATAPGARH(DISTRICT MAGISTRAE PRATAPGARH_IDA),50800.0,203124.0,2024-10-04T00:00:00.000Z,2026-02-13T00:00:00.000Z,True,Uttar Pradesh,Rajya Sabha,145520,145515,False
145521,"Installation of Handpumps at Raki, Mustafabad, Narwal, Usmanpur, Rampur Kasiha, Shukulpur, Pijari, Bachhwal, Raipurtae, Bhojpur, Kethola, Jainpur",Normal/Others,Shri Kapil Sibal (2022-28),Sitting Rajya Sabha,PRATAPGARH(DISTRICT MAGISTRAE PRATAPGARH_IDA),50800.0,507810.0,2024-10-04T00:00:00.000Z,2026-02-13T00:00:00.000Z,True,Uttar Pradesh,Rajya Sabha,145521,145516,False
145522,"Installation of Handpumps at Raki, Mustafabad, Narwal, Usmanpur, Rampur Kasiha, Shukulpur, Pijari, Bachhwal, Raipurtae, Bhojpur, Kethola, Jainpur",Normal/Others,Shri Kapil Sibal (2022-28),Sitting Rajya Sabha,PRATAPGARH(DISTRICT MAGISTRAE PRATAPGARH_IDA),50800.0,507810.0,2024-10-04T00:00:00.000Z,2026-02-13T00:00:00.000Z,True,Uttar Pradesh,Rajya Sabha,145522,145517,False
197990,RCC Benches,Normal/Others,Shri Kesridevsinh Jhala (2023-29),Sitting Rajya Sabha,MORBI(District collector Morbi_IDA),1650000.0,1251924.0,2025-05-08T00:00:00.000Z,2026-03-17T00:00:00.000Z,False,Gujarat,Rajya Sabha,197990,197991,False
225464,"Construction of a new protective structure on the Kapamodzu approach road under Phek District, Nagaland",Normal/Others,Kirti Vardhan Singh,GONDA,PHEK(Deputy Commissioner Phek_IDA),1000000.0,1000000.0,2025-08-06T00:00:00.000Z,2026-01-14T00:00:00.000Z,False,Uttar Pradesh,Lok Sabha,225464,1487,False
219208,"table of kitchen, private school,",Normal/Others,KRITI DEVI DEBBARMAN,TRIPURA EAST,Khowai(DISTRICT MAGISTRATE and COLLECTOR  KHOWAI_IDA),500000.0,500000.0,2025-07-17T00:00:00.000Z,2026-07-18T00:00:00.000Z,True,Tripura,Lok Sabha,219208,219209,False
232227,Purchase of Electronic Wheel Chair for Physically Challenged Person-Kurumathur-GP-Ward-12,Normal/Others,Shri Kumbakudi Sudhakaran,KANNUR,KANNUR(DISTRICT COLLECTOR KANNUR_IDA),110000.0,110000.0,2025-09-08T00:00:00.000Z,2026-01-19T00:00:00.000Z,True,Kerala,Lok Sabha,232227,232226,False
232240,Purchase of Electronic Wheel Chair for Physically Challenged Person-Ullikkal-GP-Ward-06,Normal/Others,Shri Kumbakudi Sudhakaran,KANNUR,KANNUR(DISTRICT COLLECTOR KANNUR_IDA),110000.0,110000.0,2025-09-08T00:00:00.000Z,2026-01-19T00:00:00.000Z,True,Kerala,Lok Sabha,232240,232248,False
195805,as per recommendation letter attached,Normal/Others,DR. LATA WANKHEDE,SAGAR,SAGAR(DISTRICT COLLECTOR SAGAR_IDA),105000.0,2599420.0,2025-05-01T00:00:00.000Z,2025-06-24T00:00:00.000Z,True,Madhya Pradesh,Lok Sabha,195805,195806,False
136725,"Construction of classroom at the Government Higher Primary School in Lakya Village, Chikkamagaluru District, Karnataka.",Normal/Others,Shri LS Tejasvi Surya ,BANGALORE SOUTH,CHIKKAMAGALURU(DEPUTY COMMISSIONER CHIKMAGALUR),496984.0,496984.0,2024-08-22T00:00:00.000Z,2026-04-18T00:00:00.000Z,True,Karnataka,Lok Sabha,136725,822,True
257080,"Supply of Laboratory Equipments to Government Higher Secondary School, Pandur village, Thirukalukundram Panchayat Union, Chengapattu District",Normal/Others,Dr. M. Dhanapal (2025-31),Sitting Rajya Sabha,CHENGALPATTU(District Collector Chengalpattu_IDA),625000.0,625000.0,2026-07-01T00:00:00.000Z,2026-01-22T00:00:00.000Z,True,Tamil Nadu,Rajya Sabha,257080,291206,False
210884,public bus stand construction work,Normal/Others,Shri Madan Rathore (2024-30),Sitting Rajya Sabha,PALI(DISTRICT COLLECTOR PALI_IDA),500000.0,498804.0,2025-03-18T00:00:00.000Z,2026-02-04T00:00:00.000Z,False,Rajasthan,Rajya Sabha,210884,183139,False
210885,public bus stand construction work,Normal/Others,Shri Madan Rathore (2024-30),Sitting Rajya Sabha,Jaipur Gramin(DISTRICT COLLECTOR Jaipur Gramin_IDA),500000.0,499304.0,2025-03-20T00:00:00.000Z,2026-05-09T00:00:00.000Z,True,Rajasthan,Rajya Sabha,210885,184635,False
152155,Construction of 1000 mm dia 4 Row RCC pipe Culvert in Km 0/0 to 0/2 in Approach Road to Iskapalli in Griddalur GP of Sydapuram Mandal.,Normal/Others,Maddila Gurumoorthy,TIRUPATI,Sri Potti Sriramulu Nellore(DISTRICT COLLECTOR NELLORE_IDA),1483285.0,1483285.0,2024-11-12T00:00:00.000Z,2025-08-05T00:00:00.000Z,True,Andhra Pradesh,Lok Sabha,152155,909,True
150356,"Construction of CC Road D. Narayana house to R&B road in Pullareddy Palli H/W (V), Anantha Samudram G.P. in Pullampeta Mandal.",Normal/Others,Maddila Gurumoorthy,TIRUPATI,Annamayya(DISTRICT COLLECTOR ANNAMAYYA_IDA),390388.0,390388.0,2024-11-02T00:00:00.000Z,2025-11-01T00:00:00.000Z,True,Andhra Pradesh,Lok Sabha,150356,899,True
209225,"Construction of CC Road from Bhuma Ramalinga Reddy house to Bhuma Siva Reddy house of W.Kothapalli village in Dornipadu Mandal, Nanyala District.",Normal/Others,Maddila Gurumoorthy,TIRUPATI,Nandyal(DISTRICT COLLECTOR NANDYAL_IDA),499771.0,499771.0,2025-06-16T00:00:00.000Z,2025-11-06T00:00:00.000Z,True,Andhra Pradesh,Lok Sabha,209225,1361,True
209224,"Construction of CC Road from Leburu Ankalamma Temple to Pallipadu Road of Lebur village in Indukurpeta Mandal, SPS Nellore District.",Normal/Others,Maddila Gurumoorthy,TIRUPATI,Sri Potti Sriramulu Nellore(DISTRICT COLLECTOR NELLORE_IDA),499451.0,499451.0,2025-06-16T00:00:00.000Z,2026-02-23T00:00:00.000Z,True,Andhra Pradesh,Lok Sabha,209224,1360,True
150357,Construction of CC road from Raju house to Sivalayam in Pullampeta G.P.& Mandal.,Normal/Others,Maddila Gurumoorthy,TIRUPATI,Annamayya(DISTRICT COLLECTOR ANNAMAYYA_IDA),399479.0,399479.0,2024-11-02T00:00:00.000Z,2025-07-16T00:00:00.000Z,True,Andhra Pradesh,Lok Sabha,150357,900,True
150355,"Construction of CC road from Ramulavari Gudi to Jandaman in A.Puthanavari Palli (V), Anantha samudram G.P.in Pullampeta Mandal.",Normal/Others,Maddila Gurumoorthy,TIRUPATI,Annamayya(DISTRICT COLLECTOR ANNAMAYYA_IDA),288926.0,288926.0,2024-11-02T00:00:00.000Z,2025-11-01T00:00:00.000Z,True,Andhra Pradesh,Lok Sabha,150355,898,True
150359,Construction of Ramulavari Gudi to R& B Road A.Oedipally (V) Anantha Samudram G.P.in Pullampeta Mandal.,Normal/Others,Maddila Gurumoorthy,TIRUPATI,Annamayya(DISTRICT COLLECTOR ANNAMAYYA_IDA),389748.0,389748.0,2024-11-02T00:00:00.000Z,2025-11-01T00:00:00.000Z,True,Andhra Pradesh,Lok Sabha,150359,902,True
209226,"Providing CC Road and Culvert from Bujji Basha house to KM Palli, Veeraballi GP and Mandal, Annamayya District.",Normal/Others,Maddila Gurumoorthy,TIRUPATI,Annamayya(DISTRICT COLLECTOR ANNAMAYYA_IDA),1767296.0,1767296.0,2025-06-16T00:00:00.000Z,2026-01-30T00:00:00.000Z,True,Andhra Pradesh,Lok Sabha,209226,1362,True
213219,Providing Internal CC Road from Choppa Narasa Reddy House to Meda Raghava Reddy House at Medavaripalli of H. Kothapalli GP of Rajampet Mandal.,Normal/Others,Maddila Gurumoorthy,TIRUPATI,Annamayya(DISTRICT COLLECTOR ANNAMAYYA_IDA),300000.0,299956.0,2025-06-28T00:00:00.000Z,2026-04-06T00:00:00.000Z,True,Andhra Pradesh,Lok Sabha,213219,1411,True
213217,Providing Internal CC Road from Kuncham Srinivasulu House to Alakunta Venkata Subbamma House at Vadde Colony of H. Kothapalli GP of Rajampet Mandal.,Normal/Others,Maddila Gurumoorthy,TIRUPATI,Annamayya(DISTRICT COLLECTOR ANNAMAYYA_IDA),450000.0,448866.0,2025-06-28T00:00:00.000Z,2026-04-06T00:00:00.000Z,True,Andhra Pradesh,Lok Sabha,213217,1409,True
213218,Providing Internal CC Road from Obulapu Lakshmi Narasamma House to Meda Venu Gopal Reddy House at Medavaripalli of H. Kothapalli GP of Rajampet Mandal.,Normal/Others,Maddila Gurumoorthy,TIRUPATI,Annamayya(DISTRICT COLLECTOR ANNAMAYYA_IDA),300000.0,299364.0,2025-06-28T00:00:00.000Z,2026-04-06T00:00:00.000Z,True,Andhra Pradesh,Lok Sabha,213218,1410,True
209223,Providing internal CC Road from Rayachoti Acthamma House to Pasupuleti Venkata Subbamma house at Vadde Colony of H.Kothapalli GP of Rajampet Mandal.,Normal/Others,Maddila Gurumoorthy,TIRUPATI,Annamayya(DISTRICT COLLECTOR ANNAMAYYA_IDA),450000.0,447308.0,2025-06-16T00:00:00.000Z,2026-04-06T00:00:00.000Z,True,Andhra Pradesh,Lok Sabha,209223,1359,True
192765,Gram Chamrauli ke thar Pirothiya me man signgh putra shyamlalke ghar ke pass sarvjanik sthan par Samarsevil Pump mai Tanki Nirman (working agency UP Sidco agra),Normal/Others,Mala Rajya Laxmi Shah ,TEHRI GARHWAL,AGRA(DISTRICT MAGISTRAE AGRA_IDA),249164.0,249164.0,2025-04-20T00:00:00.000Z,2026-05-14T00:00:00.000Z,False,Uttarakhand,Lok Sabha,192765,1256,False
192768,Gram Mohammadpur me Pohap singh putra atar singh ke ghar ke pass Sarvjanik sthan par Samarsevil Pump mai Tanki Nirman ( working Agency UP Sidco agra),Normal/Others,Mala Rajya Laxmi Shah ,TEHRI GARHWAL,AGRA(DISTRICT MAGISTRAE AGRA_IDA),249164.0,249164.0,2025-04-20T00:00:00.000Z,2026-05-14T00:00:00.000Z,False,Uttarakhand,Lok Sabha,192768,1259,False
149449,"Gram Mutawai me Munni devi ke khet se Mahesh Sharam ke Ghar tak C.C mrag Nirman Karya, (Woorking Agency R E S Agra )",Normal/Others,Mala Rajya Laxmi Shah ,TEHRI GARHWAL,AGRA(DISTRICT MAGISTRAE AGRA_IDA),2498299.0,2498299.0,2024-10-25T00:00:00.000Z,2025-01-23T00:00:00.000Z,True,Uttarakhand,Lok Sabha,149449,894,True
149448,Gram Mutawai me Sanjeev Sharma ke makan se Bijasen ki or C.C Mrag nirman karay (Woorking Agency R E S Agra ),Normal/Others,Mala Rajya Laxmi Shah ,TEHRI GARHWAL,AGRA(DISTRICT MAGISTRAE AGRA_IDA),1098945.0,1098945.0,2024-10-25T00:00:00.000Z,2025-01-23T00:00:00.000Z,True,Uttarakhand,Lok Sabha,149448,893,True
192766,Gram Nagariya ke gadarpura me madho singh bagel ke ghar ke pass sarvjanik sthan par Samarsevil Pump mai Tanki Nirman (working agency UP Sidco agra),Normal/Others,Mala Rajya Laxmi Shah ,TEHRI GARHWAL,AGRA(DISTRICT MAGISTRAE AGRA_IDA),249164.0,249164.0,2025-04-20T00:00:00.000Z,2026-05-14T00:00:00.000Z,False,Uttarakhand,Lok Sabha,192766,1257,False
192769,Gram Rampura  ke pura harsukh me Vinoda putra Nathilal ke ghar ke pass sarvjanik sthan par Samarsevil Pump mai Tanki Nirman (Working Agency UP Sidco agra),Normal/Others,Mala Rajya Laxmi Shah ,TEHRI GARHWAL,AGRA(DISTRICT MAGISTRAE AGRA_IDA),249164.0,249164.0,2025-04-20T00:00:00.000Z,2026-05-14T00:00:00.000Z,False,Uttarakhand,Lok Sabha,192769,1260,False
192763,Gram Rampura ke Dandniya pura me Ramprkash ke ghar ke pass sarvjani sthan par Samarsevil Pump mai Tanki Nirman (working agency UP Sidco agra),Normal/Others,Mala Rajya Laxmi Shah ,TEHRI GARHWAL,AGRA(DISTRICT MAGISTRAE AGRA_IDA),249164.0,249164.0,2025-04-20T00:00:00.000Z,2026-05-14T00:00:00.000Z,False,Uttarakhand,Lok Sabha,192763,1254,False
192762,Gram Rampura ke pura harsukh me atindra jatav putra rajpati jatav ke ghar ke pass sarvjanik sthan par Samarsevil Pump mai Tanki Nirman ( Working agency UP Sidco agra),Normal/Others,Mala Rajya Laxmi Shah ,TEHRI GARHWAL,AGRA(DISTRICT MAGISTRAE AGRA_IDA),249164.0,249164.0,2025-04-20T00:00:00.000Z,2026-05-14T00:00:00.000Z,False,Uttarakhand,Lok Sabha,192762,1253,False
192771,"Gram Rampura ke pura harsukh me bhuri singh, bhagat singh ke ghar ke pass sarvjanik sthan par Samarsevil Pump mai Tanki nirman ( Working agency UP Sidco agra)",Normal/Others,Mala Rajya Laxmi Shah ,TEHRI GARHWAL,AGRA(DISTRICT MAGISTRAE AGRA_IDA),248687.0,248687.0,2025-04-20T00:00:00.000Z,2026-05-14T00:00:00.000Z,False,Uttarakhand,Lok Sabha,192771,1262,False
192761,Gram Rampura ke pura harsukh me chandraprkash putra ramkhiladi ke ghar ke pass sarvjanik sthan par Samarsevil Pamp mai Tanki Nirman (working agency UP Sidco agra),Normal/Others,Mala Rajya Laxmi Shah ,TEHRI GARHWAL,AGRA(DISTRICT MAGISTRAE AGRA_IDA),249047.0,249047.0,2025-04-20T00:00:00.000Z,2026-05-14T00:00:00.000Z,False,Uttarakhand,Lok Sabha,192761,1252,False
192764,Gram Rampura ke pura harsukh me kanti kumar ke ghar ke pass sarvjanik sthan par Samarsevil Pump mai Tanki Nirman (working agency UP Sidco agra),Normal/Others,Mala Rajya Laxmi Shah ,TEHRI GARHWAL,AGRA(DISTRICT MAGISTRAE AGRA_IDA),249164.0,249164.0,2025-04-20T00:00:00.000Z,2026-05-14T00:00:00.000Z,False,Uttarakhand,Lok Sabha,192764,1255,False
192772,Gram Rampura ke Pura harsukh me Nirpat singh ke ghar ke pass sarvjanik sthan par Samarsevil Pump mai Tanki Nirman ( workin agency UP Sidco agra),Normal/Others,Mala Rajya Laxmi Shah ,TEHRI GARHWAL,AGRA(DISTRICT MAGISTRAE AGRA_IDA),248687.0,248687.0,2025-04-20T00:00:00.000Z,2026-05-14T00:00:00.000Z,False,Uttarakhand,Lok Sabha,192772,1263,False
192770,Gram Rampura ke Pura harsukh me tukman singh putra Ram singh ke ghar ke pass sarvjanik sthan par Samarsevil Pump mai Tanki Nirman (Working Agency UP Sidco agra),Normal/Others,Mala Rajya Laxmi Shah ,TEHRI GARHWAL,AGRA(DISTRICT MAGISTRAE AGRA_IDA),249164.0,249164.0,2025-04-20T00:00:00.000Z,2026-05-14T00:00:00.000Z,False,Uttarakhand,Lok Sabha,192770,1261,False
149447,Gram Tas Pura me ranpura tas pura samprak mrag se mayaram ke tubwel ki or C.C mrag nirman karya (Woorking Agency R E S agra),Normal/Others,Mala Rajya Laxmi Shah ,TEHRI GARHWAL,AGRA(DISTRICT MAGISTRAE AGRA_IDA),1399030.0,1399030.0,2024-10-25T00:00:00.000Z,2025-01-23T00:00:00.000Z,True,Uttarakhand,Lok Sabha,149447,892,True
192767,Gram Wazidpur me Jhapo net ke passSarvjanik Sthan par Samarsevil Pump mai Tanki Nirman (Working Agency UP Sidco agra),Normal/Others,Mala Rajya Laxmi Shah ,TEHRI GARHWAL,AGRA(DISTRICT MAGISTRAE AGRA_IDA),249164.0,249164.0,2025-04-20T00:00:00.000Z,2026-05-14T00:00:00.000Z,False,Uttarakhand,Lok Sabha,192767,1258,False
193422,"Purchase of IT systems, including hardware and software for educational purposes at Punjab university sector 14 for department of defence and national security studies at chandigarh",Normal/Others,MALVINDER SINGH KANG,ANANDPUR SAHIB,CHANDIGARH(DEPUTY COMMISSIONER ZILLA PARISHAD CHANDIGARH_IDA),996250.0,996250.0,2025-04-22T00:00:00.000Z,2025-12-08T00:00:00.000Z,True,Punjab,Lok Sabha,193422,1274,True
254275,Installation of integrated solar street lights 20 nos,Normal/Others,Smt. Mamata Thakur (2024-30),Sitting Rajya Sabha,HOOGHLY(DISTRICT MAGISTRATE HOOGHLY_IDA),680520.0,680236.0,2025-12-29T00:00:00.000Z,2026-03-21T00:00:00.000Z,True,West Bengal,Rajya Sabha,254275,255897,False
254276,Installation of integrated solar street lights 20 nos,Normal/Others,Smt. Mamata Thakur (2024-30),Sitting Rajya Sabha,HOOGHLY(DISTRICT MAGISTRATE HOOGHLY_IDA),680520.0,680236.0,2025-12-29T00:00:00.000Z,2026-03-21T00:00:00.000Z,True,West Bengal,Rajya Sabha,254276,255898,False
254277,Installation of integrated solar street lights 20 nos,Normal/Others,Smt. Mamata Thakur (2024-30),Sitting Rajya Sabha,HOOGHLY(DISTRICT MAGISTRATE HOOGHLY_IDA),680520.0,680236.0,2025-12-29T00:00:00.000Z,2026-03-21T00:00:00.000Z,True,West Bengal,Rajya Sabha,254277,255899,False
254278,Installation of integrated solar street lights 20 nos,Normal/Others,Smt. Mamata Thakur (2024-30),Sitting Rajya Sabha,HOOGHLY(DISTRICT MAGISTRATE HOOGHLY_IDA),680520.0,680236.0,2025-12-29T00:00:00.000Z,2026-03-21T00:00:00.000Z,True,West Bengal,Rajya Sabha,254278,255900,False
254279,Installation of integrated solar street lights 20 nos,Normal/Others,Smt. Mamata Thakur (2024-30),Sitting Rajya Sabha,HOOGHLY(DISTRICT MAGISTRATE HOOGHLY_IDA),680520.0,680236.0,2025-12-29T00:00:00.000Z,2026-03-21T00:00:00.000Z,True,West Bengal,Rajya Sabha,254279,255901,False
200583,Installation of solar high mast light 01 nos,Normal/Others,Smt. Mamata Thakur (2024-30),Sitting Rajya Sabha,North 24 Parganas(DISTRICT MAGISTRATE NORTH TWENTY FOUR PARGANAS_IDA),287000.0,377649.0,2025-12-15T00:00:00.000Z,2026-03-24T00:00:00.000Z,True,West Bengal,Rajya Sabha,200583,254274,False
198291,Mahadalit Basti me Ambedakar Pustakale ka nirman kary,Normal/Others,MANOJ KUMAR,SASARAM,ROHTAS(District Planning Officer Rohtas_IDA),700000.0,698587.0,2025-05-10T00:00:00.000Z,2026-04-29T00:00:00.000Z,True,Bihar,Lok Sabha,198291,198292,False
189414,Protection wall at Fulvadi village,Normal/Others,Mansukhbhai Dhanjibhai Vasava,BHARUCH,NARMADA(DISTRICT COLLECTOR NARMADA_IDA),1777715.0,1777715.0,2025-04-04T00:00:00.000Z,2025-10-15T00:00:00.000Z,True,Gujarat,Lok Sabha,189414,1225,True
188705,Construction of boundary wall of Govt Junior High School Building Raigaon Pakyong Sikkim,Normal/Others,Dr. Medha Vishram Kulkarni (2024-30),Sitting Rajya Sabha,Pakyong(DISTRICT COLLECTOR PAKYONG_IDA),3000000.0,2998157.0,2025-04-02T00:00:00.000Z,2025-08-06T00:00:00.000Z,False,Maharashtra,Rajya Sabha,188705,1221,False
146591,"Medical Office, Primary Health Center, Duddi, Dis. Kupwada, Jammu & Kashmir Providing of Ambulance.",Normal/Others,Dr. Medha Vishram Kulkarni (2024-30),Sitting Rajya Sabha,KUPWARA(Deputy Commissioner Kupwara_IDA),2000000.0,2000000.0,2024-10-09T00:00:00.000Z,2025-01-22T00:00:00.000Z,True,Maharashtra,Rajya Sabha,146591,876,True
241948,"Construction of Compound wall to Yogoda Satsanga Society of India Dhyana Kendram, Nalanda Nagar, Thummalagunta G.P",Normal/Others,Midhun Reddy,RAJAMPET,Tirupati(DISTRICT COLLECTOR TIRUPATI_IDA),500000.0,483029.0,2025-10-14T00:00:00.000Z,2026-04-15T00:00:00.000Z,True,Andhra Pradesh,Lok Sabha,241948,1699,True
215335,Formation of Road Takkalo R and B Road to Burial Grounds in Tokkolu Village and GP,Normal/Others,Midhun Reddy,RAJAMPET,Y.S.R. Kadapa(DISTRICT COLLECTOR CUDDAPAH_IDA),498015.0,498015.0,2025-07-06T00:00:00.000Z,2025-12-31T00:00:00.000Z,True,Andhra Pradesh,Lok Sabha,215335,1430,True
215333,"Providing Try Motorised Battery Scooter to R Sahadeva Reddy, Koolivandlapalli Village Jangamvandlapalli GP  Mob 9000859785",Normal/Others,Midhun Reddy,RAJAMPET,Tirupati(DISTRICT COLLECTOR TIRUPATI_IDA),90000.0,90000.0,2025-07-06T00:00:00.000Z,2026-01-12T00:00:00.000Z,True,Andhra Pradesh,Lok Sabha,215333,1428,True
18878,Construction Work of Water tank With Submer Sible Pump,Normal/Others,Shri Mithlesh Kumar (2022-28),Sitting Rajya Sabha,AGRA(DISTRICT MAGISTRAE AGRA_IDA),225000.0,223498.0,2023-09-11T00:00:00.000Z,2025-06-23T00:00:00.000Z,False,Uttar Pradesh,Rajya Sabha,18878,18880,False
24466,"Construction of Class Room in a College Saraswati Mahavidyalaya, Mauli Vidyapeeth Trust, Kaij, Dist. Beed, Maharashtra",,Shri Mukul Wasnik (2022-28),Sitting Rajya Sabha,BEED(DISTRICT COLLECTOR BEED_IDA),2500000.0,2455417.0,2023-08-16T00:00:00.000Z,2025-05-28T00:00:00.000Z,True,Rajasthan,Rajya Sabha,24466,149,True
159912,"Construction of Hall and Stairs on First Floor of Sunar Sakal (Verma) Dharamshala in Ward No.2, Siwan Gate, Kaithal Municipal Council, Dist. Kaithal",Normal/Others,Shri Mukul Wasnik (2022-28),Sitting Rajya Sabha,KAITHAL(DC CUM NODAL OFFICERS MPLADS),1000000.0,995935.0,2024-12-18T00:00:00.000Z,2026-02-21T00:00:00.000Z,True,Rajasthan,Rajya Sabha,159912,977,True
159913,"Construction of Kitchen, Toilet and Bathroom in Dhiman Dharamshala in Ward No.2, Kaithal Municipal Council, Dist. Kaithal",Normal/Others,Shri Mukul Wasnik (2022-28),Sitting Rajya Sabha,KAITHAL(DC CUM NODAL OFFICERS MPLADS),500000.0,496607.0,2024-12-18T00:00:00.000Z,2026-02-21T00:00:00.000Z,True,Rajasthan,Rajya Sabha,159913,978,True
140982,MS pole with LED semi High Mast Light,Normal/Others,NARAYAN DAS AHIRWAR,JALAUN,KANPUR DEHAT(DISTRICT MAGISTRATE KANPUR DEHAT_IDA),243000.0,238871.64,2024-09-14T00:00:00.000Z,2025-08-21T00:00:00.000Z,True,Uttar Pradesh,Lok Sabha,140982,140813,False
140983,MS pole with LED semi High Mast Light,Normal/Others,NARAYAN DAS AHIRWAR,JALAUN,KANPUR DEHAT(DISTRICT MAGISTRATE KANPUR DEHAT_IDA),243000.0,238871.64,2024-09-14T00:00:00.000Z,2025-08-21T00:00:00.000Z,True,Uttar Pradesh,Lok Sabha,140983,140814,False
140984,MS pole with LED semi High Mast Light,Normal/Others,NARAYAN DAS AHIRWAR,JALAUN,KANPUR DEHAT(DISTRICT MAGISTRATE KANPUR DEHAT_IDA),243000.0,238871.64,2024-09-14T00:00:00.000Z,2025-08-21T00:00:00.000Z,True,Uttar Pradesh,Lok Sabha,140984,140815,False
140985,MS pole with LED semi High Mast Light,Normal/Others,NARAYAN DAS AHIRWAR,JALAUN,KANPUR DEHAT(DISTRICT MAGISTRATE KANPUR DEHAT_IDA),243000.0,238871.64,2024-09-14T00:00:00.000Z,2025-08-21T00:00:00.000Z,True,Uttar Pradesh,Lok Sabha,140985,140816,False
140987,MS pole with LED semi High Mast Light,Normal/Others,NARAYAN DAS AHIRWAR,JALAUN,KANPUR DEHAT(DISTRICT MAGISTRATE KANPUR DEHAT_IDA),243000.0,238871.64,2024-09-14T00:00:00.000Z,2025-08-21T00:00:00.000Z,True,Uttar Pradesh,Lok Sabha,140987,140817,False
140988,MS pole with LED semi High Mast Light,Normal/Others,NARAYAN DAS AHIRWAR,JALAUN,KANPUR DEHAT(DISTRICT MAGISTRATE KANPUR DEHAT_IDA),243000.0,238871.64,2024-09-14T00:00:00.000Z,2025-08-21T00:00:00.000Z,True,Uttar Pradesh,Lok Sabha,140988,140818,False
140989,MS pole with LED semi High Mast Light,Normal/Others,NARAYAN DAS AHIRWAR,JALAUN,KANPUR DEHAT(DISTRICT MAGISTRATE KANPUR DEHAT_IDA),243000.0,238871.64,2024-09-14T00:00:00.000Z,2025-08-21T00:00:00.000Z,True,Uttar Pradesh,Lok Sabha,140989,140819,False
140990,MS pole with LED semi High Mast Light,Normal/Others,NARAYAN DAS AHIRWAR,JALAUN,KANPUR DEHAT(DISTRICT MAGISTRATE KANPUR DEHAT_IDA),243000.0,238871.64,2024-09-14T00:00:00.000Z,2025-08-21T00:00:00.000Z,True,Uttar Pradesh,Lok Sabha,140990,140820,False
140991,MS pole with LED semi High Mast Light,Normal/Others,NARAYAN DAS AHIRWAR,JALAUN,KANPUR DEHAT(DISTRICT MAGISTRATE KANPUR DEHAT_IDA),243000.0,238871.64,2024-09-14T00:00:00.000Z,2025-08-21T00:00:00.000Z,True,Uttar Pradesh,Lok Sabha,140991,140821,False
140994,MS Pole with LED semi High Mast Light,Normal/Others,NARAYAN DAS AHIRWAR,JALAUN,KANPUR DEHAT(DISTRICT MAGISTRATE KANPUR DEHAT_IDA),243000.0,238871.64,2024-09-14T00:00:00.000Z,2025-08-21T00:00:00.000Z,True,Uttar Pradesh,Lok Sabha,140994,140822,False
140995,MS Pole with LED semi High Mast Light,Normal/Others,NARAYAN DAS AHIRWAR,JALAUN,KANPUR DEHAT(DISTRICT MAGISTRATE KANPUR DEHAT_IDA),243000.0,238871.64,2024-09-14T00:00:00.000Z,2025-08-21T00:00:00.000Z,True,Uttar Pradesh,Lok Sabha,140995,140824,False
140996,MS Pole with LED semi High Mast Light,Normal/Others,NARAYAN DAS AHIRWAR,JALAUN,KANPUR DEHAT(DISTRICT MAGISTRATE KANPUR DEHAT_IDA),243000.0,238871.64,2024-09-14T00:00:00.000Z,2025-08-21T00:00:00.000Z,True,Uttar Pradesh,Lok Sabha,140996,140825,False
140997,MS Pole with LED semi High Mast Light,Normal/Others,NARAYAN DAS AHIRWAR,JALAUN,KANPUR DEHAT(DISTRICT MAGISTRATE KANPUR DEHAT_IDA),243000.0,238871.64,2024-09-14T00:00:00.000Z,2025-08-21T00:00:00.000Z,True,Uttar Pradesh,Lok Sabha,140997,140826,False
140998,MS Pole with LED semi High Mast Light,Normal/Others,NARAYAN DAS AHIRWAR,JALAUN,KANPUR DEHAT(DISTRICT MAGISTRATE KANPUR DEHAT_IDA),243000.0,238871.64,2024-09-14T00:00:00.000Z,2025-08-21T00:00:00.000Z,True,Uttar Pradesh,Lok Sabha,140998,140827,False
140999,MS Pole with LED semi High Mast Light,Normal/Others,NARAYAN DAS AHIRWAR,JALAUN,KANPUR DEHAT(DISTRICT MAGISTRATE KANPUR DEHAT_IDA),243000.0,238871.64,2024-09-14T00:00:00.000Z,2025-08-21T00:00:00.000Z,True,Uttar Pradesh,Lok Sabha,140999,140828,False
141000,MS Pole with LED semi High Mast Light,Normal/Others,NARAYAN DAS AHIRWAR,JALAUN,KANPUR DEHAT(DISTRICT MAGISTRATE KANPUR DEHAT_IDA),243000.0,238871.64,2024-09-14T00:00:00.000Z,2025-08-21T00:00:00.000Z,True,Uttar Pradesh,Lok Sabha,141000,140829,False
141001,MS Pole with LED semi High Mast Light,Normal/Others,NARAYAN DAS AHIRWAR,JALAUN,KANPUR DEHAT(DISTRICT MAGISTRATE KANPUR DEHAT_IDA),243000.0,238871.64,2024-09-14T00:00:00.000Z,2025-08-21T00:00:00.000Z,True,Uttar Pradesh,Lok Sabha,141001,140830,False
141002,MS Pole with LED semi High Mast Light,Normal/Others,NARAYAN DAS AHIRWAR,JALAUN,KANPUR DEHAT(DISTRICT MAGISTRATE KANPUR DEHAT_IDA),243000.0,238871.64,2024-09-14T00:00:00.000Z,2025-08-21T00:00:00.000Z,True,Uttar Pradesh,Lok Sabha,141002,140831,False
141003,MS Pole with LED semi High Mast Light,Normal/Others,NARAYAN DAS AHIRWAR,JALAUN,KANPUR DEHAT(DISTRICT MAGISTRATE KANPUR DEHAT_IDA),243000.0,238871.64,2024-09-14T00:00:00.000Z,2025-08-21T00:00:00.000Z,True,Uttar Pradesh,Lok Sabha,141003,140832,False
176949,MS pole with LED semi High Mast Light,Normal/Others,NARAYAN DAS AHIRWAR,JALAUN,KANPUR DEHAT(DISTRICT MAGISTRATE KANPUR DEHAT_IDA),243000.0,238871.64,2024-09-14T00:00:00.000Z,2025-08-21T00:00:00.000Z,True,Uttar Pradesh,Lok Sabha,176949,140833,False
141004,MS Pole with LED semi High Mast Light,Normal/Others,NARAYAN DAS AHIRWAR,JALAUN,JHANSI(DISTRICT MAGISTRAE JHANSI_IDA),243000.0,211299.0,2024-09-15T00:00:00.000Z,2026-01-22T00:00:00.000Z,False,Uttar Pradesh,Lok Sabha,141004,140845,False
141005,MS Pole with LED semi High Mast Light,Normal/Others,NARAYAN DAS AHIRWAR,JALAUN,JHANSI(DISTRICT MAGISTRAE JHANSI_IDA),243000.0,211299.0,2024-09-15T00:00:00.000Z,2026-01-22T00:00:00.000Z,False,Uttar Pradesh,Lok Sabha,141005,140846,False
141006,MS Pole with LED semi High Mast Light,Normal/Others,NARAYAN DAS AHIRWAR,JALAUN,JHANSI(DISTRICT MAGISTRAE JHANSI_IDA),243000.0,211299.0,2024-09-15T00:00:00.000Z,2026-01-22T00:00:00.000Z,False,Uttar Pradesh,Lok Sabha,141006,140850,False
141007,MS Pole with LED semi High Mast Light,Normal/Others,NARAYAN DAS AHIRWAR,JALAUN,JHANSI(DISTRICT MAGISTRAE JHANSI_IDA),243000.0,211299.0,2024-09-15T00:00:00.000Z,2026-01-22T00:00:00.000Z,False,Uttar Pradesh,Lok Sabha,141007,140851,False
141008,MS Pole with LED semi High Mast Light,Normal/Others,NARAYAN DAS AHIRWAR,JALAUN,JHANSI(DISTRICT MAGISTRAE JHANSI_IDA),243000.0,211299.0,2024-09-15T00:00:00.000Z,2026-01-22T00:00:00.000Z,False,Uttar Pradesh,Lok Sabha,141008,140852,False
141009,MS Pole with LED semi High Mast Light,Normal/Others,NARAYAN DAS AHIRWAR,JALAUN,JHANSI(DISTRICT MAGISTRAE JHANSI_IDA),243000.0,211299.0,2024-09-15T00:00:00.000Z,2026-01-22T00:00:00.000Z,False,Uttar Pradesh,Lok Sabha,141009,140853,False
141010,MS Pole with LED semi High Mast Light,Normal/Others,NARAYAN DAS AHIRWAR,JALAUN,JHANSI(DISTRICT MAGISTRAE JHANSI_IDA),243000.0,211299.0,2024-09-15T00:00:00.000Z,2026-01-22T00:00:00.000Z,False,Uttar Pradesh,Lok Sabha,141010,140854,False
141011,MS Pole with LED semi High Mast Light,Normal/Others,NARAYAN DAS AHIRWAR,JALAUN,JHANSI(DISTRICT MAGISTRAE JHANSI_IDA),243000.0,211299.0,2024-09-15T00:00:00.000Z,2026-01-22T00:00:00.000Z,False,Uttar Pradesh,Lok Sabha,141011,140855,False
141012,MS Pole with LED semi High Mast Light,Normal/Others,NARAYAN DAS AHIRWAR,JALAUN,JHANSI(DISTRICT MAGISTRAE JHANSI_IDA),243000.0,211299.0,2024-09-15T00:00:00.000Z,2026-01-22T00:00:00.000Z,False,Uttar Pradesh,Lok Sabha,141012,140856,False
141013,MS Pole with LED semi High Mast Light,Normal/Others,NARAYAN DAS AHIRWAR,JALAUN,JHANSI(DISTRICT MAGISTRAE JHANSI_IDA),243000.0,211299.0,2024-09-15T00:00:00.000Z,2026-01-22T00:00:00.000Z,False,Uttar Pradesh,Lok Sabha,141013,140857,False
141014,MS Pole with LED semi High Mast Light,Normal/Others,NARAYAN DAS AHIRWAR,JALAUN,JHANSI(DISTRICT MAGISTRAE JHANSI_IDA),243000.0,211299.0,2024-09-15T00:00:00.000Z,2026-01-22T00:00:00.000Z,False,Uttar Pradesh,Lok Sabha,141014,140863,False
141015,MS Pole with LED semi High Mast Light,Normal/Others,NARAYAN DAS AHIRWAR,JALAUN,JHANSI(DISTRICT MAGISTRAE JHANSI_IDA),243000.0,211299.0,2024-09-15T00:00:00.000Z,2026-01-22T00:00:00.000Z,False,Uttar Pradesh,Lok Sabha,141015,140864,False
141016,MS Pole with LED semi High Mast Light,Normal/Others,NARAYAN DAS AHIRWAR,JALAUN,JHANSI(DISTRICT MAGISTRAE JHANSI_IDA),243000.0,211299.0,2024-09-15T00:00:00.000Z,2026-01-22T00:00:00.000Z,False,Uttar Pradesh,Lok Sabha,141016,140865,False
141017,MS Pole with LED semi High Mast Light,Normal/Others,NARAYAN DAS AHIRWAR,JALAUN,JHANSI(DISTRICT MAGISTRAE JHANSI_IDA),243000.0,211299.0,2024-09-15T00:00:00.000Z,2026-01-22T00:00:00.000Z,False,Uttar Pradesh,Lok Sabha,141017,140866,False
141018,MS Pole with LED semi High Mast Light,Normal/Others,NARAYAN DAS AHIRWAR,JALAUN,JHANSI(DISTRICT MAGISTRAE JHANSI_IDA),243000.0,211299.0,2024-09-15T00:00:00.000Z,2026-01-22T00:00:00.000Z,False,Uttar Pradesh,Lok Sabha,141018,140867,False
141019,MS Pole with LED semi High Mast Light,Normal/Others,NARAYAN DAS AHIRWAR,JALAUN,JHANSI(DISTRICT MAGISTRAE JHANSI_IDA),243000.0,211299.0,2024-09-15T00:00:00.000Z,2026-01-22T00:00:00.000Z,False,Uttar Pradesh,Lok Sabha,141019,140868,False
149994,C.C.Drain Development work.,Normal/Others,Shri Narayanasa K. Bhandage (2024-30),Sitting Rajya Sabha,BENGALURU URBAN(DEPUTY COMMISSIONER BANGALORE URBAN_IDA),500000.0,499429.0,2024-11-04T00:00:00.000Z,2025-05-14T00:00:00.000Z,False,Karnataka,Rajya Sabha,149994,149989,False
190518,Construction and installation of Drinking water plant.,Normal/Others,Shri Narayanasa K. Bhandage (2024-30),Sitting Rajya Sabha,BAGALKOTE(DEPUTY COMMISSIONER BAGALKOT_IDA),320000.0,320000.0,2025-04-11T00:00:00.000Z,2025-11-28T00:00:00.000Z,True,Karnataka,Rajya Sabha,190518,190530,False
241443,"Construction of Boundary Wall at Government Junior High School, in Pakyong Bazar village, Pakyong district of Sikkim state.",Normal/Others,Shri Narayanasa K. Bhandage (2024-30),Sitting Rajya Sabha,Pakyong(DISTRICT COLLECTOR PAKYONG_IDA),2500000.0,2498224.0,2025-10-10T00:00:00.000Z,2026-04-22T00:00:00.000Z,False,Karnataka,Rajya Sabha,241443,1697,False
163814,"Construction of Boundary wall between Government Sanskrit Mahavidyalaya and PWD Road, at Lapthang ward, under Linkey-Parkha (GPU) of Pakyong District.",Normal/Others,Shri Narayanasa K. Bhandage (2024-30),Sitting Rajya Sabha,Pakyong(DISTRICT COLLECTOR PAKYONG_IDA),2500000.0,2497831.0,2025-01-07T00:00:00.000Z,2025-03-20T00:00:00.000Z,False,Karnataka,Rajya Sabha,163814,1042,False
201271,Construction of Cement Concrete Road.,Normal/Others,Shri Narayanasa K. Bhandage (2024-30),Sitting Rajya Sabha,BENGALURU URBAN(DEPUTY COMMISSIONER BANGALORE URBAN_IDA),5000000.0,4995360.0,2026-06-17T00:00:00.000Z,2025-09-01T00:00:00.000Z,True,Karnataka,Rajya Sabha,201271,286090,False
201272,Construction of Cement Concrete Road.,Normal/Others,Shri Narayanasa K. Bhandage (2024-30),Sitting Rajya Sabha,BENGALURU URBAN(DEPUTY COMMISSIONER BANGALORE URBAN_IDA),5000000.0,4995360.0,2026-06-17T00:00:00.000Z,2025-09-01T00:00:00.000Z,True,Karnataka,Rajya Sabha,201272,286093,False
204268,Construction of Cement Concrete Road.,Normal/Others,Shri Narayanasa K. Bhandage (2024-30),Sitting Rajya Sabha,BENGALURU URBAN(DEPUTY COMMISSIONER BANGALORE URBAN_IDA),5000000.0,4995360.0,2026-06-17T00:00:00.000Z,2025-09-01T00:00:00.000Z,True,Karnataka,Rajya Sabha,204268,286094,False
204269,Construction of Cement Concrete Road.,Normal/Others,Shri Narayanasa K. Bhandage (2024-30),Sitting Rajya Sabha,BENGALURU URBAN(DEPUTY COMMISSIONER BANGALORE URBAN_IDA),5000000.0,4995360.0,2026-06-17T00:00:00.000Z,2025-09-01T00:00:00.000Z,True,Karnataka,Rajya Sabha,204269,286095,False
167592,Construction of Community Hall.,Trust and Society,Shri Narayanasa K. Bhandage (2024-30),Sitting Rajya Sabha,BAGALKOTE(DEPUTY COMMISSIONER BAGALKOT_IDA),750000.0,299792.0,2024-11-26T00:00:00.000Z,2025-07-22T00:00:00.000Z,True,Karnataka,Rajya Sabha,167592,153123,False
147433,Construction of Community Hall.,Normal/Others,Shri Narayanasa K. Bhandage (2024-30),Sitting Rajya Sabha,BENGALURU URBAN(DEPUTY COMMISSIONER BANGALORE URBAN_IDA),750000.0,1499923.0,2024-11-26T00:00:00.000Z,2025-08-02T00:00:00.000Z,True,Karnataka,Rajya Sabha,147433,153223,False
155262,Construction of Community Hall.,Normal/Others,Shri Narayanasa K. Bhandage (2024-30),Sitting Rajya Sabha,BAGALKOTE(DEPUTY COMMISSIONER BAGALKOT_IDA),400000.0,299526.0,2024-11-30T00:00:00.000Z,2025-10-06T00:00:00.000Z,True,Karnataka,Rajya Sabha,155262,155261,False
166394,Construction of Community Hall.,Normal/Others,Shri Narayanasa K. Bhandage (2024-30),Sitting Rajya Sabha,BAGALKOTE(DEPUTY COMMISSIONER BAGALKOT_IDA),300000.0,299766.0,2025-01-27T00:00:00.000Z,2025-10-06T00:00:00.000Z,True,Karnataka,Rajya Sabha,166394,166584,False
183008,Construction of Community Hall.,Normal/Others,Shri Narayanasa K. Bhandage (2024-30),Sitting Rajya Sabha,BAGALKOTE(DEPUTY COMMISSIONER BAGALKOT_IDA),500000.0,499965.0,2025-03-19T00:00:00.000Z,2026-01-14T00:00:00.000Z,True,Karnataka,Rajya Sabha,183008,177908,True
172649,Construction of cultural Hall.,Trust and Society,Shri Narayanasa K. Bhandage (2024-30),Sitting Rajya Sabha,BAGALKOTE(DEPUTY COMMISSIONER BAGALKOT_IDA),500000.0,300000.0,2024-11-04T00:00:00.000Z,2025-09-06T00:00:00.000Z,True,Karnataka,Rajya Sabha,172649,150061,False
175971,"Construction of Flood Control Embankments at Amba-Mamring Road, Near Mamring Sr.Sec School, Rhenock Assembly constituency of Pakyong District, of Sikkim state.",Normal/Others,Shri Narayanasa K. Bhandage (2024-30),Sitting Rajya Sabha,Pakyong(DISTRICT COLLECTOR PAKYONG_IDA),2500000.0,2496744.0,2025-02-17T00:00:00.000Z,2025-05-28T00:00:00.000Z,False,Karnataka,Rajya Sabha,175971,1121,False
219968,"Construction of Flood Control Embankments at Rangpo Khola below Premlakha Village under Pakyong District, Sikkim State.",Normal/Others,Shri Narayanasa K. Bhandage (2024-30),Sitting Rajya Sabha,Pakyong(DISTRICT COLLECTOR PAKYONG_IDA),2500000.0,2498728.0,2025-07-18T00:00:00.000Z,2025-11-10T00:00:00.000Z,False,Karnataka,Rajya Sabha,219968,1449,False
165399,MAHARAJA AGGARSAIN CHARITABLE TRUST BHAWAN MEIN KAKSH YA HALL KA NIRMAN KARYA.,Trust and Society,Shri Naresh Bansal (2020-26),Sitting Rajya Sabha,KARNAL(DEPUTY COMMISSIONER KARNAL),1500000.0,1500000.0,2025-01-14T00:00:00.000Z,2026-02-11T00:00:00.000Z,False,Uttarakhand,Rajya Sabha,165399,1050,False
166030,"Construction and repair of boundry wall, repair and renovation of Shri Bhagwat Bhakti Ashram Trust Society Rampura Rewari",Trust and Society,NAVEEN JINDAL,KURUKSHETRA,REWARI(District Commissioner Rewari),2500000.0,2500000.0,2025-01-16T00:00:00.000Z,2026-02-12T00:00:00.000Z,True,Haryana,Lok Sabha,166030,1052,True
186145,Installation of Indoor Gym,Normal/Others,NAVEEN JINDAL,KURUKSHETRA,KAITHAL(DC CUM NODAL OFFICERS MPLADS),285000.0,257417.0,2025-03-25T00:00:00.000Z,2026-01-14T00:00:00.000Z,True,Haryana,Lok Sabha,186145,186135,False
186147,Installation of Indoor Gym,Normal/Others,NAVEEN JINDAL,KURUKSHETRA,KAITHAL(DC CUM NODAL OFFICERS MPLADS),285000.0,246679.0,2025-03-25T00:00:00.000Z,2026-01-14T00:00:00.000Z,True,Haryana,Lok Sabha,186147,186141,False
186149,Installation of Indoor Gym,Normal/Others,NAVEEN JINDAL,KURUKSHETRA,KAITHAL(DC CUM NODAL OFFICERS MPLADS),285000.0,206854.0,2025-03-25T00:00:00.000Z,2026-02-13T00:00:00.000Z,False,Haryana,Lok Sabha,186149,186142,False
186150,Installation of Indoor Gym,Normal/Others,NAVEEN JINDAL,KURUKSHETRA,KAITHAL(DC CUM NODAL OFFICERS MPLADS),285000.0,206854.0,2025-03-25T00:00:00.000Z,2026-02-13T00:00:00.000Z,False,Haryana,Lok Sabha,186150,186143,False
164734,Setting up of Farmers Training Center and Common Facility Center for agro processing,Normal/Others,Smt. Nirmala Sitharaman (2022-28),Sitting Rajya Sabha,YADGIR(Deputy Commsioner Yadgir_ida),5000000.0,5000000.0,2025-01-10T00:00:00.000Z,2025-12-24T00:00:00.000Z,True,Karnataka,Rajya Sabha,164734,164731,True
263041,"BANCHES FOR SEATING IN WARD 1 TO 18 EACH WARD 50,000 RS",Normal/Others,PARSHOTTAMBHAI RUPALA,RAJKOT,RAJKOT(DISTRICT COLLECTOR RAJKOT_IDA),48600.0,46952.0,2026-02-03T00:00:00.000Z,2026-08-18T00:00:00.000Z,True,Gujarat,Lok Sabha,263041,263030,False
202574,For the work of boundary wall around the community hall located in the Scheduled Caste area,Normal/Others,Smt Poonamben Hematbhai Maadam,JAMNAGAR,JAMNAGAR(DISTRICT COLLECTOR JAMNAGAR_IDA),300000.0,189460.0,2025-05-23T00:00:00.000Z,2026-08-11T00:00:00.000Z,True,Gujarat,Lok Sabha,202574,202572,False
202558,For the work of community hall in the Scheduled Caste area,Normal/Others,Smt Poonamben Hematbhai Maadam,JAMNAGAR,JAMNAGAR(DISTRICT COLLECTOR JAMNAGAR_IDA),500000.0,499963.0,2025-05-23T00:00:00.000Z,2026-04-07T00:00:00.000Z,True,Gujarat,Lok Sabha,202558,202561,False
177165,KAREWADI ME MAHARANA PRATAP SARWAJANIK WACHNAYAL SE UMAKANT RATHOD KE GHAR TAK CEMENT ROAD,Normal/Others,Shri Praful Patel (2024-30),Sitting Rajya Sabha,LATUR(DISTRICT COLLECTOR LATUR_IDA),998304.0,998304.0,2025-02-24T00:00:00.000Z,2025-12-15T00:00:00.000Z,True,Maharashtra,Rajya Sabha,177165,1145,True
84128,Construction of CC Road near the temple from CC Road in Baba Ghuisarnath Dham Kumbhapur area.,Normal/Others,Shri Pramod Tiwari (2022-28),Sitting Rajya Sabha,PRATAPGARH(DISTRICT MAGISTRAE PRATAPGARH_IDA),1226037.0,1226037.0,2023-12-28T00:00:00.000Z,2025-04-03T00:00:00.000Z,True,Rajasthan,Rajya Sabha,84128,357,True
91222,"Legislative Assembly- Rampur Khas, Tehsil- Lalganj, District- Pratapgarh, to install two pieces of highmask light (height 12.5 meters) in Gram Panchayat- Kumbhapur, Ghuisarnath Dham area under Development Block- Sangipur of Uttar Pradesh.",Normal/Others,Shri Pramod Tiwari (2022-28),Sitting Rajya Sabha,PRATAPGARH(DISTRICT MAGISTRAE PRATAPGARH_IDA),962576.0,962576.0,2024-01-19T00:00:00.000Z,2025-04-03T00:00:00.000Z,True,Rajasthan,Rajya Sabha,91222,451,True
186471,Construction of Cement Concrete Road,Normal/Others,DR. PRASHANT YADAORAO PADOLE,BHANDARA-GONDIYA,BHANDARA(DISTRICT COLLECTOR BHANDARA_IDA),700000.0,697787.0,2025-03-25T00:00:00.000Z,2026-02-27T00:00:00.000Z,True,Maharashtra,Lok Sabha,186471,186422,False
186458,Construction of cement road,Normal/Others,DR. PRASHANT YADAORAO PADOLE,BHANDARA-GONDIYA,BHANDARA(DISTRICT COLLECTOR BHANDARA_IDA),700000.0,697398.0,2025-03-25T00:00:00.000Z,2026-03-21T00:00:00.000Z,True,Maharashtra,Lok Sabha,186458,186434,False
186488,Construction of Cement Road,Normal/Others,DR. PRASHANT YADAORAO PADOLE,BHANDARA-GONDIYA,BHANDARA(DISTRICT COLLECTOR BHANDARA_IDA),700000.0,687408.0,2025-03-25T00:00:00.000Z,2026-03-21T00:00:00.000Z,True,Maharashtra,Lok Sabha,186488,186437,False
186414,Construction of cement road,Normal/Others,DR. PRASHANT YADAORAO PADOLE,BHANDARA-GONDIYA,BHANDARA(DISTRICT COLLECTOR BHANDARA_IDA),700000.0,694967.0,2025-03-25T00:00:00.000Z,2026-04-11T00:00:00.000Z,True,Maharashtra,Lok Sabha,186414,186456,False
137080,Providing Laboratory equipment to Physical Science/Biological Science/Mathematics and Social Studies.,Normal/Others,Putta Mahesh Kumar,ELURU,Eluru(DISTRICT COLLECTOR ELURU_IDA),400000.0,400000.0,2024-08-26T00:00:00.000Z,2025-05-21T00:00:00.000Z,True,Andhra Pradesh,Lok Sabha,137080,137046,False
137047,Providing Laboratory equipment to Physical Science/Biological Science/Mathematics and Social Studies.,Normal/Others,Putta Mahesh Kumar,ELURU,Eluru(DISTRICT COLLECTOR ELURU_IDA),400000.0,400000.0,2024-08-26T00:00:00.000Z,2025-05-22T00:00:00.000Z,True,Andhra Pradesh,Lok Sabha,137047,137081,True
137051,Providing Laboratory equipment to Physical Science/Biological Science/Mathematics and Social Studies.,Normal/Others,Putta Mahesh Kumar,ELURU,Eluru(DISTRICT COLLECTOR ELURU_IDA),400000.0,400000.0,2024-08-26T00:00:00.000Z,2025-05-22T00:00:00.000Z,True,Andhra Pradesh,Lok Sabha,137051,137088,True
246567,providing Street Lights,Normal/Others,Putta Mahesh Kumar,ELURU,Eluru(DISTRICT COLLECTOR ELURU_IDA),490000.0,489659.0,2025-11-10T00:00:00.000Z,2026-08-17T00:00:00.000Z,True,Andhra Pradesh,Lok Sabha,246567,246568,False
246570,Providing Street Lights,Normal/Others,Putta Mahesh Kumar,ELURU,Eluru(DISTRICT COLLECTOR ELURU_IDA),490000.0,489659.0,2025-11-10T00:00:00.000Z,2026-08-17T00:00:00.000Z,True,Andhra Pradesh,Lok Sabha,246570,246569,False
246572,Providing Street Lights,Normal/Others,Putta Mahesh Kumar,ELURU,Eluru(DISTRICT COLLECTOR ELURU_IDA),490000.0,489659.0,2025-11-10T00:00:00.000Z,2026-08-17T00:00:00.000Z,True,Andhra Pradesh,Lok Sabha,246572,246571,False
242135,Construction of Concrete Road.,Normal/Others,RACHNA BANERJEE,HOOGHLY,HOOGHLY(DISTRICT MAGISTRATE HOOGHLY_IDA),250000.0,249979.0,2025-10-14T00:00:00.000Z,2026-07-22T00:00:00.000Z,True,West Bengal,Lok Sabha,242135,242132,False
227033,Supply and installation of 12.5 mtr and 1200 watt LED based electric high mast lighting system with complete set.,Normal/Others,RACHNA BANERJEE,HOOGHLY,HOOGHLY(DISTRICT MAGISTRATE HOOGHLY_IDA),283857.0,281018.0,2025-08-14T00:00:00.000Z,2026-05-13T00:00:00.000Z,True,West Bengal,Lok Sabha,227033,227035,False
242164,Supply and installation of 12.5mtr and 1200 watt LED based electric high mast lighting system with complete set.,Normal/Others,RACHNA BANERJEE,HOOGHLY,HOOGHLY(DISTRICT MAGISTRATE HOOGHLY_IDA),1200000.0,281018.0,2025-10-14T00:00:00.000Z,2026-05-13T00:00:00.000Z,True,West Bengal,Lok Sabha,242164,242072,False
242165,Supply and installation of 12.5mtr and 1200 watt LED based electric high mast lighting system with complete set.,Normal/Others,RACHNA BANERJEE,HOOGHLY,HOOGHLY(DISTRICT MAGISTRATE HOOGHLY_IDA),800000.0,281018.0,2025-10-14T00:00:00.000Z,2026-05-13T00:00:00.000Z,True,West Bengal,Lok Sabha,242165,242073,False
242168,Supply and installation of 12.5mtr and 1200 watt LED based electric high mast lighting system with complete set.,Normal/Others,RACHNA BANERJEE,HOOGHLY,HOOGHLY(DISTRICT MAGISTRATE HOOGHLY_IDA),283857.0,281018.0,2025-10-14T00:00:00.000Z,2026-05-13T00:00:00.000Z,True,West Bengal,Lok Sabha,242168,242166,False
150809,Construction Of CC road,Normal/Others,RADHE SHYAM RATHIYA,RAIGARH,Sarangarh-Bilaigarh(Collector SB_IDA),1000000.0,999896.0,2025-07-05T00:00:00.000Z,2025-02-08T00:00:00.000Z,False,Chhattisgarh,Lok Sabha,150809,214831,False
152924,Construction Of Community Building,Normal/Others,RADHE SHYAM RATHIYA,RAIGARH,Sarangarh-Bilaigarh(Collector SB_IDA),800000.0,898971.0,2024-11-06T00:00:00.000Z,2025-06-06T00:00:00.000Z,True,Chhattisgarh,Lok Sabha,152924,151031,False
150805,Construction of Community building,Normal/Others,RADHE SHYAM RATHIYA,RAIGARH,Sarangarh-Bilaigarh(Collector SB_IDA),2000000.0,485546.0,2025-05-21T00:00:00.000Z,2025-09-19T00:00:00.000Z,True,Chhattisgarh,Lok Sabha,150805,196772,False
150804,Construction of Community building,Normal/Others,RADHE SHYAM RATHIYA,RAIGARH,Sarangarh-Bilaigarh(Collector SB_IDA),1000000.0,998398.0,2025-06-13T00:00:00.000Z,2026-07-11T00:00:00.000Z,True,Chhattisgarh,Lok Sabha,150804,207584,False
151032,Construction of Cultural stage,Normal/Others,RADHE SHYAM RATHIYA,RAIGARH,JASHPUR(DISTRICT COLLECTOR JASHPUR_IDA),200000.0,200000.0,2024-11-05T00:00:00.000Z,2025-11-04T00:00:00.000Z,True,Chhattisgarh,Lok Sabha,151032,150718,False
150814,Construction Of Cultural stage,Normal/Others,RADHE SHYAM RATHIYA,RAIGARH,Sarangarh-Bilaigarh(Collector SB_IDA),200000.0,299592.0,2024-11-05T00:00:00.000Z,2025-12-12T00:00:00.000Z,False,Chhattisgarh,Lok Sabha,150814,150731,False
150803,construction of Cultural Stage,Normal/Others,RADHE SHYAM RATHIYA,RAIGARH,Sarangarh-Bilaigarh(Collector SB_IDA),150000.0,300000.0,2024-11-05T00:00:00.000Z,2026-01-08T00:00:00.000Z,True,Chhattisgarh,Lok Sabha,150803,150737,False
207582,Construction of cultural Stage,Normal/Others,RADHE SHYAM RATHIYA,RAIGARH,RAIGARH(DISTRICT COLLECTOR RAIGARH_IDA),200000.0,300000.0,2024-11-05T00:00:00.000Z,2026-02-06T00:00:00.000Z,True,Chhattisgarh,Lok Sabha,207582,150738,False
214816,Construction Of Culvert Bridge,Normal/Others,RADHE SHYAM RATHIYA,RAIGARH,JASHPUR(DISTRICT COLLECTOR JASHPUR_IDA),1000000.0,800000.0,2025-06-21T00:00:00.000Z,2025-11-19T00:00:00.000Z,True,Chhattisgarh,Lok Sabha,214816,210208,False
210413,Construction of RCC culvert bridge,Normal/Others,RADHE SHYAM RATHIYA,RAIGARH,JASHPUR(DISTRICT COLLECTOR JASHPUR_IDA),999650.0,1200000.0,2025-06-21T00:00:00.000Z,2025-12-12T00:00:00.000Z,True,Chhattisgarh,Lok Sabha,210413,210412,False
214833,Construction of RCC culvert bridge,Normal/Others,RADHE SHYAM RATHIYA,RAIGARH,JASHPUR(DISTRICT COLLECTOR JASHPUR_IDA),1000000.0,999538.0,2025-06-21T00:00:00.000Z,2025-12-26T00:00:00.000Z,True,Chhattisgarh,Lok Sabha,214833,210447,False
150745,Construction of shed,Normal/Others,RADHE SHYAM RATHIYA,RAIGARH,RAIGARH(DISTRICT COLLECTOR RAIGARH_IDA),300000.0,700000.0,2024-11-05T00:00:00.000Z,2026-01-29T00:00:00.000Z,True,Chhattisgarh,Lok Sabha,150745,150732,False
196732,Construction of Community Centre,Normal/Others,DR. RAJ KUMAR CHABBEWAL,HOSHIARPUR,HOSHIARPUR(DEPUTY COMMISSIONER HOSHIARPUR_IDA),200000.0,500000.0,2025-11-04T00:00:00.000Z,2025-10-25T00:00:00.000Z,False,Punjab,Lok Sabha,196732,245569,False
227264,Construction of play ground,Normal/Others,DR. RAJ KUMAR CHABBEWAL,HOSHIARPUR,HOSHIARPUR(DEPUTY COMMISSIONER HOSHIARPUR_IDA),300000.0,500000.0,2025-04-22T00:00:00.000Z,2025-12-31T00:00:00.000Z,False,Punjab,Lok Sabha,227264,192798,False
222961,Construction of Pulli,Normal/Others,DR. RAJ KUMAR CHABBEWAL,HOSHIARPUR,HOSHIARPUR(DEPUTY COMMISSIONER HOSHIARPUR_IDA),600000.0,435000.0,2025-11-16T00:00:00.000Z,2026-03-03T00:00:00.000Z,True,Punjab,Lok Sabha,222961,247640,False
193831,Construction of SC Dharamshalla,Normal/Others,DR. RAJ KUMAR CHABBEWAL,HOSHIARPUR,HOSHIARPUR(DEPUTY COMMISSIONER HOSHIARPUR_IDA),500000.0,499800.0,2025-04-22T00:00:00.000Z,2025-10-28T00:00:00.000Z,False,Punjab,Lok Sabha,193831,192796,False
141576,Construction of Shamshan Ghat,Normal/Others,DR. RAJ KUMAR CHABBEWAL,HOSHIARPUR,HOSHIARPUR(DEPUTY COMMISSIONER HOSHIARPUR_IDA),400000.0,100000.0,2024-09-18T00:00:00.000Z,2025-07-12T00:00:00.000Z,True,Punjab,Lok Sabha,141576,141574,False
235039,Construction of Street and Drains,Normal/Others,DR. RAJ KUMAR CHABBEWAL,HOSHIARPUR,HOSHIARPUR(DEPUTY COMMISSIONER HOSHIARPUR_IDA),200000.0,400000.0,2025-11-16T00:00:00.000Z,2026-01-01T00:00:00.000Z,False,Punjab,Lok Sabha,235039,247626,False
184207,Construction of Street and Drains,Normal/Others,DR. RAJ KUMAR CHABBEWAL,HOSHIARPUR,HOSHIARPUR(DEPUTY COMMISSIONER HOSHIARPUR_IDA),200000.0,499940.0,2025-11-16T00:00:00.000Z,2026-01-12T00:00:00.000Z,False,Punjab,Lok Sabha,184207,247627,False
187848,Construction of Street and Drains,Normal/Others,DR. RAJ KUMAR CHABBEWAL,HOSHIARPUR,KAPURTHALA(DEPUTY COMMISSIONER KAPURTHALA_IDA),200000.0,500000.0,2025-11-16T00:00:00.000Z,2026-02-12T00:00:00.000Z,True,Punjab,Lok Sabha,187848,247629,False
247631,For Gym,Normal/Others,DR. RAJ KUMAR CHABBEWAL,HOSHIARPUR,HOSHIARPUR(DEPUTY COMMISSIONER HOSHIARPUR_IDA),150000.0,150000.0,2025-11-16T00:00:00.000Z,2026-02-04T00:00:00.000Z,False,Punjab,Lok Sabha,247631,247625,False
183804,For Purchase of Gym Equipments,Normal/Others,DR. RAJ KUMAR CHABBEWAL,HOSHIARPUR,KAPURTHALA(DEPUTY COMMISSIONER KAPURTHALA_IDA),200000.0,774877.0,2025-09-30T00:00:00.000Z,2026-02-05T00:00:00.000Z,True,Punjab,Lok Sabha,183804,239187,False
192797,Installation of Drinking Water Tubewell,Normal/Others,DR. RAJ KUMAR CHABBEWAL,HOSHIARPUR,HOSHIARPUR(DEPUTY COMMISSIONER HOSHIARPUR_IDA),945000.0,799332.0,2025-05-13T00:00:00.000Z,2025-10-28T00:00:00.000Z,False,Punjab,Lok Sabha,192797,199170,False
189290,Installation of Gym Equipments,Normal/Others,DR. RAJ KUMAR CHABBEWAL,HOSHIARPUR,HOSHIARPUR(DEPUTY COMMISSIONER HOSHIARPUR_IDA),314000.0,500000.0,2026-03-03T00:00:00.000Z,2025-10-28T00:00:00.000Z,False,Punjab,Lok Sabha,189290,271352,False
207477,Installation of Gym Equipments,Normal/Others,DR. RAJ KUMAR CHABBEWAL,HOSHIARPUR,HOSHIARPUR(DEPUTY COMMISSIONER HOSHIARPUR_IDA),400000.0,200000.0,2026-07-11T00:00:00.000Z,2025-12-22T00:00:00.000Z,True,Punjab,Lok Sabha,207477,288995,False
176203,Installation of Solar Street Lights,Normal/Others,DR. RAJ KUMAR CHABBEWAL,HOSHIARPUR,HOSHIARPUR(DEPUTY COMMISSIONER HOSHIARPUR_IDA),193500.0,200000.0,2025-09-27T00:00:00.000Z,2025-03-23T00:00:00.000Z,True,Punjab,Lok Sabha,176203,238465,False
247637,Installation of Solar Street Lights,Normal/Others,DR. RAJ KUMAR CHABBEWAL,HOSHIARPUR,HOSHIARPUR(DEPUTY COMMISSIONER HOSHIARPUR_IDA),129000.0,200000.0,2025-09-27T00:00:00.000Z,2026-01-09T00:00:00.000Z,True,Punjab,Lok Sabha,247637,238466,False
239008,Installation of Solar Street Lights,Normal/Others,DR. RAJ KUMAR CHABBEWAL,HOSHIARPUR,HOSHIARPUR(DEPUTY COMMISSIONER HOSHIARPUR_IDA),129000.0,129000.0,2025-09-27T00:00:00.000Z,2026-02-04T00:00:00.000Z,False,Punjab,Lok Sabha,239008,238467,False
244801,Installation of Solar Street Lights,Normal/Others,DR. RAJ KUMAR CHABBEWAL,HOSHIARPUR,HOSHIARPUR(DEPUTY COMMISSIONER HOSHIARPUR_IDA),129000.0,193500.0,2025-09-27T00:00:00.000Z,2026-02-04T00:00:00.000Z,False,Punjab,Lok Sabha,244801,238468,False
247623,Installation of Solar Street Lights,Normal/Others,DR. RAJ KUMAR CHABBEWAL,HOSHIARPUR,HOSHIARPUR(DEPUTY COMMISSIONER HOSHIARPUR_IDA),129000.0,200000.0,2025-09-27T00:00:00.000Z,2026-02-04T00:00:00.000Z,False,Punjab,Lok Sabha,247623,238469,False
245651,Installation of Solar Street Lights,Normal/Others,DR. RAJ KUMAR CHABBEWAL,HOSHIARPUR,GURDASPUR(DEPUTY COMMISSIONER GURDASPUR_IDA),129000.0,188993.0,2025-09-30T00:00:00.000Z,2026-03-11T00:00:00.000Z,True,Punjab,Lok Sabha,245651,238578,False
184359,PEWER BLOCK WORK IN SARPANCH FALIYA,Normal/Others,RAJPALSINH MAHENDRASINH JADAV,PANCHMAHAL,Mahisagar(COLLECTOR MAHISAGAR_IDA),200000.0,100000.0,2025-03-18T00:00:00.000Z,2025-10-10T00:00:00.000Z,True,Gujarat,Lok Sabha,184359,183171,False
141872,Block Kharghar gram belaspur ke paschim video vaitha ke ghar se rajgrihi ray ke ghar tk pcc sadak karya district rohtas.,Normal/Others,Ramprit Mandal,JHANJHARPUR,ROHTAS(District Planning Officer Rohtas_IDA),1189020.0,1189020.0,2024-09-20T00:00:00.000Z,2025-05-22T00:00:00.000Z,True,Bihar,Lok Sabha,141872,837,True
220932,District aara block agniaaw panchayat barun ke antargat madanpur village sthith narayanpur mukhya sadak se braham baba hote hue ganesh upadhyay ke jamin tk pcc sadak ka nirman karya,Normal/Others,Ramprit Mandal,JHANJHARPUR,BHOJPUR(DISTRICT PLANNING OFFICER BHOJPUR ARRAH_IDA),1198844.0,1198844.0,2025-07-22T00:00:00.000Z,2025-11-13T00:00:00.000Z,False,Bihar,Lok Sabha,220932,1454,False
185515,village salempur panchayat dahibhat madhopur ward no 8 block pandaul block sthith aditya narayn jha ke ghar ke najdik samar sibal pump ka adhisthaan karya.,Normal/Others,Ramprit Mandal,JHANJHARPUR,MADHUBANI(DISTRICT PLANNING OFFICER MADHUBANI_IDA),168413.0,168413.0,2025-03-22T00:00:00.000Z,2025-06-23T00:00:00.000Z,False,Bihar,Lok Sabha,185515,1181,False
158702,"Construction of Dharmshala Communiti Centre/Halls at ward no. - 2, Mata Gate, Kaithal",Normal/Others,Shri Randeep Singh Surjewala (2022-28),Sitting Rajya Sabha,KAITHAL(DC CUM NODAL OFFICERS MPLADS),500000.0,500000.0,2024-12-14T00:00:00.000Z,2026-02-21T00:00:00.000Z,True,Rajasthan,Rajya Sabha,158702,956,True
133154,"Construction of Hall, 4 Rooms, Lobby, Men & Women Toilets & Kitchen in Jat Community Center, Khanori Road Bypass, Near Sirta Road, Munucipal Council (MC) kaithal",Normal/Others,Shri Randeep Singh Surjewala (2022-28),Sitting Rajya Sabha,KAITHAL(DC CUM NODAL OFFICERS MPLADS),2500000.0,2185411.0,2024-07-08T00:00:00.000Z,2025-04-03T00:00:00.000Z,False,Rajasthan,Rajya Sabha,133154,801,False
158710,"Construction of One Room of Balmiki Chopal at Ward No. - 5, Khurana Road, Kaithal",Normal/Others,Shri Randeep Singh Surjewala (2022-28),Sitting Rajya Sabha,KAITHAL(DC CUM NODAL OFFICERS MPLADS),350000.0,338615.0,2024-12-14T00:00:00.000Z,2026-01-29T00:00:00.000Z,True,Rajasthan,Rajya Sabha,158710,960,True
160622,"Construction of Public Shed at Panchayt Land of Manas Patti Gram Panchayt, Village - Manas, Dist. - Kaithal",Normal/Others,Shri Randeep Singh Surjewala (2022-28),Sitting Rajya Sabha,KAITHAL(DC CUM NODAL OFFICERS MPLADS),700000.0,459233.0,2024-12-21T00:00:00.000Z,2025-12-08T00:00:00.000Z,False,Rajasthan,Rajya Sabha,160622,985,False
158709,"Construction of rooms and halls of  Ravidasiya Dharmshala at ward no- 5, Khurana road, Kaithal",Normal/Others,Shri Randeep Singh Surjewala (2022-28),Sitting Rajya Sabha,KAITHAL(DC CUM NODAL OFFICERS MPLADS),800000.0,794402.0,2024-12-14T00:00:00.000Z,2026-01-29T00:00:00.000Z,True,Rajasthan,Rajya Sabha,158709,959,True
158700,Construction of toilet and bathroom of Balmiki Chopal at Panchayat land of Serta Village,Normal/Others,Shri Randeep Singh Surjewala (2022-28),Sitting Rajya Sabha,KAITHAL(DC CUM NODAL OFFICERS MPLADS),200000.0,194839.0,2024-12-14T00:00:00.000Z,2026-03-17T00:00:00.000Z,False,Rajasthan,Rajya Sabha,158700,954,False
158701,Construction of toilet and bathroom of Ravidasiya Chopal at Panchayt lanf of Naina Village,Normal/Others,Shri Randeep Singh Surjewala (2022-28),Sitting Rajya Sabha,KAITHAL(DC CUM NODAL OFFICERS MPLADS),200000.0,168720.0,2024-12-14T00:00:00.000Z,2026-04-15T00:00:00.000Z,False,Rajasthan,Rajya Sabha,158701,955,False
206965,Construction of a playground at T Happa near Rach Tabio village of Sagalee ADC of Papum Pare district of Arunachal Pradesh,Normal/Others,Smt. Ranjeet Ranjan (2022-28),Sitting Rajya Sabha,PAPUM PARE(DEPUTY COMMISSIONER PAPUM PARE_IDA),2462527.0,2462527.0,2025-06-06T00:00:00.000Z,2026-04-04T00:00:00.000Z,True,Chhattisgarh,Rajya Sabha,206965,1353,True
159542,Construction of an open gym for the welfare and benefit of the local community.,Normal/Others,Smt. Ranjeet Ranjan (2022-28),Sitting Rajya Sabha,Sarangarh-Bilaigarh(Collector SB_IDA),1000000.0,999424.0,2024-12-17T00:00:00.000Z,2025-07-14T00:00:00.000Z,False,Chhattisgarh,Rajya Sabha,159542,159543,False
199844,Construction of PCC road from the residence of Sunil Singh to the residence of Ajay Singh,Normal/Others,Smt. Ranjeet Ranjan (2022-28),Sitting Rajya Sabha,MUZAFFARPUR(DISTRICT PLANNING OFFICER MUZAFFARPUR_IDA),1474766.0,1474766.0,2025-05-15T00:00:00.000Z,2025-12-25T00:00:00.000Z,True,Chhattisgarh,Rajya Sabha,199844,1309,True
190777,Installation of Hybrid Solar High Mast Light,Normal/Others,Smt. Ranjeet Ranjan (2022-28),Sitting Rajya Sabha,SURGUJA(Collector Surguja_IDA),500000.0,499668.0,2025-04-19T00:00:00.000Z,2025-11-10T00:00:00.000Z,True,Chhattisgarh,Rajya Sabha,190777,190750,False
135540,Installation of AC unit plant for Litigant Main Hall in Distt. Court Hisar,Normal/Others,Rao Inderjit Singh,GURGAON,HISAR(DEPUTY COMMISSIONER HISSAR_IDA),1100000.0,1019947.0,2024-08-13T00:00:00.000Z,2026-02-19T00:00:00.000Z,True,Haryana,Lok Sabha,135540,817,True
216442,Construction of Community Hall,Normal/Others,Shri Ravi Chandra Vaddiraju (2024-30),Sitting Rajya Sabha,WANAPARTHY(DISTRICT COLLECTOR WANAPARTHY_IDA),1000000.0,499669.0,2026-04-08T00:00:00.000Z,2025-08-29T00:00:00.000Z,True,Telangana,Rajya Sabha,216442,277768,False
205277,Laying of CC road,Normal/Others,Shri Ravi Chandra Vaddiraju (2024-30),Sitting Rajya Sabha,MAHABUBABAD(DISTRICT COLLECTOR MAHABUBABAD_IDA),498000.0,495830.0,2025-05-30T00:00:00.000Z,2026-01-23T00:00:00.000Z,True,Telangana,Rajya Sabha,205277,205274,False
205278,Laying of CC road,Normal/Others,Shri Ravi Chandra Vaddiraju (2024-30),Sitting Rajya Sabha,MAHABUBABAD(DISTRICT COLLECTOR MAHABUBABAD_IDA),498000.0,480670.0,2025-05-30T00:00:00.000Z,2026-01-23T00:00:00.000Z,True,Telangana,Rajya Sabha,205278,205275,False
205271,Laying of CC Road,Normal/Others,Shri Ravi Chandra Vaddiraju (2024-30),Sitting Rajya Sabha,MAHABUBABAD(DISTRICT COLLECTOR MAHABUBABAD_IDA),615000.0,490932.0,2026-05-22T00:00:00.000Z,2026-05-06T00:00:00.000Z,True,Telangana,Rajya Sabha,205271,283023,False
142841,"open gym material (ped deck, rover, air swing swing, leg press, surf board, cross trainer, parralel bar)",Normal/Others,Rodmal Nagar ,RAJGARH,RAJGARH(DISTRICT COLLECTOR RAJGARH_IDA),387988.0,387988.0,2024-09-23T00:00:00.000Z,2025-06-20T00:00:00.000Z,True,Madhya Pradesh,Lok Sabha,142841,142842,False
142843,"open gym material (ped deck, rover, air swing swing, leg press, surf board, cross trainer, parralel bar)",Normal/Others,Rodmal Nagar ,RAJGARH,RAJGARH(DISTRICT COLLECTOR RAJGARH_IDA),387988.0,387988.0,2024-09-23T00:00:00.000Z,2025-06-20T00:00:00.000Z,True,Madhya Pradesh,Lok Sabha,142843,142844,False
142845,"open gym material (ped deck, rover, air swing swing, leg press, surf board, cross trainer, parralel bar)",Normal/Others,Rodmal Nagar ,RAJGARH,RAJGARH(DISTRICT COLLECTOR RAJGARH_IDA),387988.0,387988.0,2024-09-23T00:00:00.000Z,2025-06-20T00:00:00.000Z,True,Madhya Pradesh,Lok Sabha,142845,142846,False
142847,"open gym material (ped deck, rover, air swing swing, leg press, surf board, cross trainer, parralel bar)",Normal/Others,Rodmal Nagar ,RAJGARH,RAJGARH(DISTRICT COLLECTOR RAJGARH_IDA),387988.0,387988.0,2024-09-23T00:00:00.000Z,2025-06-20T00:00:00.000Z,True,Madhya Pradesh,Lok Sabha,142847,142854,False
142853,"open gym material (ped deck, rover, air swing swing, leg press, surf board, cross trainer, parralel bar)",Normal/Others,Rodmal Nagar ,RAJGARH,RAJGARH(DISTRICT COLLECTOR RAJGARH_IDA),387988.0,387988.0,2024-09-23T00:00:00.000Z,2025-06-20T00:00:00.000Z,False,Madhya Pradesh,Lok Sabha,142853,142856,False
142855,"open gym material (ped deck, rover, air swing swing, leg press, surf board, cross trainer, parralel bar)",Normal/Others,Rodmal Nagar ,RAJGARH,RAJGARH(DISTRICT COLLECTOR RAJGARH_IDA),387988.0,387988.0,2024-09-23T00:00:00.000Z,2025-06-20T00:00:00.000Z,True,Madhya Pradesh,Lok Sabha,142855,142857,False
142869,"open gym material (ped deck, rover, air swing swing, leg press, surf board, cross trainer, parralel bar)",Normal/Others,Rodmal Nagar ,RAJGARH,RAJGARH(DISTRICT COLLECTOR RAJGARH_IDA),387988.0,387988.0,2024-09-23T00:00:00.000Z,2025-06-20T00:00:00.000Z,True,Madhya Pradesh,Lok Sabha,142869,142858,False
142900,"open gym material (ped deck, rover, air swing swing, leg press, surf board, cross trainer, parralel bar)",Normal/Others,Rodmal Nagar ,RAJGARH,RAJGARH(DISTRICT COLLECTOR RAJGARH_IDA),387988.0,387988.0,2024-09-23T00:00:00.000Z,2025-06-20T00:00:00.000Z,True,Madhya Pradesh,Lok Sabha,142900,142859,False
142904,"open gym material (ped deck, rover, air swing swing, leg press, surf board, cross trainer, parralel bar)",Normal/Others,Rodmal Nagar ,RAJGARH,RAJGARH(DISTRICT COLLECTOR RAJGARH_IDA),387988.0,387988.0,2024-09-23T00:00:00.000Z,2025-06-20T00:00:00.000Z,True,Madhya Pradesh,Lok Sabha,142904,142860,False
142905,"open gym material (ped deck, rover, air swing swing, leg press, surf board, cross trainer, parralel bar)",Normal/Others,Rodmal Nagar ,RAJGARH,RAJGARH(DISTRICT COLLECTOR RAJGARH_IDA),387988.0,387988.0,2024-09-23T00:00:00.000Z,2025-06-20T00:00:00.000Z,True,Madhya Pradesh,Lok Sabha,142905,142861,False
142911,"open gym material (ped deck, rover, air swing swing, leg press, surf board, cross trainer, parralel bar)",Normal/Others,Rodmal Nagar ,RAJGARH,RAJGARH(DISTRICT COLLECTOR RAJGARH_IDA),387988.0,387988.0,2024-09-23T00:00:00.000Z,2025-06-20T00:00:00.000Z,True,Madhya Pradesh,Lok Sabha,142911,142862,False
142913,"open gym material (ped deck, rover, air swing swing, leg press, surf board, cross trainer, parralel bar)",Normal/Others,Rodmal Nagar ,RAJGARH,RAJGARH(DISTRICT COLLECTOR RAJGARH_IDA),387988.0,387988.0,2024-09-23T00:00:00.000Z,2025-06-20T00:00:00.000Z,True,Madhya Pradesh,Lok Sabha,142913,142864,False
142901,"open gym material (ped deck, rover, air swing swing, leg press, surf board, cross trainer, parralel bar, cross trainer, parralel bar)",Normal/Others,Rodmal Nagar ,RAJGARH,RAJGARH(DISTRICT COLLECTOR RAJGARH_IDA),387988.0,387988.0,2024-09-23T00:00:00.000Z,2025-06-20T00:00:00.000Z,True,Madhya Pradesh,Lok Sabha,142901,142902,False
155945,C.C. ROAD NIRMAN KARYA,Normal/Others,ROOP KUMARI CHOUDHARY,MAHASAMUND,GARIYABAND(Collectro Gariaband_IDA),300000.0,300000.0,2024-11-29T00:00:00.000Z,2025-08-11T00:00:00.000Z,False,Chhattisgarh,Lok Sabha,155945,155951,False
155953,C.C. ROAD NIRMAN KARYA,Normal/Others,ROOP KUMARI CHOUDHARY,MAHASAMUND,GARIYABAND(Collectro Gariaband_IDA),500000.0,250000.0,2024-12-08T00:00:00.000Z,2025-08-18T00:00:00.000Z,False,Chhattisgarh,Lok Sabha,155953,157400,False
155959,C.C. ROAD NIRMAN KARYA,Normal/Others,ROOP KUMARI CHOUDHARY,MAHASAMUND,GARIYABAND(Collectro Gariaband_IDA),500000.0,300000.0,2024-12-08T00:00:00.000Z,2025-08-18T00:00:00.000Z,False,Chhattisgarh,Lok Sabha,155959,157401,False
155910,C.C. ROAD NIRMAN KARYA,Normal/Others,ROOP KUMARI CHOUDHARY,MAHASAMUND,GARIYABAND(Collectro Gariaband_IDA),1000000.0,400000.0,2024-12-31T00:00:00.000Z,2025-09-03T00:00:00.000Z,False,Chhattisgarh,Lok Sabha,155910,162605,False
155941,C.C. ROAD NIRMAN KARYA,Normal/Others,ROOP KUMARI CHOUDHARY,MAHASAMUND,GARIYABAND(Collectro Gariaband_IDA),1000000.0,300000.0,2025-04-28T00:00:00.000Z,2025-09-03T00:00:00.000Z,False,Chhattisgarh,Lok Sabha,155941,195251,False
195243,C.C. ROAD NIRMAN KARYA,Normal/Others,ROOP KUMARI CHOUDHARY,MAHASAMUND,MAHASAMUND(DISTRICT COLLECTOR MAHASAMUND_IDA),1000000.0,999100.0,2025-06-27T00:00:00.000Z,2025-11-03T00:00:00.000Z,True,Chhattisgarh,Lok Sabha,195243,213018,False
155920,C.C. ROAD NIRMAN KARYA,Normal/Others,ROOP KUMARI CHOUDHARY,MAHASAMUND,GARIYABAND(Collectro Gariaband_IDA),1000000.0,300000.0,2025-06-27T00:00:00.000Z,2026-01-13T00:00:00.000Z,False,Chhattisgarh,Lok Sabha,155920,213021,False
213006,C.C. ROAD NIRMAN KARYA,Normal/Others,ROOP KUMARI CHOUDHARY,MAHASAMUND,MAHASAMUND(DISTRICT COLLECTOR MAHASAMUND_IDA),500000.0,999500.0,2025-07-16T00:00:00.000Z,2026-02-03T00:00:00.000Z,True,Chhattisgarh,Lok Sabha,213006,218945,False
213009,C.C. ROAD NIRMAN KARYA,Normal/Others,ROOP KUMARI CHOUDHARY,MAHASAMUND,MAHASAMUND(DISTRICT COLLECTOR MAHASAMUND_IDA),500000.0,500000.0,2026-02-28T00:00:00.000Z,2026-02-20T00:00:00.000Z,False,Chhattisgarh,Lok Sabha,213009,271571,False
155917,C.C. ROAD NIRMAN KARYA,Normal/Others,ROOP KUMARI CHOUDHARY,MAHASAMUND,GARIYABAND(Collectro Gariaband_IDA),700000.0,400000.0,2026-05-21T00:00:00.000Z,2026-03-27T00:00:00.000Z,True,Chhattisgarh,Lok Sabha,155917,282650,False
245672,C.C. ROAD NIRMAN KARYA,Normal/Others,ROOP KUMARI CHOUDHARY,MAHASAMUND,MAHASAMUND(DISTRICT COLLECTOR MAHASAMUND_IDA),500000.0,849900.0,2026-05-21T00:00:00.000Z,2026-07-24T00:00:00.000Z,True,Chhattisgarh,Lok Sabha,245672,282651,False
218606,cc road nirman kary,Normal/Others,ROOP KUMARI CHOUDHARY,MAHASAMUND,MAHASAMUND(DISTRICT COLLECTOR MAHASAMUND_IDA),500000.0,500000.0,2025-07-15T00:00:00.000Z,2026-02-02T00:00:00.000Z,False,Chhattisgarh,Lok Sabha,218606,218664,False
218657,cc road nirman kary,Normal/Others,ROOP KUMARI CHOUDHARY,MAHASAMUND,MAHASAMUND(DISTRICT COLLECTOR MAHASAMUND_IDA),500000.0,500000.0,2025-07-15T00:00:00.000Z,2026-02-02T00:00:00.000Z,False,Chhattisgarh,Lok Sabha,218657,218676,False
218947,CC ROAD NIRMAN KARY,Normal/Others,ROOP KUMARI CHOUDHARY,MAHASAMUND,MAHASAMUND(DISTRICT COLLECTOR MAHASAMUND_IDA),500000.0,999600.0,2025-07-15T00:00:00.000Z,2026-03-10T00:00:00.000Z,True,Chhattisgarh,Lok Sabha,218947,218682,False
205870,CC ROAD NIRMAN KARYA,Normal/Others,ROOP KUMARI CHOUDHARY,MAHASAMUND,MAHASAMUND(DISTRICT COLLECTOR MAHASAMUND_IDA),1000000.0,999300.0,2025-06-02T00:00:00.000Z,2026-07-23T00:00:00.000Z,True,Chhattisgarh,Lok Sabha,205870,205884,False
151163,KARIGARON KE LIYE SAMANYA WORK SHED NIRMAN,Normal/Others,ROOP KUMARI CHOUDHARY,MAHASAMUND,MAHASAMUND(DISTRICT COLLECTOR MAHASAMUND_IDA),500000.0,1500000.0,2024-11-21T00:00:00.000Z,2025-06-03T00:00:00.000Z,True,Chhattisgarh,Lok Sabha,151163,153825,False
206575,SAMUDAYIK BHAWAN NIRMAN KARYA,Normal/Others,ROOP KUMARI CHOUDHARY,MAHASAMUND,DHAMTARI(DISTRICT COLLECTOR DHAMTARI_IDA),1000000.0,499995.0,2025-06-02T00:00:00.000Z,2026-07-15T00:00:00.000Z,True,Chhattisgarh,Lok Sabha,206575,205874,False
186767,TIRAHE KE PASS SARVJANIK STHAL PAR SEMI HIGH MAST LIGHT 6 LIGHT WALI,Normal/Others,RUCHI VIRA,MORADABAD,MORADABAD(DISTRICT MAGISTRATE MORADABAD_IDA),173600.0,173600.0,2025-03-10T00:00:00.000Z,2025-08-12T00:00:00.000Z,True,Uttar Pradesh,Lok Sabha,186767,180841,False
160057,construction of bus shed,Normal/Others,S. Jagathrakshakan,ARAKKONAM,THIRUVALLUR(DISTRICT COLLECTOR TIRUVALLUR_IDA),650000.0,647735.0,2024-12-19T00:00:00.000Z,2025-07-03T00:00:00.000Z,False,Tamil Nadu,Lok Sabha,160057,160059,False
136388,"Deepening / De-Silting of the pond in Keezhanthaangal lake at Rajanthaangal Village in Ward No. 12 of Kilpennathur Block in Thiruvannamalai District, Tamilnadu State, to augment water storage capacity in the area.",Normal/Others,Shri S. Selvaganabathy (2021-27),Sitting Rajya Sabha,TIRUVANNAMALAI(DISTRICT COLLECTOR TIRUVANNAMALAI_IDA),2492724.0,2492724.0,2024-08-19T00:00:00.000Z,2025-09-19T00:00:00.000Z,False,Puducherry,Rajya Sabha,136388,818,False
197287,INSTALLATION OF 20 CM LED HIGH MAST POLES WITH SIX LIGHTS EACH AT 20 DIFFERENT LOCATIONS IN SHAHJAHANPUR DISTRICT IN UTTAR PRADESH.,Normal/Others,Shri Sadanand Mhalu Shet Tanavade (2023-29),Sitting Rajya Sabha,SHAHJAHANPUR(DISTRICT MAGISTRAE SHAHJAHANAPUR_IDA),4860000.0,4860000.0,2025-05-07T00:00:00.000Z,2025-06-29T00:00:00.000Z,True,Goa,Rajya Sabha,197287,1293,True
182439,construction of cc road,Normal/Others,SAGAR ESHWAR KHANDRE,BIDAR,BIDAR(DEPUTY COMMISSIONER BIDAR_IDA),499000.0,494475.0,2025-01-08T00:00:00.000Z,2025-12-23T00:00:00.000Z,True,Karnataka,Lok Sabha,182439,164201,False
182432,construction of cc road,Normal/Others,SAGAR ESHWAR KHANDRE,BIDAR,BIDAR(DEPUTY COMMISSIONER BIDAR_IDA),499000.0,371250.0,2025-01-08T00:00:00.000Z,2026-03-15T00:00:00.000Z,True,Karnataka,Lok Sabha,182432,164205,False
182435,construction of cc road,Normal/Others,SAGAR ESHWAR KHANDRE,BIDAR,BIDAR(DEPUTY COMMISSIONER BIDAR_IDA),400000.0,371250.0,2025-01-22T00:00:00.000Z,2026-04-15T00:00:00.000Z,True,Karnataka,Lok Sabha,182435,165388,False
197348,installation of highmast light,Normal/Others,SAGAR ESHWAR KHANDRE,BIDAR,BIDAR(DEPUTY COMMISSIONER BIDAR_IDA),250000.0,239522.0,2025-01-08T00:00:00.000Z,2025-12-23T00:00:00.000Z,True,Karnataka,Lok Sabha,197348,164200,False
210165,installation of highmast light,Normal/Others,SAGAR ESHWAR KHANDRE,BIDAR,BIDAR(DEPUTY COMMISSIONER BIDAR_IDA),250000.0,374250.0,2025-01-22T00:00:00.000Z,2026-03-15T00:00:00.000Z,True,Karnataka,Lok Sabha,210165,165396,False
157112,Construction of footpath (earth work),Normal/Others,SALENG A SANGMA,TURA,NORTH GARO HILLS(DEPUTY COMMISSIONER NORTH GARO HILLS RESUBELPARA_IDA),200000.0,200000.0,2024-11-27T00:00:00.000Z,2025-08-08T00:00:00.000Z,False,Meghalaya,Lok Sabha,157112,155342,False
157113,Construction of footpath (earth work),Normal/Others,SALENG A SANGMA,TURA,NORTH GARO HILLS(DEPUTY COMMISSIONER NORTH GARO HILLS RESUBELPARA_IDA),200000.0,200000.0,2024-11-27T00:00:00.000Z,2026-02-19T00:00:00.000Z,True,Meghalaya,Lok Sabha,157113,155344,False
155343,Construction of footpath (earth work),Normal/Others,SALENG A SANGMA,TURA,SOUTH WEST GARO HILLS(DEPUTY COMMISSIONER SOUTH WEST GARO HILLS AMPATI_IDA),200000.0,200000.0,2024-11-27T00:00:00.000Z,2026-03-18T00:00:00.000Z,True,Meghalaya,Lok Sabha,155343,155345,False
157109,Construction of footpath (earth work),Normal/Others,SALENG A SANGMA,TURA,NORTH GARO HILLS(DEPUTY COMMISSIONER NORTH GARO HILLS RESUBELPARA_IDA),200000.0,200000.0,2024-11-27T00:00:00.000Z,2026-04-23T00:00:00.000Z,True,Meghalaya,Lok Sabha,157109,155346,False
157954,construction of footpath earth work at different places,Normal/Others,SALENG A SANGMA,TURA,WEST GARO HILLS(DEPUTY COMMISSIONER WEST GARO HILLS_IDA),150000.0,150000.0,2024-12-10T00:00:00.000Z,2025-09-10T00:00:00.000Z,True,Meghalaya,Lok Sabha,157954,157960,False
157956,construction of footpath earth work at different places,Normal/Others,SALENG A SANGMA,TURA,WEST GARO HILLS(DEPUTY COMMISSIONER WEST GARO HILLS_IDA),150000.0,150000.0,2024-12-10T00:00:00.000Z,2026-02-25T00:00:00.000Z,False,Meghalaya,Lok Sabha,157956,157961,False
157963,construction of footpath earth work at different places,Normal/Others,SALENG A SANGMA,TURA,WEST GARO HILLS(DEPUTY COMMISSIONER WEST GARO HILLS_IDA),150000.0,150000.0,2024-12-10T00:00:00.000Z,2026-02-25T00:00:00.000Z,False,Meghalaya,Lok Sabha,157963,157964,False
157967,construction of footpath earth work at different places,Normal/Others,SALENG A SANGMA,TURA,WEST GARO HILLS(DEPUTY COMMISSIONER WEST GARO HILLS_IDA),150000.0,150000.0,2024-12-10T00:00:00.000Z,2026-02-25T00:00:00.000Z,False,Meghalaya,Lok Sabha,157967,157970,False
157980,construction of footpath earth work at different places,Normal/Others,SALENG A SANGMA,TURA,WEST GARO HILLS(DEPUTY COMMISSIONER WEST GARO HILLS_IDA),150000.0,150000.0,2024-12-10T00:00:00.000Z,2026-02-25T00:00:00.000Z,False,Meghalaya,Lok Sabha,157980,157974,False
157958,construction of footpath earth work at different places,Normal/Others,SALENG A SANGMA,TURA,WEST GARO HILLS(DEPUTY COMMISSIONER WEST GARO HILLS_IDA),150000.0,150000.0,2024-12-10T00:00:00.000Z,2026-08-13T00:00:00.000Z,True,Meghalaya,Lok Sabha,157958,157977,False
157962,construction of footpath earth work at different places,Normal/Others,SALENG A SANGMA,TURA,WEST GARO HILLS(DEPUTY COMMISSIONER WEST GARO HILLS_IDA),150000.0,75000.0,2024-12-10T00:00:00.000Z,2026-08-13T00:00:00.000Z,True,Meghalaya,Lok Sabha,157962,157978,False
157965,construction of footpath earth work at different places,Normal/Others,SALENG A SANGMA,TURA,WEST GARO HILLS(DEPUTY COMMISSIONER WEST GARO HILLS_IDA),150000.0,150000.0,2024-12-10T00:00:00.000Z,2026-08-13T00:00:00.000Z,True,Meghalaya,Lok Sabha,157965,157983,False
157966,construction of footpath earth work at different places,Normal/Others,SALENG A SANGMA,TURA,WEST GARO HILLS(DEPUTY COMMISSIONER WEST GARO HILLS_IDA),150000.0,150000.0,2024-12-10T00:00:00.000Z,2026-08-13T00:00:00.000Z,True,Meghalaya,Lok Sabha,157966,157984,False
157968,construction of footpath earth work at different places,Normal/Others,SALENG A SANGMA,TURA,WEST GARO HILLS(DEPUTY COMMISSIONER WEST GARO HILLS_IDA),150000.0,150000.0,2024-12-10T00:00:00.000Z,2026-08-13T00:00:00.000Z,True,Meghalaya,Lok Sabha,157968,157985,False
157969,construction of footpath earth work at different places,Normal/Others,SALENG A SANGMA,TURA,WEST GARO HILLS(DEPUTY COMMISSIONER WEST GARO HILLS_IDA),150000.0,150000.0,2024-12-10T00:00:00.000Z,2026-08-13T00:00:00.000Z,True,Meghalaya,Lok Sabha,157969,157986,False
157110,Construction of footpaths (earth work),Normal/Others,SALENG A SANGMA,TURA,NORTH GARO HILLS(DEPUTY COMMISSIONER NORTH GARO HILLS RESUBELPARA_IDA),200000.0,200000.0,2024-11-26T00:00:00.000Z,2025-08-08T00:00:00.000Z,False,Meghalaya,Lok Sabha,157110,155235,False
22269,Support to Gram Panchayat Kumhrauli for construction of road in Mukhya Basti of this Gram Panchayat,,Dr. Sandeep Kumar Pathak (2022-28),Sitting Rajya Sabha,MUNGELI(Collector Mungeli_IDA),499523.0,499523.0,2023-09-15T00:00:00.000Z,2024-07-03T00:00:00.000Z,True,Punjab,Rajya Sabha,22269,207,True
201414,GI FIREFIGHTER TANKER WATER SYSTEM CAPACITY 5000 LITERS,Normal/Others,Smt Sandhya Ray,BHIND,BHIND(DISTRICT COLLECTOR BHIND_IDA),199604.0,199604.0,2025-05-20T00:00:00.000Z,2025-12-18T00:00:00.000Z,True,Madhya Pradesh,Lok Sabha,201414,201418,False
201415,GI FIREFIGHTER TANKER WATER SYSTEM CAPACITY 5000 LITERS,Normal/Others,Smt Sandhya Ray,BHIND,BHIND(DISTRICT COLLECTOR BHIND_IDA),199604.0,199604.0,2025-05-20T00:00:00.000Z,2025-12-18T00:00:00.000Z,True,Madhya Pradesh,Lok Sabha,201415,201504,False
201416,GI FIREFIGHTER TANKER WATER SYSTEM CAPACITY 5000 LITERS,Normal/Others,Smt Sandhya Ray,BHIND,BHIND(DISTRICT COLLECTOR BHIND_IDA),199604.0,199604.0,2025-05-20T00:00:00.000Z,2025-12-18T00:00:00.000Z,True,Madhya Pradesh,Lok Sabha,201416,201511,False
45871,For GYM machines to improve the fitness of youth and keep them away from drugs.,Normal/Others,Shri Sant Balbir Singh (2022-28),Sitting Rajya Sabha,JALANDHAR(DEPUTY COMMISSIONER JALANDHAR_IDA),200000.0,170620.0,2023-11-05T00:00:00.000Z,2025-08-05T00:00:00.000Z,True,Punjab,Rajya Sabha,45871,45850,False
45857,For GYM machines to improve the fitness of youth and keep them away from drugs.,Normal/Others,Shri Sant Balbir Singh (2022-28),Sitting Rajya Sabha,JALANDHAR(DEPUTY COMMISSIONER JALANDHAR_IDA),200000.0,200000.0,2023-11-05T00:00:00.000Z,2026-01-08T00:00:00.000Z,True,Punjab,Rajya Sabha,45857,45851,False
175569,For Installing SOLAR WATER PUMP 7.5HP,Normal/Others,Shri Sant Balbir Singh (2022-28),Sitting Rajya Sabha,JALANDHAR(DEPUTY COMMISSIONER JALANDHAR_IDA),245000.0,245000.0,2025-02-14T00:00:00.000Z,2025-07-02T00:00:00.000Z,True,Punjab,Rajya Sabha,175569,175565,False
255046,For the Renovation and repair of Dharamshala in village,Normal/Others,Shri Sant Balbir Singh (2022-28),Sitting Rajya Sabha,HOSHIARPUR(DEPUTY COMMISSIONER HOSHIARPUR_IDA),500000.0,500000.0,2025-12-22T00:00:00.000Z,2026-07-30T00:00:00.000Z,True,Punjab,Rajya Sabha,255046,255047,False
199400,Regarding for giving single walled fabrication of 3000 ltr water tanker to Village. 2mm stainless sheet AISI 304 Material etc. (SC),Normal/Others,Shri Sant Balbir Singh (2022-28),Sitting Rajya Sabha,HOSHIARPUR(DEPUTY COMMISSIONER HOSHIARPUR_IDA),253700.0,253700.0,2025-05-09T00:00:00.000Z,2025-06-23T00:00:00.000Z,False,Punjab,Rajya Sabha,199400,198140,False
168871,Regarding for giving single walled fabrication of 3000 ltr water tanker to Village. 2mm stainless sheet AISI 304 Material etc. (SC),Normal/Others,Shri Sant Balbir Singh (2022-28),Sitting Rajya Sabha,KAPURTHALA(DEPUTY COMMISSIONER KAPURTHALA_IDA),253700.0,253700.0,2025-06-27T00:00:00.000Z,2025-08-05T00:00:00.000Z,True,Punjab,Rajya Sabha,168871,212976,False
248968,Regarding for giving single walled fabrication of 5000 ltr mobile water tanker. 2mm stainless sheet AISI 304 Material etc.,Normal/Others,Shri Sant Balbir Singh (2022-28),Sitting Rajya Sabha,JALANDHAR(DEPUTY COMMISSIONER JALANDHAR_IDA),365800.0,365800.0,2025-11-18T00:00:00.000Z,2026-03-12T00:00:00.000Z,True,Punjab,Rajya Sabha,248968,248498,False
225296,Regarding for giving single walled fabrication of 5000 ltr mobile water tanker. 2mm stainless sheet AISI 304 Material etc. (SC),Normal/Others,Shri Sant Balbir Singh (2022-28),Sitting Rajya Sabha,KAPURTHALA(DEPUTY COMMISSIONER KAPURTHALA_IDA),365800.0,365800.0,2025-06-30T00:00:00.000Z,2025-10-13T00:00:00.000Z,False,Punjab,Rajya Sabha,225296,213564,False
213562,Regarding for giving single walled fabrication of 5000 ltr mobile water tanker. 2mm stainless sheet AISI 304 Material etc. (SC),Normal/Others,Shri Sant Balbir Singh (2022-28),Sitting Rajya Sabha,KAPURTHALA(DEPUTY COMMISSIONER KAPURTHALA_IDA),365800.0,365800.0,2025-06-30T00:00:00.000Z,2025-11-21T00:00:00.000Z,True,Punjab,Rajya Sabha,213562,213570,False
225295,Regarding for giving single walled fabrication of 5000 ltr mobile water tanker. 2mm stainless sheet AISI 304 Material etc. (SC),Normal/Others,Shri Sant Balbir Singh (2022-28),Sitting Rajya Sabha,KAPURTHALA(DEPUTY COMMISSIONER KAPURTHALA_IDA),365800.0,365800.0,2025-06-30T00:00:00.000Z,2025-11-27T00:00:00.000Z,True,Punjab,Rajya Sabha,225295,213571,False
213566,Regarding for giving single walled fabrication of 5000 ltr mobile water tanker. 2mm stainless sheet AISI 304 Material etc. (SC),Normal/Others,Shri Sant Balbir Singh (2022-28),Sitting Rajya Sabha,FARIDKOT(DEPUTY COMMISSIONER FARIDKOT_IDA),365800.0,365800.0,2025-06-30T00:00:00.000Z,2025-12-09T00:00:00.000Z,False,Punjab,Rajya Sabha,213566,213572,False
232539,Regarding for giving single walled fabrication of 5000 ltr mobile water tanker. 2mm stainless sheet AISI 304 Material etc. (SC),Normal/Others,Shri Sant Balbir Singh (2022-28),Sitting Rajya Sabha,KAPURTHALA(DEPUTY COMMISSIONER KAPURTHALA_IDA),365800.0,343100.0,2025-08-08T00:00:00.000Z,2025-12-09T00:00:00.000Z,True,Punjab,Rajya Sabha,232539,225297,False
226242,Regarding for giving single walled fabrication of 5000 ltr mobile water tanker. 2mm stainless sheet AISI 304 Material etc. (SC),Normal/Others,Shri Sant Balbir Singh (2022-28),Sitting Rajya Sabha,JALANDHAR(DEPUTY COMMISSIONER JALANDHAR_IDA),365800.0,365800.0,2025-08-08T00:00:00.000Z,2026-01-09T00:00:00.000Z,True,Punjab,Rajya Sabha,226242,225303,False
226243,Regarding for giving single walled fabrication of 5000 ltr mobile water tanker. 2mm stainless sheet AISI 304 Material etc. (SC),Normal/Others,Shri Sant Balbir Singh (2022-28),Sitting Rajya Sabha,JALANDHAR(DEPUTY COMMISSIONER JALANDHAR_IDA),365800.0,365800.0,2025-08-08T00:00:00.000Z,2026-01-12T00:00:00.000Z,True,Punjab,Rajya Sabha,226243,225304,False
213567,Regarding for giving single walled fabrication of 5000 ltr mobile water tanker. 2mm stainless sheet AISI 304 Material etc. (SC),Normal/Others,Shri Sant Balbir Singh (2022-28),Sitting Rajya Sabha,MANSA(DEPUTY COMMISSIONER MANSA_IDA),365800.0,365800.0,2025-08-11T00:00:00.000Z,2026-02-03T00:00:00.000Z,True,Punjab,Rajya Sabha,213567,226241,False
213563,Regarding for giving single walled fabrication of 5000 ltr mobile water tanker. 2mm stainless sheet AISI 304 Material etc. (SC),Normal/Others,Shri Sant Balbir Singh (2022-28),Sitting Rajya Sabha,KAPURTHALA(DEPUTY COMMISSIONER KAPURTHALA_IDA),365800.0,365800.0,2025-08-11T00:00:00.000Z,2026-02-12T00:00:00.000Z,True,Punjab,Rajya Sabha,213563,226245,False
231004,Regarding for giving single walled fabrication of 5000 ltr mobile water tanker. 2mm stainless sheet AISI 304 Material etc. (SC),Normal/Others,Shri Sant Balbir Singh (2022-28),Sitting Rajya Sabha,AMRITSAR(DEPUTY COMMISSIONER AMRITSAR_IDA),365800.0,306800.0,2025-08-11T00:00:00.000Z,2026-02-24T00:00:00.000Z,False,Punjab,Rajya Sabha,231004,226246,False
231005,Regarding for giving single walled fabrication of 5000 ltr mobile water tanker. 2mm stainless sheet AISI 304 Material etc. (SC),Normal/Others,Shri Sant Balbir Singh (2022-28),Sitting Rajya Sabha,AMRITSAR(DEPUTY COMMISSIONER AMRITSAR_IDA),365000.0,365000.0,2025-10-29T00:00:00.000Z,2026-02-24T00:00:00.000Z,False,Punjab,Rajya Sabha,231005,244469,False
213560,Regarding for giving single walled fabrication of 5000 ltr mobile water tanker. SC),Normal/Others,Shri Sant Balbir Singh (2022-28),Sitting Rajya Sabha,KAPURTHALA(DEPUTY COMMISSIONER KAPURTHALA_IDA),365800.0,365800.0,2025-08-02T00:00:00.000Z,2025-09-05T00:00:00.000Z,True,Punjab,Rajya Sabha,213560,224290,False
135342,Regarding for giving single walled fabrication of 5000 ltr water tanker to Village. 2mm stainless sheet AISI 304 Material etc. (SC),Normal/Others,Shri Sant Balbir Singh (2022-28),Sitting Rajya Sabha,HOSHIARPUR(DEPUTY COMMISSIONER HOSHIARPUR_IDA),365800.0,336300.0,2025-01-20T00:00:00.000Z,2025-01-21T00:00:00.000Z,True,Punjab,Rajya Sabha,135342,166383,False
162214,Regarding for giving single walled fabrication of 5000 ltr water tanker to Village. 2mm stainless sheet AISI 304 Material etc. (SC),Normal/Others,Shri Sant Balbir Singh (2022-28),Sitting Rajya Sabha,Tarn Taran(DEPUTY COMMOSSIONER TARN TARAN_IDA_2),365800.0,365800.0,2025-01-25T00:00:00.000Z,2025-04-02T00:00:00.000Z,False,Punjab,Rajya Sabha,162214,168870,False
180864,Regarding for giving single walled fabrication of 5000 ltr water tanker to Village. 2mm stainless sheet AISI 304 Material etc. (SC),Normal/Others,Shri Sant Balbir Singh (2022-28),Sitting Rajya Sabha,Tarn Taran(DEPUTY COMMOSSIONER TARN TARAN_IDA_2),365800.0,365800.0,2025-02-13T00:00:00.000Z,2025-04-02T00:00:00.000Z,True,Punjab,Rajya Sabha,180864,175511,False
135343,Regarding for giving single walled fabrication of 5000 ltr water tanker to Village. 2mm stainless sheet AISI 304 Material etc. (SC),Normal/Others,Shri Sant Balbir Singh (2022-28),Sitting Rajya Sabha,HOSHIARPUR(DEPUTY COMMISSIONER HOSHIARPUR_IDA),365800.0,336300.0,2025-04-21T00:00:00.000Z,2025-04-18T00:00:00.000Z,False,Punjab,Rajya Sabha,135343,192785,False
161320,Regarding for giving single walled fabrication of 5000 ltr water tanker to Village. 2mm stainless sheet AISI 304 Material etc. (SC),Normal/Others,Shri Sant Balbir Singh (2022-28),Sitting Rajya Sabha,RUPNAGAR(DEPUTY COMMISSIONER ROOPNAGAR_IDA),365800.0,365800.0,2025-04-21T00:00:00.000Z,2025-04-28T00:00:00.000Z,False,Punjab,Rajya Sabha,161320,192789,False
161340,Regarding for giving single walled fabrication of 5000 ltr water tanker to Village. 2mm stainless sheet AISI 304 Material etc. (SC),Normal/Others,Shri Sant Balbir Singh (2022-28),Sitting Rajya Sabha,HOSHIARPUR(DEPUTY COMMISSIONER HOSHIARPUR_IDA),365800.0,365800.0,2025-04-21T00:00:00.000Z,2025-05-05T00:00:00.000Z,True,Punjab,Rajya Sabha,161340,192790,False
164180,Regarding for giving single walled fabrication of 5000 ltr water tanker to Village. 2mm stainless sheet AISI 304 Material etc. (SC),Normal/Others,Shri Sant Balbir Singh (2022-28),Sitting Rajya Sabha,KAPURTHALA(DEPUTY COMMISSIONER KAPURTHALA_IDA),365800.0,365800.0,2025-04-21T00:00:00.000Z,2025-05-06T00:00:00.000Z,False,Punjab,Rajya Sabha,164180,192807,False
135344,Regarding for giving single walled fabrication of 5000 ltr water tanker to Village. 2mm stainless sheet AISI 304 Material etc. (SC),Normal/Others,Shri Sant Balbir Singh (2022-28),Sitting Rajya Sabha,HOSHIARPUR(DEPUTY COMMISSIONER HOSHIARPUR_IDA),365800.0,336300.0,2025-04-21T00:00:00.000Z,2025-05-07T00:00:00.000Z,False,Punjab,Rajya Sabha,135344,192809,False
164181,Regarding for giving single walled fabrication of 5000 ltr water tanker to Village. 2mm stainless sheet AISI 304 Material etc. (SC),Normal/Others,Shri Sant Balbir Singh (2022-28),Sitting Rajya Sabha,KAPURTHALA(DEPUTY COMMISSIONER KAPURTHALA_IDA),365800.0,365800.0,2025-05-09T00:00:00.000Z,2025-05-09T00:00:00.000Z,True,Punjab,Rajya Sabha,164181,198147,False
161341,Regarding for giving single walled fabrication of 5000 ltr water tanker to Village. 2mm stainless sheet AISI 304 Material etc. (SC),Normal/Others,Shri Sant Balbir Singh (2022-28),Sitting Rajya Sabha,HOSHIARPUR(DEPUTY COMMISSIONER HOSHIARPUR_IDA),365800.0,365800.0,2025-05-09T00:00:00.000Z,2025-06-18T00:00:00.000Z,True,Punjab,Rajya Sabha,161341,198149,False
135338,Regarding for giving single walled fabrication of 5000 ltr water tanker to Village. 2mm stainless sheet AISI 304 Material etc. (SC),Normal/Others,Shri Sant Balbir Singh (2022-28),Sitting Rajya Sabha,JALANDHAR(DEPUTY COMMISSIONER JALANDHAR_IDA),365800.0,336300.0,2025-05-14T00:00:00.000Z,2025-07-02T00:00:00.000Z,True,Punjab,Rajya Sabha,135338,199390,False
135339,Regarding for giving single walled fabrication of 5000 ltr water tanker to Village. 2mm stainless sheet AISI 304 Material etc. (SC),Normal/Others,Shri Sant Balbir Singh (2022-28),Sitting Rajya Sabha,JALANDHAR(DEPUTY COMMISSIONER JALANDHAR_IDA),365800.0,336300.0,2025-05-14T00:00:00.000Z,2025-07-02T00:00:00.000Z,True,Punjab,Rajya Sabha,135339,199391,False
168874,Regarding for giving single walled fabrication of 5000 ltr water tanker to Village. 2mm stainless sheet AISI 304 Material etc. (SC),Normal/Others,Shri Sant Balbir Singh (2022-28),Sitting Rajya Sabha,KAPURTHALA(DEPUTY COMMISSIONER KAPURTHALA_IDA),365800.0,365800.0,2025-05-14T00:00:00.000Z,2025-07-28T00:00:00.000Z,True,Punjab,Rajya Sabha,168874,199392,False
175512,Regarding for giving single walled fabrication of 5000 ltr water tanker to Village. 2mm stainless sheet AISI 304 Material etc. (SC),Normal/Others,Shri Sant Balbir Singh (2022-28),Sitting Rajya Sabha,KAPURTHALA(DEPUTY COMMISSIONER KAPURTHALA_IDA),365800.0,365800.0,2025-05-26T00:00:00.000Z,2025-07-29T00:00:00.000Z,True,Punjab,Rajya Sabha,175512,203578,False
171005,Regarding for giving single walled fabrication of 5000 ltr water tanker to Village. 2mm stainless sheet AISI 304 Material etc. (SC),Normal/Others,Shri Sant Balbir Singh (2022-28),Sitting Rajya Sabha,KAPURTHALA(DEPUTY COMMISSIONER KAPURTHALA_IDA),365800.0,365800.0,2025-05-26T00:00:00.000Z,2025-08-05T00:00:00.000Z,True,Punjab,Rajya Sabha,171005,203583,False
175969,Regarding for giving single walled fabrication of 5000 ltr water tanker to Village. 2mm stainless sheet AISI 304 Material etc. (SC),Normal/Others,Shri Sant Balbir Singh (2022-28),Sitting Rajya Sabha,KAPURTHALA(DEPUTY COMMISSIONER KAPURTHALA_IDA),365800.0,365800.0,2025-05-26T00:00:00.000Z,2025-08-05T00:00:00.000Z,True,Punjab,Rajya Sabha,175969,203593,False
177653,Regarding for giving single walled fabrication of 5000 ltr water tanker to Village. 2mm stainless sheet AISI 304 Material etc. (SC),Normal/Others,Shri Sant Balbir Singh (2022-28),Sitting Rajya Sabha,KAPURTHALA(DEPUTY COMMISSIONER KAPURTHALA_IDA),365800.0,365800.0,2025-05-28T00:00:00.000Z,2025-08-05T00:00:00.000Z,True,Punjab,Rajya Sabha,177653,204346,False
192808,Regarding for giving single walled fabrication of 5000 ltr water tanker to Village. 2mm stainless sheet AISI 304 Material etc. (SC),Normal/Others,Shri Sant Balbir Singh (2022-28),Sitting Rajya Sabha,KAPURTHALA(DEPUTY COMMISSIONER KAPURTHALA_IDA),365800.0,365800.0,2025-05-28T00:00:00.000Z,2025-08-05T00:00:00.000Z,True,Punjab,Rajya Sabha,192808,204347,False
198146,Regarding for giving single walled fabrication of 5000 ltr water tanker to Village. 2mm stainless sheet AISI 304 Material etc. (SC),Normal/Others,Shri Sant Balbir Singh (2022-28),Sitting Rajya Sabha,KAPURTHALA(DEPUTY COMMISSIONER KAPURTHALA_IDA),365800.0,365800.0,2025-06-27T00:00:00.000Z,2025-08-05T00:00:00.000Z,True,Punjab,Rajya Sabha,198146,212972,False
135347,Regarding for giving single walled fabrication of 5000 ltr water tanker to Village. 2mm stainless sheet AISI 304 Material etc. (SC),Normal/Others,Shri Sant Balbir Singh (2022-28),Sitting Rajya Sabha,JALANDHAR(DEPUTY COMMISSIONER JALANDHAR_IDA),365800.0,336300.0,2025-06-27T00:00:00.000Z,2025-08-11T00:00:00.000Z,True,Punjab,Rajya Sabha,135347,212975,False
136497,Regarding for giving single walled fabrication of 5000 ltr water tanker to Village. 2mm stainless sheet AISI 304 Material etc. (SC),Normal/Others,Shri Sant Balbir Singh (2022-28),Sitting Rajya Sabha,JALANDHAR(DEPUTY COMMISSIONER JALANDHAR_IDA),365800.0,336300.0,2025-06-27T00:00:00.000Z,2025-08-22T00:00:00.000Z,True,Punjab,Rajya Sabha,136497,212981,False
137641,Construction of mid-day meal Shed in Govt primary School,Normal/Others,SARABJEET SINGH KHALSA,FARIDKOT,FARIDKOT(DEPUTY COMMISSIONER FARIDKOT_IDA),300000.0,299155.0,2025-10-09T00:00:00.000Z,2025-04-07T00:00:00.000Z,False,Punjab,Lok Sabha,137641,241143,False
137615,Construction of SC Dharamshala,Normal/Others,SARABJEET SINGH KHALSA,FARIDKOT,MOGA(Deputy Commissioner Moga),400000.0,500000.0,2024-09-09T00:00:00.000Z,2026-04-04T00:00:00.000Z,True,Punjab,Lok Sabha,137615,140028,False
250247,Construction of Shed and Burner in Sc Creamation ground at Boria sikh commuinty,Normal/Others,SARABJEET SINGH KHALSA,FARIDKOT,FEROZEPUR(DEPUTY COMMISSIONER FIROZEPUR_IDA),250000.0,250000.0,2025-11-24T00:00:00.000Z,2026-07-14T00:00:00.000Z,True,Punjab,Lok Sabha,250247,1772,True
141227,Construction of Street using Interlock tiles street and Drains Nirmal Singh House to Majer Singh House,Normal/Others,SARABJEET SINGH KHALSA,FARIDKOT,MANSA(DEPUTY COMMISSIONER MANSA_IDA),465477.0,465477.0,2024-09-16T00:00:00.000Z,2025-03-28T00:00:00.000Z,True,Punjab,Lok Sabha,141227,835,True
250156,Construction of two Bus stand shed,Normal/Others,SARABJEET SINGH KHALSA,FARIDKOT,FARIDKOT(DEPUTY COMMISSIONER FARIDKOT_IDA),300000.0,307584.0,2026-07-15T00:00:00.000Z,2026-01-27T00:00:00.000Z,False,Punjab,Lok Sabha,250156,295256,False
141192,Fitting of Sitting RCC Benches in Public Places,Normal/Others,SARABJEET SINGH KHALSA,FARIDKOT,FARIDKOT(DEPUTY COMMISSIONER FARIDKOT_IDA),150000.0,150000.0,2025-01-20T00:00:00.000Z,2025-04-07T00:00:00.000Z,False,Punjab,Lok Sabha,141192,163190,False
141199,Fitting of Sitting RCC Benches in Public Places,Normal/Others,SARABJEET SINGH KHALSA,FARIDKOT,FARIDKOT(DEPUTY COMMISSIONER FARIDKOT_IDA),150000.0,150000.0,2025-10-09T00:00:00.000Z,2025-04-07T00:00:00.000Z,False,Punjab,Lok Sabha,141199,239743,False
141200,Fitting of Sitting RCC Benches in Public Places,Normal/Others,SARABJEET SINGH KHALSA,FARIDKOT,FARIDKOT(DEPUTY COMMISSIONER FARIDKOT_IDA),150000.0,150000.0,2025-10-09T00:00:00.000Z,2025-04-07T00:00:00.000Z,False,Punjab,Lok Sabha,141200,239744,False
141201,Fitting of Sitting RCC Benches in Public Places,Normal/Others,SARABJEET SINGH KHALSA,FARIDKOT,FARIDKOT(DEPUTY COMMISSIONER FARIDKOT_IDA),150000.0,150000.0,2025-10-09T00:00:00.000Z,2025-04-07T00:00:00.000Z,False,Punjab,Lok Sabha,141201,239760,False
141202,Fitting of Sitting RCC Benches in Public Places,Normal/Others,SARABJEET SINGH KHALSA,FARIDKOT,FARIDKOT(DEPUTY COMMISSIONER FARIDKOT_IDA),150000.0,150000.0,2025-10-09T00:00:00.000Z,2025-04-07T00:00:00.000Z,False,Punjab,Lok Sabha,141202,239761,False
141204,Fitting of Sitting RCC Benches in Public Places,Normal/Others,SARABJEET SINGH KHALSA,FARIDKOT,FARIDKOT(DEPUTY COMMISSIONER FARIDKOT_IDA),150000.0,150000.0,2025-10-09T00:00:00.000Z,2025-04-07T00:00:00.000Z,False,Punjab,Lok Sabha,141204,239762,False
141205,Fitting of Sitting RCC Benches in Public Places,Normal/Others,SARABJEET SINGH KHALSA,FARIDKOT,FARIDKOT(DEPUTY COMMISSIONER FARIDKOT_IDA),150000.0,150000.0,2025-10-09T00:00:00.000Z,2025-04-07T00:00:00.000Z,False,Punjab,Lok Sabha,141205,241141,False
141206,Fitting of Sitting RCC Benches in Public Places,Normal/Others,SARABJEET SINGH KHALSA,FARIDKOT,FARIDKOT(DEPUTY COMMISSIONER FARIDKOT_IDA),150000.0,150000.0,2025-11-25T00:00:00.000Z,2025-04-07T00:00:00.000Z,False,Punjab,Lok Sabha,141206,250520,False
141207,Fitting of Sitting RCC Benches in Public Places,Normal/Others,SARABJEET SINGH KHALSA,FARIDKOT,FARIDKOT(DEPUTY COMMISSIONER FARIDKOT_IDA),150000.0,150000.0,2025-11-25T00:00:00.000Z,2025-04-07T00:00:00.000Z,False,Punjab,Lok Sabha,141207,250521,False
141208,Fitting of Sitting RCC Benches in Public Places,Normal/Others,SARABJEET SINGH KHALSA,FARIDKOT,FARIDKOT(DEPUTY COMMISSIONER FARIDKOT_IDA),150000.0,150000.0,2025-11-25T00:00:00.000Z,2025-04-07T00:00:00.000Z,False,Punjab,Lok Sabha,141208,250522,False
141209,Fitting of Sitting RCC Benches in Public Places,Normal/Others,SARABJEET SINGH KHALSA,FARIDKOT,FARIDKOT(DEPUTY COMMISSIONER FARIDKOT_IDA),150000.0,150000.0,2025-11-25T00:00:00.000Z,2025-04-07T00:00:00.000Z,False,Punjab,Lok Sabha,141209,250523,False
141210,Fitting of Sitting RCC Benches in Public Places,Normal/Others,SARABJEET SINGH KHALSA,FARIDKOT,FARIDKOT(DEPUTY COMMISSIONER FARIDKOT_IDA),150000.0,150000.0,2025-11-25T00:00:00.000Z,2025-04-07T00:00:00.000Z,False,Punjab,Lok Sabha,141210,250524,False
141211,Fitting of Sitting RCC Benches in Public Places,Normal/Others,SARABJEET SINGH KHALSA,FARIDKOT,FARIDKOT(DEPUTY COMMISSIONER FARIDKOT_IDA),150000.0,150000.0,2026-01-16T00:00:00.000Z,2025-04-07T00:00:00.000Z,False,Punjab,Lok Sabha,141211,258311,False
141212,Fitting of Sitting RCC Benches in Public Places,Normal/Others,SARABJEET SINGH KHALSA,FARIDKOT,FARIDKOT(DEPUTY COMMISSIONER FARIDKOT_IDA),150000.0,150000.0,2026-01-16T00:00:00.000Z,2025-04-07T00:00:00.000Z,False,Punjab,Lok Sabha,141212,258312,False
157853,Fitting of Sitting RCC Benches in Public Places,Normal/Others,SARABJEET SINGH KHALSA,FARIDKOT,FARIDKOT(DEPUTY COMMISSIONER FARIDKOT_IDA),150000.0,150000.0,2026-01-16T00:00:00.000Z,2025-04-07T00:00:00.000Z,False,Punjab,Lok Sabha,157853,258313,False
157854,Fitting of Sitting RCC Benches in Public Places,Normal/Others,SARABJEET SINGH KHALSA,FARIDKOT,FARIDKOT(DEPUTY COMMISSIONER FARIDKOT_IDA),150000.0,150000.0,2026-01-16T00:00:00.000Z,2025-04-07T00:00:00.000Z,False,Punjab,Lok Sabha,157854,258326,False
157860,Fitting of Sitting RCC Benches in Public Places,Normal/Others,SARABJEET SINGH KHALSA,FARIDKOT,FARIDKOT(DEPUTY COMMISSIONER FARIDKOT_IDA),200000.0,150000.0,2026-01-16T00:00:00.000Z,2025-04-07T00:00:00.000Z,False,Punjab,Lok Sabha,157860,258330,False
137617,Fitting of Sitting RCC Benches in Public Places,Normal/Others,SARABJEET SINGH KHALSA,FARIDKOT,MOGA(Deputy Commissioner Moga),150000.0,150000.0,2026-01-16T00:00:00.000Z,2025-04-22T00:00:00.000Z,False,Punjab,Lok Sabha,137617,258379,False
176300,Fitting of Sitting RCC Benches in Public Places,Normal/Others,SARABJEET SINGH KHALSA,FARIDKOT,FARIDKOT(DEPUTY COMMISSIONER FARIDKOT_IDA),150000.0,150000.0,2026-01-16T00:00:00.000Z,2025-12-09T00:00:00.000Z,False,Punjab,Lok Sabha,176300,258380,False
176304,Fitting of Sitting RCC Benches in Public Places,Normal/Others,SARABJEET SINGH KHALSA,FARIDKOT,FARIDKOT(DEPUTY COMMISSIONER FARIDKOT_IDA),150000.0,150000.0,2026-01-16T00:00:00.000Z,2026-01-07T00:00:00.000Z,False,Punjab,Lok Sabha,176304,258383,False
218955,Fitting of Sitting RCC Benches in Public Places,Normal/Others,SARABJEET SINGH KHALSA,FARIDKOT,FARIDKOT(DEPUTY COMMISSIONER FARIDKOT_IDA),150000.0,401404.0,2026-03-15T00:00:00.000Z,2026-01-07T00:00:00.000Z,False,Punjab,Lok Sabha,218955,274085,False
239631,Fitting of Sitting RCC Benches in Public Places,Normal/Others,SARABJEET SINGH KHALSA,FARIDKOT,FARIDKOT(DEPUTY COMMISSIONER FARIDKOT_IDA),150000.0,150000.0,2026-03-15T00:00:00.000Z,2026-01-07T00:00:00.000Z,False,Punjab,Lok Sabha,239631,274086,False
250145,Fitting of Sitting RCC Benches in Public Places,Normal/Others,SARABJEET SINGH KHALSA,FARIDKOT,FARIDKOT(DEPUTY COMMISSIONER FARIDKOT_IDA),150000.0,150000.0,2026-03-15T00:00:00.000Z,2026-01-07T00:00:00.000Z,False,Punjab,Lok Sabha,250145,274088,False
250147,Fitting of Sitting RCC Benches in Public Places,Normal/Others,SARABJEET SINGH KHALSA,FARIDKOT,FARIDKOT(DEPUTY COMMISSIONER FARIDKOT_IDA),198750.0,150000.0,2026-03-15T00:00:00.000Z,2026-01-07T00:00:00.000Z,False,Punjab,Lok Sabha,250147,274095,False
250152,Fitting of Sitting RCC Benches in Public Places,Normal/Others,SARABJEET SINGH KHALSA,FARIDKOT,FARIDKOT(DEPUTY COMMISSIONER FARIDKOT_IDA),150000.0,150000.0,2026-03-15T00:00:00.000Z,2026-01-07T00:00:00.000Z,False,Punjab,Lok Sabha,250152,274096,False
250153,Fitting of Sitting RCC Benches in Public Places,Normal/Others,SARABJEET SINGH KHALSA,FARIDKOT,FARIDKOT(DEPUTY COMMISSIONER FARIDKOT_IDA),150000.0,150000.0,2026-03-15T00:00:00.000Z,2026-01-07T00:00:00.000Z,False,Punjab,Lok Sabha,250153,274120,False
250154,Fitting of Sitting RCC Benches in Public Places,Normal/Others,SARABJEET SINGH KHALSA,FARIDKOT,FARIDKOT(DEPUTY COMMISSIONER FARIDKOT_IDA),150000.0,150000.0,2026-03-15T00:00:00.000Z,2026-01-07T00:00:00.000Z,False,Punjab,Lok Sabha,250154,274264,False
250200,Fitting of Sitting RCC Benches in Public Places,Normal/Others,SARABJEET SINGH KHALSA,FARIDKOT,FARIDKOT(DEPUTY COMMISSIONER FARIDKOT_IDA),150000.0,150000.0,2026-03-15T00:00:00.000Z,2026-01-07T00:00:00.000Z,False,Punjab,Lok Sabha,250200,274265,False
250201,Fitting of Sitting RCC Benches in Public Places,Normal/Others,SARABJEET SINGH KHALSA,FARIDKOT,FARIDKOT(DEPUTY COMMISSIONER FARIDKOT_IDA),150000.0,150000.0,2026-07-15T00:00:00.000Z,2026-01-07T00:00:00.000Z,False,Punjab,Lok Sabha,250201,293487,False
250202,Fitting of Sitting RCC Benches in Public Places,Normal/Others,SARABJEET SINGH KHALSA,FARIDKOT,FARIDKOT(DEPUTY COMMISSIONER FARIDKOT_IDA),150000.0,150000.0,2026-07-15T00:00:00.000Z,2026-01-07T00:00:00.000Z,False,Punjab,Lok Sabha,250202,293494,False
250203,Fitting of Sitting RCC Benches in Public Places,Normal/Others,SARABJEET SINGH KHALSA,FARIDKOT,FARIDKOT(DEPUTY COMMISSIONER FARIDKOT_IDA),150000.0,150000.0,2026-07-15T00:00:00.000Z,2026-01-07T00:00:00.000Z,False,Punjab,Lok Sabha,250203,293543,False
250525,Fitting of Sitting RCC Benches in Public Places,Normal/Others,SARABJEET SINGH KHALSA,FARIDKOT,FARIDKOT(DEPUTY COMMISSIONER FARIDKOT_IDA),150000.0,150000.0,2026-07-15T00:00:00.000Z,2026-01-07T00:00:00.000Z,False,Punjab,Lok Sabha,250525,293544,False
250146,Fitting of Sitting RCC Benches in Public Places,Normal/Others,SARABJEET SINGH KHALSA,FARIDKOT,FARIDKOT(DEPUTY COMMISSIONER FARIDKOT_IDA),300000.0,150000.0,2026-07-15T00:00:00.000Z,2026-01-29T00:00:00.000Z,False,Punjab,Lok Sabha,250146,293546,False
140030,Fitting of Sitting RCC Benches in Public Places,Normal/Others,SARABJEET SINGH KHALSA,FARIDKOT,MOGA(Deputy Commissioner Moga),150000.0,100000.0,2026-07-15T00:00:00.000Z,2026-02-04T00:00:00.000Z,True,Punjab,Lok Sabha,140030,293547,False
141193,Installation of fixed garden gym equipment,Normal/Others,SARABJEET SINGH KHALSA,FARIDKOT,FARIDKOT(DEPUTY COMMISSIONER FARIDKOT_IDA),300000.0,300000.0,2025-10-09T00:00:00.000Z,2025-04-07T00:00:00.000Z,False,Punjab,Lok Sabha,141193,239750,False
140065,Installation of fixed garden gym equipment,Normal/Others,SARABJEET SINGH KHALSA,FARIDKOT,MOGA(Deputy Commissioner Moga),150000.0,300000.0,2025-10-09T00:00:00.000Z,2025-07-07T00:00:00.000Z,True,Punjab,Lok Sabha,140065,239751,False
141166,Installation of fixed garden gym equipment,Normal/Others,SARABJEET SINGH KHALSA,FARIDKOT,MOGA(Deputy Commissioner Moga),300000.0,300000.0,2025-10-09T00:00:00.000Z,2025-07-07T00:00:00.000Z,True,Punjab,Lok Sabha,141166,239752,False
141167,Installation of fixed garden gym equipment,Normal/Others,SARABJEET SINGH KHALSA,FARIDKOT,MOGA(Deputy Commissioner Moga),300000.0,300000.0,2025-10-09T00:00:00.000Z,2025-07-07T00:00:00.000Z,True,Punjab,Lok Sabha,141167,239753,False
141168,Installation of fixed garden gym equipment,Normal/Others,SARABJEET SINGH KHALSA,FARIDKOT,MOGA(Deputy Commissioner Moga),150000.0,300000.0,2025-10-09T00:00:00.000Z,2025-07-07T00:00:00.000Z,True,Punjab,Lok Sabha,141168,239754,False
141169,Installation of fixed garden gym equipment,Normal/Others,SARABJEET SINGH KHALSA,FARIDKOT,MOGA(Deputy Commissioner Moga),150000.0,300000.0,2025-10-09T00:00:00.000Z,2025-07-07T00:00:00.000Z,True,Punjab,Lok Sabha,141169,239755,False
141170,Installation of fixed garden gym equipment,Normal/Others,SARABJEET SINGH KHALSA,FARIDKOT,MOGA(Deputy Commissioner Moga),150000.0,300000.0,2025-10-09T00:00:00.000Z,2025-07-07T00:00:00.000Z,True,Punjab,Lok Sabha,141170,239757,False
141171,Installation of fixed garden gym equipment,Normal/Others,SARABJEET SINGH KHALSA,FARIDKOT,MOGA(Deputy Commissioner Moga),150000.0,300000.0,2025-10-09T00:00:00.000Z,2025-07-07T00:00:00.000Z,True,Punjab,Lok Sabha,141171,239758,False
141172,Installation of fixed garden gym equipment,Normal/Others,SARABJEET SINGH KHALSA,FARIDKOT,MOGA(Deputy Commissioner Moga),300000.0,300000.0,2026-07-15T00:00:00.000Z,2025-07-07T00:00:00.000Z,True,Punjab,Lok Sabha,141172,293512,False
141173,Installation of fixed garden gym equipment,Normal/Others,SARABJEET SINGH KHALSA,FARIDKOT,MOGA(Deputy Commissioner Moga),300000.0,300000.0,2026-07-15T00:00:00.000Z,2025-07-07T00:00:00.000Z,True,Punjab,Lok Sabha,141173,294691,False
141175,Installation of fixed garden gym equipment,Normal/Others,SARABJEET SINGH KHALSA,FARIDKOT,MOGA(Deputy Commissioner Moga),300000.0,300000.0,2026-07-15T00:00:00.000Z,2025-07-07T00:00:00.000Z,True,Punjab,Lok Sabha,141175,294692,False
141176,Installation of fixed garden gym equipment,Normal/Others,SARABJEET SINGH KHALSA,FARIDKOT,MOGA(Deputy Commissioner Moga),300000.0,300000.0,2026-07-15T00:00:00.000Z,2025-07-07T00:00:00.000Z,True,Punjab,Lok Sabha,141176,294698,False
137620,Installation of fixed Indoor gym equipment,Normal/Others,SARABJEET SINGH KHALSA,FARIDKOT,MOGA(Deputy Commissioner Moga),200000.0,200000.0,2026-01-16T00:00:00.000Z,2026-02-02T00:00:00.000Z,True,Punjab,Lok Sabha,137620,258340,False
157822,Installation of Indoor multi-gym equipment,Normal/Others,SARABJEET SINGH KHALSA,FARIDKOT,FARIDKOT(DEPUTY COMMISSIONER FARIDKOT_IDA),200000.0,200000.0,2026-01-16T00:00:00.000Z,2025-04-07T00:00:00.000Z,False,Punjab,Lok Sabha,157822,258389,False
218964,Installation of RO and water cooler in Govt Middle School,Normal/Others,SARABJEET SINGH KHALSA,FARIDKOT,FARIDKOT(DEPUTY COMMISSIONER FARIDKOT_IDA),100000.0,89900.0,2026-03-15T00:00:00.000Z,2025-12-29T00:00:00.000Z,False,Punjab,Lok Sabha,218964,274132,False
239736,Installation of RO with Water Cooler in Govt Primary School,Normal/Others,SARABJEET SINGH KHALSA,FARIDKOT,MOGA(Deputy Commissioner Moga),90000.0,90000.0,2026-01-16T00:00:00.000Z,2026-03-11T00:00:00.000Z,True,Punjab,Lok Sabha,239736,258388,False
141163,Purchase of mobile steel water tanker,Normal/Others,SARABJEET SINGH KHALSA,FARIDKOT,MOGA(Deputy Commissioner Moga),200000.0,200000.0,2025-01-20T00:00:00.000Z,2025-08-14T00:00:00.000Z,True,Punjab,Lok Sabha,141163,163159,False
141160,Purchase of mobile steel water tanker,Normal/Others,SARABJEET SINGH KHALSA,FARIDKOT,MOGA(Deputy Commissioner Moga),200000.0,200000.0,2025-07-21T00:00:00.000Z,2025-08-23T00:00:00.000Z,False,Punjab,Lok Sabha,141160,220396,False
163157,Purchase of mobile Steel water tanker,Normal/Others,SARABJEET SINGH KHALSA,FARIDKOT,MOGA(Deputy Commissioner Moga),200000.0,200000.0,2025-07-21T00:00:00.000Z,2025-10-16T00:00:00.000Z,False,Punjab,Lok Sabha,163157,220399,False
163183,Purchase of mobile Steel water tanker,Normal/Others,SARABJEET SINGH KHALSA,FARIDKOT,SRI MUKTSAR SAHIB(DEPUTY COMMISSIONER SRI MUKTSAR SAHIB_IDA),200000.0,200000.0,2025-10-09T00:00:00.000Z,2025-12-30T00:00:00.000Z,True,Punjab,Lok Sabha,163183,239745,False
163185,Purchase of mobile Steel water tanker,Normal/Others,SARABJEET SINGH KHALSA,FARIDKOT,SRI MUKTSAR SAHIB(DEPUTY COMMISSIONER SRI MUKTSAR SAHIB_IDA),200000.0,200000.0,2025-10-09T00:00:00.000Z,2025-12-30T00:00:00.000Z,True,Punjab,Lok Sabha,163185,239748,False
163186,Purchase of mobile Steel water tanker,Normal/Others,SARABJEET SINGH KHALSA,FARIDKOT,SRI MUKTSAR SAHIB(DEPUTY COMMISSIONER SRI MUKTSAR SAHIB_IDA),200000.0,200000.0,2025-10-09T00:00:00.000Z,2025-12-30T00:00:00.000Z,True,Punjab,Lok Sabha,163186,239749,False
163187,Purchase of mobile Steel water tanker,Normal/Others,SARABJEET SINGH KHALSA,FARIDKOT,SRI MUKTSAR SAHIB(DEPUTY COMMISSIONER SRI MUKTSAR SAHIB_IDA),200000.0,200000.0,2025-10-09T00:00:00.000Z,2025-12-30T00:00:00.000Z,True,Punjab,Lok Sabha,163187,239764,False
218970,Purchase of mobile Steel water tanker,Normal/Others,SARABJEET SINGH KHALSA,FARIDKOT,FARIDKOT(DEPUTY COMMISSIONER FARIDKOT_IDA),200000.0,200000.0,2025-10-09T00:00:00.000Z,2026-01-07T00:00:00.000Z,False,Punjab,Lok Sabha,218970,239766,False
218975,Purchase of mobile Steel water tanker,Normal/Others,SARABJEET SINGH KHALSA,FARIDKOT,FARIDKOT(DEPUTY COMMISSIONER FARIDKOT_IDA),200000.0,200000.0,2025-10-09T00:00:00.000Z,2026-01-07T00:00:00.000Z,False,Punjab,Lok Sabha,218975,239767,False
218976,Purchase of mobile Steel water tanker,Normal/Others,SARABJEET SINGH KHALSA,FARIDKOT,FARIDKOT(DEPUTY COMMISSIONER FARIDKOT_IDA),300000.0,200000.0,2025-10-09T00:00:00.000Z,2026-01-07T00:00:00.000Z,False,Punjab,Lok Sabha,218976,239769,False
239692,Purchase of mobile Steel water tanker,Normal/Others,SARABJEET SINGH KHALSA,FARIDKOT,FARIDKOT(DEPUTY COMMISSIONER FARIDKOT_IDA),200000.0,200000.0,2025-10-09T00:00:00.000Z,2026-01-07T00:00:00.000Z,False,Punjab,Lok Sabha,239692,239771,False
250150,Purchase of mobile Steel water tanker,Normal/Others,SARABJEET SINGH KHALSA,FARIDKOT,FARIDKOT(DEPUTY COMMISSIONER FARIDKOT_IDA),200000.0,200000.0,2025-10-09T00:00:00.000Z,2026-01-29T00:00:00.000Z,False,Punjab,Lok Sabha,250150,241144,False
250151,Purchase of mobile Steel water tanker,Normal/Others,SARABJEET SINGH KHALSA,FARIDKOT,FARIDKOT(DEPUTY COMMISSIONER FARIDKOT_IDA),200000.0,200000.0,2026-01-16T00:00:00.000Z,2026-01-29T00:00:00.000Z,False,Punjab,Lok Sabha,250151,258321,False
140067,Purchase of mobile water tankers,Normal/Others,SARABJEET SINGH KHALSA,FARIDKOT,MOGA(Deputy Commissioner Moga),225000.0,200000.0,2026-07-15T00:00:00.000Z,2025-08-14T00:00:00.000Z,True,Punjab,Lok Sabha,140067,293562,False
137630,Purchase of Steel mobile water tanker,Normal/Others,SARABJEET SINGH KHALSA,FARIDKOT,FARIDKOT(DEPUTY COMMISSIONER FARIDKOT_IDA),200000.0,200000.0,2026-01-16T00:00:00.000Z,2025-04-07T00:00:00.000Z,False,Punjab,Lok Sabha,137630,258320,False
157823,Purchase of Steel mobile water tanker,Normal/Others,SARABJEET SINGH KHALSA,FARIDKOT,FARIDKOT(DEPUTY COMMISSIONER FARIDKOT_IDA),200000.0,200000.0,2026-01-16T00:00:00.000Z,2025-04-07T00:00:00.000Z,False,Punjab,Lok Sabha,157823,258337,False
157824,Purchase of Steel mobile water tanker,Normal/Others,SARABJEET SINGH KHALSA,FARIDKOT,FARIDKOT(DEPUTY COMMISSIONER FARIDKOT_IDA),200000.0,200000.0,2026-03-15T00:00:00.000Z,2025-04-07T00:00:00.000Z,False,Punjab,Lok Sabha,157824,274267,False
157825,Purchase of Steel mobile water tanker,Normal/Others,SARABJEET SINGH KHALSA,FARIDKOT,FARIDKOT(DEPUTY COMMISSIONER FARIDKOT_IDA),200000.0,200000.0,2026-03-15T00:00:00.000Z,2025-04-07T00:00:00.000Z,False,Punjab,Lok Sabha,157825,274268,False
157826,Purchase of Steel mobile water tanker,Normal/Others,SARABJEET SINGH KHALSA,FARIDKOT,FARIDKOT(DEPUTY COMMISSIONER FARIDKOT_IDA),200000.0,200000.0,2026-03-15T00:00:00.000Z,2025-04-07T00:00:00.000Z,False,Punjab,Lok Sabha,157826,274269,False
218956,Street lights,Normal/Others,SARABJEET SINGH KHALSA,FARIDKOT,FARIDKOT(DEPUTY COMMISSIONER FARIDKOT_IDA),200000.0,200000.0,2025-07-21T00:00:00.000Z,2026-01-07T00:00:00.000Z,False,Punjab,Lok Sabha,218956,220394,False
218957,Street lights,Normal/Others,SARABJEET SINGH KHALSA,FARIDKOT,FARIDKOT(DEPUTY COMMISSIONER FARIDKOT_IDA),150000.0,200000.0,2025-10-09T00:00:00.000Z,2026-01-07T00:00:00.000Z,False,Punjab,Lok Sabha,218957,239720,False
218966,Street lights,Normal/Others,SARABJEET SINGH KHALSA,FARIDKOT,FARIDKOT(DEPUTY COMMISSIONER FARIDKOT_IDA),150000.0,200000.0,2025-10-09T00:00:00.000Z,2026-01-07T00:00:00.000Z,False,Punjab,Lok Sabha,218966,239721,False
218967,Street lights,Normal/Others,SARABJEET SINGH KHALSA,FARIDKOT,FARIDKOT(DEPUTY COMMISSIONER FARIDKOT_IDA),150000.0,200000.0,2025-10-09T00:00:00.000Z,2026-01-07T00:00:00.000Z,False,Punjab,Lok Sabha,218967,239722,False
239666,Street lights,Normal/Others,SARABJEET SINGH KHALSA,FARIDKOT,FARIDKOT(DEPUTY COMMISSIONER FARIDKOT_IDA),150000.0,198000.0,2025-10-09T00:00:00.000Z,2026-01-07T00:00:00.000Z,False,Punjab,Lok Sabha,239666,239723,False
250148,Street lights,Normal/Others,SARABJEET SINGH KHALSA,FARIDKOT,FARIDKOT(DEPUTY COMMISSIONER FARIDKOT_IDA),150000.0,150000.0,2025-10-09T00:00:00.000Z,2026-01-07T00:00:00.000Z,False,Punjab,Lok Sabha,250148,239724,False
250204,Street lights,Normal/Others,SARABJEET SINGH KHALSA,FARIDKOT,FARIDKOT(DEPUTY COMMISSIONER FARIDKOT_IDA),150000.0,150000.0,2025-10-09T00:00:00.000Z,2026-01-07T00:00:00.000Z,False,Punjab,Lok Sabha,250204,239725,False
250205,Street lights,Normal/Others,SARABJEET SINGH KHALSA,FARIDKOT,FARIDKOT(DEPUTY COMMISSIONER FARIDKOT_IDA),150000.0,150000.0,2025-10-09T00:00:00.000Z,2026-01-07T00:00:00.000Z,False,Punjab,Lok Sabha,250205,239726,False
250149,Street lights,Normal/Others,SARABJEET SINGH KHALSA,FARIDKOT,FARIDKOT(DEPUTY COMMISSIONER FARIDKOT_IDA),200000.0,150000.0,2025-10-09T00:00:00.000Z,2026-01-29T00:00:00.000Z,False,Punjab,Lok Sabha,250149,239727,False
178145,construction of cc road gram chamrauli serial n0 4,Normal/Others,Dr. Sarfraz Ahmad (2024-30),Sitting Rajya Sabha,AGRA(DISTRICT MAGISTRAE AGRA_IDA),999274.0,999274.0,2025-02-28T00:00:00.000Z,2026-01-21T00:00:00.000Z,True,Jharkhand,Rajya Sabha,178145,1154,True
178144,construction of cc road gram mevli kalan serial n0 3,Normal/Others,Dr. Sarfraz Ahmad (2024-30),Sitting Rajya Sabha,AGRA(DISTRICT MAGISTRAE AGRA_IDA),1498206.0,1498206.0,2025-02-28T00:00:00.000Z,2026-01-30T00:00:00.000Z,True,Jharkhand,Rajya Sabha,178144,1153,True
178143,construction of cc road gram mutabai,Normal/Others,Dr. Sarfraz Ahmad (2024-30),Sitting Rajya Sabha,AGRA(DISTRICT MAGISTRAE AGRA_IDA),1248839.0,1248839.0,2025-02-28T00:00:00.000Z,2026-01-30T00:00:00.000Z,True,Jharkhand,Rajya Sabha,178143,1152,True
178142,construction of cc road gram mutabai majhra poora maharam,Normal/Others,Dr. Sarfraz Ahmad (2024-30),Sitting Rajya Sabha,AGRA(DISTRICT MAGISTRAE AGRA_IDA),1249502.0,1249502.0,2025-02-28T00:00:00.000Z,2026-01-30T00:00:00.000Z,True,Jharkhand,Rajya Sabha,178142,1151,True
200585,supply and installation of led semi high mast at different places in district agra,Normal/Others,Dr. Sarfraz Ahmad (2024-30),Sitting Rajya Sabha,AGRA(DISTRICT MAGISTRAE AGRA_IDA),3234607.0,3234607.0,2025-05-17T00:00:00.000Z,2026-01-07T00:00:00.000Z,True,Jharkhand,Rajya Sabha,200585,1322,True
208270,Construction Of P.C.C. Road,Normal/Others,Shri Satish Chandra Dubey (2022-28),Sitting Rajya Sabha,PASHCHIM CHAMPARAN(DISTRICT PLANNING OFFICER WEST CHAMPARANBETTIAH_IDA),500000.0,793257.0,2025-08-28T00:00:00.000Z,2026-01-09T00:00:00.000Z,False,Bihar,Rajya Sabha,208270,229912,False
229922,Construction of P.C.C. Road Work,Normal/Others,Shri Satish Chandra Dubey (2022-28),Sitting Rajya Sabha,PASHCHIM CHAMPARAN(DISTRICT PLANNING OFFICER WEST CHAMPARANBETTIAH_IDA),500000.0,498784.0,2025-09-15T00:00:00.000Z,2025-12-05T00:00:00.000Z,False,Bihar,Rajya Sabha,229922,234348,False
235153,Construction of P.C.C. Road Work,Normal/Others,Shri Satish Chandra Dubey (2022-28),Sitting Rajya Sabha,PURBI CHAMPARAN(DISTRICT PLANNING OFFICER MOTHIHARI EAST CHAMPARAN_IDA),190000.0,997405.0,2025-09-15T00:00:00.000Z,2026-02-10T00:00:00.000Z,False,Bihar,Rajya Sabha,235153,234350,False
240294,Construction of P.C.C. Road Work,Normal/Others,Shri Satish Chandra Dubey (2022-28),Sitting Rajya Sabha,PASHCHIM CHAMPARAN(DISTRICT PLANNING OFFICER WEST CHAMPARANBETTIAH_IDA),699100.0,591823.0,2025-09-24T00:00:00.000Z,2026-02-13T00:00:00.000Z,False,Bihar,Rajya Sabha,240294,237492,False
237493,Construction of P.C.C. Road work,Normal/Others,Shri Satish Chandra Dubey (2022-28),Sitting Rajya Sabha,PASHCHIM CHAMPARAN(DISTRICT PLANNING OFFICER WEST CHAMPARANBETTIAH_IDA),1000000.0,1373558.0,2025-09-24T00:00:00.000Z,2026-02-24T00:00:00.000Z,False,Bihar,Rajya Sabha,237493,237502,False
238695,Construction of P.C.C. Road work,Normal/Others,Shri Satish Chandra Dubey (2022-28),Sitting Rajya Sabha,PASHCHIM CHAMPARAN(DISTRICT PLANNING OFFICER WEST CHAMPARANBETTIAH_IDA),499300.0,789901.0,2025-09-27T00:00:00.000Z,2026-02-24T00:00:00.000Z,False,Bihar,Rajya Sabha,238695,238694,False
238696,Construction of P.C.C. Road work,Normal/Others,Shri Satish Chandra Dubey (2022-28),Sitting Rajya Sabha,PASHCHIM CHAMPARAN(DISTRICT PLANNING OFFICER WEST CHAMPARANBETTIAH_IDA),600000.0,695091.0,2025-09-27T00:00:00.000Z,2026-02-24T00:00:00.000Z,False,Bihar,Rajya Sabha,238696,238701,False
238705,Construction of P.C.C. Road work,Normal/Others,Shri Satish Chandra Dubey (2022-28),Sitting Rajya Sabha,PASHCHIM CHAMPARAN(DISTRICT PLANNING OFFICER WEST CHAMPARANBETTIAH_IDA),995500.0,698508.0,2025-10-06T00:00:00.000Z,2026-02-27T00:00:00.000Z,False,Bihar,Rajya Sabha,238705,240299,False
221658,Construction of Stair Ghat,Normal/Others,Shri Satish Chandra Dubey (2022-28),Sitting Rajya Sabha,PASHCHIM CHAMPARAN(DISTRICT PLANNING OFFICER WEST CHAMPARANBETTIAH_IDA),500000.0,497627.0,2025-07-24T00:00:00.000Z,2026-02-28T00:00:00.000Z,False,Bihar,Rajya Sabha,221658,221657,False
163525,,Normal/Others,Shri Satish Chandra Dubey (2022-28),Sitting Rajya Sabha,PRATAPGARH(DISTRICT MAGISTRAE PRATAPGARH_IDA),1478607.0,1478607.0,2025-01-03T00:00:00.000Z,2025-05-07T00:00:00.000Z,True,Bihar,Rajya Sabha,163525,1041,True
171243,,Normal/Others,Shri Satish Chandra Dubey (2022-28),Sitting Rajya Sabha,PASHCHIM CHAMPARAN(DISTRICT PLANNING OFFICER WEST CHAMPARANBETTIAH_IDA),1478607.0,1083195.0,2025-01-03T00:00:00.000Z,2026-01-10T00:00:00.000Z,False,Bihar,Rajya Sabha,171243,1041,True
138684,Construction of Krishi Charcha Kendra,Normal/Others,Saumitra khan ,BISHNUPUR,BANKURA(DISTRICT MAGISTRATE BANKURA_IDA),1300000.0,649868.0,2025-04-12T00:00:00.000Z,2026-07-29T00:00:00.000Z,True,West Bengal,Lok Sabha,138684,190877,False
138682,Construction of Krishi Charcha Kendra,Normal/Others,Saumitra khan ,BISHNUPUR,BANKURA(DISTRICT MAGISTRATE BANKURA_IDA),650000.0,647613.0,2025-04-12T00:00:00.000Z,2026-08-10T00:00:00.000Z,True,West Bengal,Lok Sabha,138682,190878,False
204381,Installation of Solar Street Light,Normal/Others,Saumitra khan ,BISHNUPUR,BANKURA(DISTRICT MAGISTRATE BANKURA_IDA),2794500.0,1103660.0,2025-04-12T00:00:00.000Z,2026-07-28T00:00:00.000Z,True,West Bengal,Lok Sabha,204381,190886,False
204313,Installation of Solar Street Light,Normal/Others,Saumitra khan ,BISHNUPUR,BANKURA(DISTRICT MAGISTRATE BANKURA_IDA),1276500.0,896799.0,2025-04-21T00:00:00.000Z,2026-07-29T00:00:00.000Z,True,West Bengal,Lok Sabha,204313,193009,False
204321,Installation of Solar Street Light,Normal/Others,Saumitra khan ,BISHNUPUR,BANKURA(DISTRICT MAGISTRATE BANKURA_IDA),1035000.0,965783.0,2025-05-28T00:00:00.000Z,2026-07-29T00:00:00.000Z,True,West Bengal,Lok Sabha,204321,204306,False
190880,Installation of Solar Street Light,Normal/Others,Saumitra khan ,BISHNUPUR,BANKURA(DISTRICT MAGISTRATE BANKURA_IDA),1173000.0,1965894.0,2025-05-28T00:00:00.000Z,2026-08-10T00:00:00.000Z,True,West Bengal,Lok Sabha,190880,204375,False
189423,Installation of Solar Submersible Pump,Normal/Others,Saumitra khan ,BISHNUPUR,BANKURA(DISTRICT MAGISTRATE BANKURA_IDA),500000.0,1794129.0,2025-05-28T00:00:00.000Z,2026-08-10T00:00:00.000Z,True,West Bengal,Lok Sabha,189423,204301,False
210475,GI cotted water tanker 5500 liter tyre 900x16 New,Normal/Others,SAVITRI THAKUR,DHAR,DHAR(DISTRICT COLLECTOR DHAR_IDA),159212.0,159212.0,2025-06-19T00:00:00.000Z,2026-02-19T00:00:00.000Z,True,Madhya Pradesh,Lok Sabha,210475,210480,False
155984,"INSTALLATION OF 5 NOS. OF SOLAR STREET LIGHTS (WITH 6 MTR. G.I. POLE & 1 NO. 20 WATT LED BULB) IN THE FOLLOWING LOCATIONS UNDER PRATAPNAGAR GP UNDER SONARPUR DAKSHIN AC: 
1)	UTTAR PRATAPNAGAR BAGDIPARA (VILL: UTTAR PRATAPNAGAR)
2)	PRATAPNAGAR DURGA TALA (VILL: PRATAPNAGAR)
3)	SARALIYA SARASWATI MATH (VILL: GARAL, SARALIYA)
4)	PATNIPARA MORE (VILL: METIYARI)
5)	PRATAPNAGAR MADARTALA (VILL: PRATAPNAGAR)",Normal/Others,SAYANI GHOSH,JADAVPUR,South 24 Parganas(DISTRICT MAGISTRATE SOUTH TWENTY FOUR PARGANAS_IDA),172500.0,172431.0,2024-12-24T00:00:00.000Z,2025-07-02T00:00:00.000Z,True,West Bengal,Lok Sabha,155984,155985,False
181084,Purchase of wheelchairs (Motorized),Normal/Others,SHAFI PARAMBIL,VADAKARA,KOZHIKODE(DISTRICT COLLECTOR KOZHIKODE_IDA),70000.0,70000.0,2025-03-11T00:00:00.000Z,2026-05-13T00:00:00.000Z,True,Kerala,Lok Sabha,181084,181085,False
170735,Installation of RO System,Normal/Others,SHER SINGH GHUBAYA,FIROZPUR,FEROZEPUR(DEPUTY COMMISSIONER FIROZEPUR_IDA),235000.0,232744.0,2025-05-31T00:00:00.000Z,2025-03-18T00:00:00.000Z,False,Punjab,Lok Sabha,170735,205309,False
212815,Purchase of mobile water tankers (capacity 3000 Ltrs. Steel),Normal/Others,SHER SINGH GHUBAYA,FIROZPUR,FAZILKA(DEPUTY COMMISSIONER FAZILKA_IDA),243000.0,240570.0,2025-06-27T00:00:00.000Z,2026-01-29T00:00:00.000Z,False,Punjab,Lok Sabha,212815,212832,False
205282,Purchase of mobile water tankers (steel 3000 ltrs),Normal/Others,SHER SINGH GHUBAYA,FIROZPUR,FAZILKA(DEPUTY COMMISSIONER FAZILKA_IDA),243000.0,240570.0,2025-05-31T00:00:00.000Z,2025-11-28T00:00:00.000Z,False,Punjab,Lok Sabha,205282,205301,False
205284,Purchase of mobile water tankers (steel 3000 ltrs),Normal/Others,SHER SINGH GHUBAYA,FIROZPUR,FAZILKA(DEPUTY COMMISSIONER FAZILKA_IDA),243000.0,240618.0,2025-05-31T00:00:00.000Z,2025-11-28T00:00:00.000Z,False,Punjab,Lok Sabha,205284,205302,False
205299,Purchase of mobile water tankers (steel 3000 ltrs),Normal/Others,SHER SINGH GHUBAYA,FIROZPUR,FAZILKA(DEPUTY COMMISSIONER FAZILKA_IDA),243000.0,240327.0,2025-05-31T00:00:00.000Z,2026-01-09T00:00:00.000Z,False,Punjab,Lok Sabha,205299,205305,False
187755,CC road,Normal/Others,SHIVRAJ SINGH CHOUHAN,VIDISHA,SEHORE(DISTRICT COLLECTOR SEHORE_IDA),1200000.0,600000.0,2025-03-29T00:00:00.000Z,2025-10-17T00:00:00.000Z,True,Madhya Pradesh,Lok Sabha,187755,187677,False
187782,cc road,Normal/Others,SHIVRAJ SINGH CHOUHAN,VIDISHA,VIDISHA(District Collector Vidisha_IDA),250000.0,298125.0,2025-03-29T00:00:00.000Z,2025-10-30T00:00:00.000Z,True,Madhya Pradesh,Lok Sabha,187782,187685,False
187749,cc road,Normal/Others,SHIVRAJ SINGH CHOUHAN,VIDISHA,SEHORE(DISTRICT COLLECTOR SEHORE_IDA),250000.0,600000.0,2025-03-29T00:00:00.000Z,2025-12-22T00:00:00.000Z,True,Madhya Pradesh,Lok Sabha,187749,187688,False
187778,cc road,Normal/Others,SHIVRAJ SINGH CHOUHAN,VIDISHA,VIDISHA(District Collector Vidisha_IDA),400000.0,500000.0,2025-03-29T00:00:00.000Z,2026-02-13T00:00:00.000Z,True,Madhya Pradesh,Lok Sabha,187778,187690,False
187770,CC road,Normal/Others,SHIVRAJ SINGH CHOUHAN,VIDISHA,VIDISHA(District Collector Vidisha_IDA),500000.0,500000.0,2025-03-29T00:00:00.000Z,2026-02-26T00:00:00.000Z,True,Madhya Pradesh,Lok Sabha,187770,187692,False
187779,CC road,Normal/Others,SHIVRAJ SINGH CHOUHAN,VIDISHA,VIDISHA(District Collector Vidisha_IDA),600000.0,500000.0,2025-03-29T00:00:00.000Z,2026-04-09T00:00:00.000Z,True,Madhya Pradesh,Lok Sabha,187779,187720,False
187760,work sheds,Normal/Others,SHIVRAJ SINGH CHOUHAN,VIDISHA,SEHORE(DISTRICT COLLECTOR SEHORE_IDA),1250000.0,1250000.0,2025-03-29T00:00:00.000Z,2026-03-17T00:00:00.000Z,True,Madhya Pradesh,Lok Sabha,187760,187759,False
188003,Construction of rainwater harvesting structures,Normal/Others,SHOBHANABEN MAHENDRASINH BARAIYA,SABARKANTHA,ARVALLI(DISTRICT COLLECTOR ARVALLI_IDA),200000.0,200000.0,2025-03-31T00:00:00.000Z,2026-04-17T00:00:00.000Z,True,Gujarat,Lok Sabha,188003,187966,False
169575,installation of Solar Street Lights,Normal/Others,Dr. Sikander Kumar (2022-28),Sitting Rajya Sabha,UNA(DEPUTY COMMISSIOENR UNA_IDA),29816.0,74700.0,2025-01-28T00:00:00.000Z,2026-04-16T00:00:00.000Z,True,Himachal Pradesh,Rajya Sabha,169575,169609,False
232522,Purchase of books for public library in different government schools located at District Mohalla Maanpur Ambagharh Chowki  Through District Education Officer District Mohalla Maanpur Ambagharh Chowki Chhattisgarh,Normal/Others,Dr. Sikander Kumar (2022-28),Sitting Rajya Sabha,Mohla-Manpur-Ambagarh Chouki(Collector MMC_IDA),2500000.0,2499475.0,2025-09-10T00:00:00.000Z,2026-04-20T00:00:00.000Z,True,Himachal Pradesh,Rajya Sabha,232522,1654,True
230296,Development of mahuar stadium,Normal/Others,SUDHAKAR SINGH,BUXAR,KAIMUR (BHABUA)(DISTRICT PLANNING OFFICER KAIMUR BHABUA_IDA),1495600.0,989740.0,2026-02-22T00:00:00.000Z,2026-03-06T00:00:00.000Z,False,Bihar,Lok Sabha,230296,270250,False
171310,CC Road and Naali Work,Normal/Others,Dr. Sudhanshu Trivedi (2024-30),Sitting Rajya Sabha,LUCKNOW(DISTRICT MAGISTRAE LUCKNOW_IDA),1894000.0,1527604.0,2025-01-03T00:00:00.000Z,2025-05-29T00:00:00.000Z,True,Uttar Pradesh,Rajya Sabha,171310,163524,False
171311,CC Road and Naali Work,Normal/Others,Dr. Sudhanshu Trivedi (2024-30),Sitting Rajya Sabha,LUCKNOW(DISTRICT MAGISTRAE LUCKNOW_IDA),619000.0,1659307.0,2025-02-01T00:00:00.000Z,2025-05-29T00:00:00.000Z,False,Uttar Pradesh,Rajya Sabha,171311,171314,False
171315,CC Road and Naali Work,Normal/Others,Dr. Sudhanshu Trivedi (2024-30),Sitting Rajya Sabha,LUCKNOW(DISTRICT MAGISTRAE LUCKNOW_IDA),409000.0,1152386.0,2025-10-08T00:00:00.000Z,2025-05-29T00:00:00.000Z,False,Uttar Pradesh,Rajya Sabha,171315,240758,False
171309,Interlocking Road and Naali Work,Normal/Others,Dr. Sudhanshu Trivedi (2024-30),Sitting Rajya Sabha,LUCKNOW(DISTRICT MAGISTRAE LUCKNOW_IDA),830000.0,1213882.0,2025-10-08T00:00:00.000Z,2025-10-11T00:00:00.000Z,True,Uttar Pradesh,Rajya Sabha,171309,240764,False
140603,CONSTRUCTION OF CC ROAD,Normal/Others,Shri Sudheer Gupta ,MANDSOUR,MANDSAUR(DISTRICT COLLECTOR MANDSAUR_IDA),300000.0,300000.0,2024-09-13T00:00:00.000Z,2026-01-22T00:00:00.000Z,True,Madhya Pradesh,Lok Sabha,140603,140602,False
194352,CONSTRUCTION OF CC ROAD,Normal/Others,Shri Sudheer Gupta ,MANDSOUR,MANDSAUR(DISTRICT COLLECTOR MANDSAUR_IDA),400000.0,450000.0,2024-09-13T00:00:00.000Z,2026-02-21T00:00:00.000Z,True,Madhya Pradesh,Lok Sabha,194352,140604,False
155421,construction of cc road,Normal/Others,Shri Sudheer Gupta ,MANDSOUR,MANDSAUR(DISTRICT COLLECTOR MANDSAUR_IDA),150000.0,500000.0,2024-09-13T00:00:00.000Z,2026-08-04T00:00:00.000Z,True,Madhya Pradesh,Lok Sabha,155421,140606,False
244921,construction of cc road,Normal/Others,Shri Sudheer Gupta ,MANDSOUR,MANDSAUR(DISTRICT COLLECTOR MANDSAUR_IDA),150000.0,250000.0,2025-04-25T00:00:00.000Z,2026-08-04T00:00:00.000Z,True,Madhya Pradesh,Lok Sabha,244921,194346,False
145730,CONSTRUCTION OF ROOM,Normal/Others,Shri Sudheer Gupta ,MANDSOUR,MANDSAUR(DISTRICT COLLECTOR MANDSAUR_IDA),150000.0,150000.0,2025-08-06T00:00:00.000Z,2026-01-23T00:00:00.000Z,True,Madhya Pradesh,Lok Sabha,145730,225540,False
210797,CONSTRUCTION OF SHED,Normal/Others,Shri Sudheer Gupta ,MANDSOUR,MANDSAUR(DISTRICT COLLECTOR MANDSAUR_IDA),400000.0,400000.0,2024-12-02T00:00:00.000Z,2026-05-11T00:00:00.000Z,False,Madhya Pradesh,Lok Sabha,210797,156433,False
137831,PURCHASE OF BOOK,Normal/Others,Shri Sudheer Gupta ,MANDSOUR,MANDSAUR(DISTRICT COLLECTOR MANDSAUR_IDA),100000.0,100000.0,2025-09-12T00:00:00.000Z,2025-08-21T00:00:00.000Z,True,Madhya Pradesh,Lok Sabha,137831,233299,False
137832,PURCHASE OF BOOK,Normal/Others,Shri Sudheer Gupta ,MANDSOUR,MANDSAUR(DISTRICT COLLECTOR MANDSAUR_IDA),100000.0,100000.0,2025-09-12T00:00:00.000Z,2025-08-21T00:00:00.000Z,True,Madhya Pradesh,Lok Sabha,137832,233300,False
137829,PURCHASE OF BOOKS,Normal/Others,Shri Sudheer Gupta ,MANDSOUR,MANDSAUR(DISTRICT COLLECTOR MANDSAUR_IDA),100000.0,100000.0,2025-09-12T00:00:00.000Z,2025-08-21T00:00:00.000Z,True,Madhya Pradesh,Lok Sabha,137829,233301,False
137836,PURCHASE OF BOOKS,Normal/Others,Shri Sudheer Gupta ,MANDSOUR,MANDSAUR(DISTRICT COLLECTOR MANDSAUR_IDA),100000.0,100000.0,2025-09-12T00:00:00.000Z,2025-08-21T00:00:00.000Z,True,Madhya Pradesh,Lok Sabha,137836,233302,False
137837,PURCHASE OF BOOKS,Normal/Others,Shri Sudheer Gupta ,MANDSOUR,MANDSAUR(DISTRICT COLLECTOR MANDSAUR_IDA),100000.0,100000.0,2025-09-12T00:00:00.000Z,2025-08-21T00:00:00.000Z,True,Madhya Pradesh,Lok Sabha,137837,233303,False
137838,PURCHASE OF BOOKS,Normal/Others,Shri Sudheer Gupta ,MANDSOUR,MANDSAUR(DISTRICT COLLECTOR MANDSAUR_IDA),100000.0,100000.0,2025-09-12T00:00:00.000Z,2025-08-21T00:00:00.000Z,True,Madhya Pradesh,Lok Sabha,137838,233304,False
137839,PURCHASE OF BOOKS,Normal/Others,Shri Sudheer Gupta ,MANDSOUR,MANDSAUR(DISTRICT COLLECTOR MANDSAUR_IDA),100000.0,100000.0,2025-09-12T00:00:00.000Z,2025-08-21T00:00:00.000Z,True,Madhya Pradesh,Lok Sabha,137839,233305,False
137840,PURCHASE OF BOOKS,Normal/Others,Shri Sudheer Gupta ,MANDSOUR,MANDSAUR(DISTRICT COLLECTOR MANDSAUR_IDA),100000.0,100000.0,2025-09-12T00:00:00.000Z,2025-08-21T00:00:00.000Z,True,Madhya Pradesh,Lok Sabha,137840,233306,False
137841,PURCHASE OF BOOKS,Normal/Others,Shri Sudheer Gupta ,MANDSOUR,MANDSAUR(DISTRICT COLLECTOR MANDSAUR_IDA),100000.0,100000.0,2025-09-12T00:00:00.000Z,2025-08-21T00:00:00.000Z,True,Madhya Pradesh,Lok Sabha,137841,233307,False
137842,PURCHASE OF BOOKS,Normal/Others,Shri Sudheer Gupta ,MANDSOUR,MANDSAUR(DISTRICT COLLECTOR MANDSAUR_IDA),100000.0,100000.0,2025-09-12T00:00:00.000Z,2025-08-21T00:00:00.000Z,True,Madhya Pradesh,Lok Sabha,137842,233308,False
137865,PURCHASE OF BOOKS,Normal/Others,Shri Sudheer Gupta ,MANDSOUR,NEEMUCH(District Collector Neemuch_IDA),100000.0,100000.0,2025-09-12T00:00:00.000Z,2026-04-28T00:00:00.000Z,True,Madhya Pradesh,Lok Sabha,137865,233309,False
137866,PURCHASE OF BOOKS,Normal/Others,Shri Sudheer Gupta ,MANDSOUR,NEEMUCH(District Collector Neemuch_IDA),100000.0,100000.0,2025-09-12T00:00:00.000Z,2026-04-28T00:00:00.000Z,True,Madhya Pradesh,Lok Sabha,137866,233310,False
137867,PURCHASE OF BOOKS,Normal/Others,Shri Sudheer Gupta ,MANDSOUR,NEEMUCH(District Collector Neemuch_IDA),100000.0,100000.0,2025-09-12T00:00:00.000Z,2026-04-28T00:00:00.000Z,True,Madhya Pradesh,Lok Sabha,137867,233311,False
137868,PURCHASE OF BOOKS,Normal/Others,Shri Sudheer Gupta ,MANDSOUR,NEEMUCH(District Collector Neemuch_IDA),100000.0,100000.0,2025-09-12T00:00:00.000Z,2026-04-28T00:00:00.000Z,True,Madhya Pradesh,Lok Sabha,137868,233312,False
137869,PURCHASE OF BOOKS,Normal/Others,Shri Sudheer Gupta ,MANDSOUR,NEEMUCH(District Collector Neemuch_IDA),100000.0,100000.0,2025-09-12T00:00:00.000Z,2026-04-28T00:00:00.000Z,True,Madhya Pradesh,Lok Sabha,137869,233313,False
137870,PURCHASE OF BOOKS,Normal/Others,Shri Sudheer Gupta ,MANDSOUR,NEEMUCH(District Collector Neemuch_IDA),100000.0,100000.0,2025-09-12T00:00:00.000Z,2026-04-28T00:00:00.000Z,True,Madhya Pradesh,Lok Sabha,137870,233314,False
137871,PURCHASE OF BOOKS,Normal/Others,Shri Sudheer Gupta ,MANDSOUR,NEEMUCH(District Collector Neemuch_IDA),100000.0,100000.0,2025-09-12T00:00:00.000Z,2026-04-28T00:00:00.000Z,True,Madhya Pradesh,Lok Sabha,137871,233315,False
137872,PURCHASE OF BOOKS,Normal/Others,Shri Sudheer Gupta ,MANDSOUR,NEEMUCH(District Collector Neemuch_IDA),100000.0,100000.0,2025-09-12T00:00:00.000Z,2026-04-28T00:00:00.000Z,True,Madhya Pradesh,Lok Sabha,137872,233316,False
137873,PURCHASE OF BOOKS,Normal/Others,Shri Sudheer Gupta ,MANDSOUR,NEEMUCH(District Collector Neemuch_IDA),100000.0,100000.0,2025-09-12T00:00:00.000Z,2026-04-28T00:00:00.000Z,True,Madhya Pradesh,Lok Sabha,137873,233317,False
137874,PURCHASE OF BOOKS,Normal/Others,Shri Sudheer Gupta ,MANDSOUR,NEEMUCH(District Collector Neemuch_IDA),100000.0,100000.0,2025-09-12T00:00:00.000Z,2026-04-28T00:00:00.000Z,True,Madhya Pradesh,Lok Sabha,137874,233318,False
137875,PURCHASE OF BOOKS,Normal/Others,Shri Sudheer Gupta ,MANDSOUR,NEEMUCH(District Collector Neemuch_IDA),100000.0,100000.0,2025-09-12T00:00:00.000Z,2026-04-28T00:00:00.000Z,True,Madhya Pradesh,Lok Sabha,137875,233319,False
137876,PURCHASE OF BOOKS,Normal/Others,Shri Sudheer Gupta ,MANDSOUR,NEEMUCH(District Collector Neemuch_IDA),100000.0,100000.0,2025-09-12T00:00:00.000Z,2026-04-28T00:00:00.000Z,True,Madhya Pradesh,Lok Sabha,137876,233320,False
137877,PURCHASE OF BOOKS,Normal/Others,Shri Sudheer Gupta ,MANDSOUR,NEEMUCH(District Collector Neemuch_IDA),100000.0,100000.0,2025-09-12T00:00:00.000Z,2026-04-28T00:00:00.000Z,True,Madhya Pradesh,Lok Sabha,137877,233321,False
137878,PURCHASE OF BOOKS,Normal/Others,Shri Sudheer Gupta ,MANDSOUR,NEEMUCH(District Collector Neemuch_IDA),100000.0,100000.0,2025-09-12T00:00:00.000Z,2026-04-28T00:00:00.000Z,True,Madhya Pradesh,Lok Sabha,137878,233322,False
137879,PURCHASE OF BOOKS,Normal/Others,Shri Sudheer Gupta ,MANDSOUR,NEEMUCH(District Collector Neemuch_IDA),100000.0,100000.0,2025-09-12T00:00:00.000Z,2026-04-28T00:00:00.000Z,True,Madhya Pradesh,Lok Sabha,137879,233323,False
137880,PURCHASE OF BOOKS,Normal/Others,Shri Sudheer Gupta ,MANDSOUR,NEEMUCH(District Collector Neemuch_IDA),100000.0,100000.0,2025-09-12T00:00:00.000Z,2026-04-28T00:00:00.000Z,True,Madhya Pradesh,Lok Sabha,137880,233324,False
137881,PURCHASE OF BOOKS,Normal/Others,Shri Sudheer Gupta ,MANDSOUR,NEEMUCH(District Collector Neemuch_IDA),100000.0,100000.0,2025-09-12T00:00:00.000Z,2026-04-28T00:00:00.000Z,True,Madhya Pradesh,Lok Sabha,137881,233325,False
137882,PURCHASE OF BOOKS,Normal/Others,Shri Sudheer Gupta ,MANDSOUR,NEEMUCH(District Collector Neemuch_IDA),100000.0,100000.0,2025-09-12T00:00:00.000Z,2026-04-28T00:00:00.000Z,True,Madhya Pradesh,Lok Sabha,137882,233326,False
137883,PURCHASE OF BOOKS,Normal/Others,Shri Sudheer Gupta ,MANDSOUR,NEEMUCH(District Collector Neemuch_IDA),100000.0,100000.0,2025-09-12T00:00:00.000Z,2026-04-28T00:00:00.000Z,True,Madhya Pradesh,Lok Sabha,137883,233327,False
260465,buying books for the school,Normal/Others,SUKHDEO BHAGAT,LOHARDAGA,LOHARDAGA(DEPUTY COMMISSIONER LOHARDAGA_IDA),200000.0,200000.0,2026-01-20T00:00:00.000Z,2026-05-13T00:00:00.000Z,True,Jharkhand,Lok Sabha,260465,260461,False
260466,buying books for the school,Normal/Others,SUKHDEO BHAGAT,LOHARDAGA,LOHARDAGA(DEPUTY COMMISSIONER LOHARDAGA_IDA),200000.0,200000.0,2026-01-20T00:00:00.000Z,2026-05-13T00:00:00.000Z,True,Jharkhand,Lok Sabha,260466,260462,False
260468,buying books for the school,Normal/Others,SUKHDEO BHAGAT,LOHARDAGA,LOHARDAGA(DEPUTY COMMISSIONER LOHARDAGA_IDA),200000.0,200000.0,2026-01-20T00:00:00.000Z,2026-05-13T00:00:00.000Z,True,Jharkhand,Lok Sabha,260468,260463,False
260469,buying books for the school,Normal/Others,SUKHDEO BHAGAT,LOHARDAGA,LOHARDAGA(DEPUTY COMMISSIONER LOHARDAGA_IDA),200000.0,200000.0,2026-01-20T00:00:00.000Z,2026-05-13T00:00:00.000Z,True,Jharkhand,Lok Sabha,260469,260464,False
260470,buying books for the school,Normal/Others,SUKHDEO BHAGAT,LOHARDAGA,LOHARDAGA(DEPUTY COMMISSIONER LOHARDAGA_IDA),200000.0,200000.0,2026-01-20T00:00:00.000Z,2026-05-13T00:00:00.000Z,True,Jharkhand,Lok Sabha,260470,260467,False
260474,buying books for the school,Normal/Others,SUKHDEO BHAGAT,LOHARDAGA,LOHARDAGA(DEPUTY COMMISSIONER LOHARDAGA_IDA),200000.0,200000.0,2026-01-20T00:00:00.000Z,2026-05-13T00:00:00.000Z,True,Jharkhand,Lok Sabha,260474,260471,False
260475,buying books for the school,Normal/Others,SUKHDEO BHAGAT,LOHARDAGA,LOHARDAGA(DEPUTY COMMISSIONER LOHARDAGA_IDA),200000.0,200000.0,2026-01-20T00:00:00.000Z,2026-05-13T00:00:00.000Z,True,Jharkhand,Lok Sabha,260475,260472,False
260477,buying books for the school,Normal/Others,SUKHDEO BHAGAT,LOHARDAGA,LOHARDAGA(DEPUTY COMMISSIONER LOHARDAGA_IDA),200000.0,200000.0,2026-01-20T00:00:00.000Z,2026-05-13T00:00:00.000Z,True,Jharkhand,Lok Sabha,260477,260473,False
260479,buying books for the school,Normal/Others,SUKHDEO BHAGAT,LOHARDAGA,LOHARDAGA(DEPUTY COMMISSIONER LOHARDAGA_IDA),200000.0,200000.0,2026-01-20T00:00:00.000Z,2026-05-13T00:00:00.000Z,True,Jharkhand,Lok Sabha,260479,260478,False
260480,buying books for the school,Normal/Others,SUKHDEO BHAGAT,LOHARDAGA,LOHARDAGA(DEPUTY COMMISSIONER LOHARDAGA_IDA),200000.0,200000.0,2026-01-24T00:00:00.000Z,2026-05-13T00:00:00.000Z,True,Jharkhand,Lok Sabha,260480,261414,False
260481,buying books for the school,Normal/Others,SUKHDEO BHAGAT,LOHARDAGA,LOHARDAGA(DEPUTY COMMISSIONER LOHARDAGA_IDA),200000.0,200000.0,2026-01-24T00:00:00.000Z,2026-05-13T00:00:00.000Z,True,Jharkhand,Lok Sabha,260481,261415,False
260482,buying books for the school,Normal/Others,SUKHDEO BHAGAT,LOHARDAGA,LOHARDAGA(DEPUTY COMMISSIONER LOHARDAGA_IDA),200000.0,200000.0,2026-01-24T00:00:00.000Z,2026-05-13T00:00:00.000Z,True,Jharkhand,Lok Sabha,260482,261416,False
260483,buying books for the school,Normal/Others,SUKHDEO BHAGAT,LOHARDAGA,LOHARDAGA(DEPUTY COMMISSIONER LOHARDAGA_IDA),200000.0,200000.0,2026-01-24T00:00:00.000Z,2026-05-13T00:00:00.000Z,True,Jharkhand,Lok Sabha,260483,261418,False
260484,buying books for the school,Normal/Others,SUKHDEO BHAGAT,LOHARDAGA,LOHARDAGA(DEPUTY COMMISSIONER LOHARDAGA_IDA),200000.0,200000.0,2026-01-24T00:00:00.000Z,2026-05-13T00:00:00.000Z,True,Jharkhand,Lok Sabha,260484,261419,False
260485,buying books for the school,Normal/Others,SUKHDEO BHAGAT,LOHARDAGA,LOHARDAGA(DEPUTY COMMISSIONER LOHARDAGA_IDA),200000.0,200000.0,2026-01-24T00:00:00.000Z,2026-05-13T00:00:00.000Z,True,Jharkhand,Lok Sabha,260485,261420,False
260486,buying books for the school,Normal/Others,SUKHDEO BHAGAT,LOHARDAGA,LOHARDAGA(DEPUTY COMMISSIONER LOHARDAGA_IDA),200000.0,200000.0,2026-01-24T00:00:00.000Z,2026-05-15T00:00:00.000Z,True,Jharkhand,Lok Sabha,260486,261421,False
260487,buying books for the school,Normal/Others,SUKHDEO BHAGAT,LOHARDAGA,LOHARDAGA(DEPUTY COMMISSIONER LOHARDAGA_IDA),200000.0,200000.0,2026-01-24T00:00:00.000Z,2026-05-15T00:00:00.000Z,True,Jharkhand,Lok Sabha,260487,261422,False
260497,buying books for the school,Normal/Others,SUKHDEO BHAGAT,LOHARDAGA,LOHARDAGA(DEPUTY COMMISSIONER LOHARDAGA_IDA),400000.0,200000.0,2026-05-18T00:00:00.000Z,2026-05-15T00:00:00.000Z,True,Jharkhand,Lok Sabha,260497,281378,False
166562,"Construction of Street in the Village, The working agency will be Gram Panchayat",Normal/Others,SUKHJINDER SINGH RANDHAWA,GURDASPUR,GURDASPUR(DEPUTY COMMISSIONER GURDASPUR_IDA),500000.0,300000.0,2025-02-05T00:00:00.000Z,2026-02-03T00:00:00.000Z,False,Punjab,Lok Sabha,166562,166548,False
166568,"Construction of Street in the Village, The working agency will be Gram Panchayat",Normal/Others,SUKHJINDER SINGH RANDHAWA,GURDASPUR,GURDASPUR(DEPUTY COMMISSIONER GURDASPUR_IDA),200000.0,500000.0,2025-02-05T00:00:00.000Z,2026-02-03T00:00:00.000Z,False,Punjab,Lok Sabha,166568,166549,False
97909,Construction of CC Road,Normal/Others,Smt. Sumitra Balmik (2022-28),Sitting Rajya Sabha,SHAJAPUR(District Collector Shajapur_IDA),1000000.0,1499000.0,2024-01-28T00:00:00.000Z,2025-11-06T00:00:00.000Z,True,Madhya Pradesh,Rajya Sabha,97909,90533,False
111873,Construction of CC Road,,Smt. Sumitra Balmik (2022-28),Sitting Rajya Sabha,AGRA(DISTRICT MAGISTRAE AGRA_IDA),2498206.0,2498206.0,2024-02-09T00:00:00.000Z,2026-01-30T00:00:00.000Z,True,Madhya Pradesh,Rajya Sabha,111873,529,True
97887,Construction of CC Road,Normal/Others,Smt. Sumitra Balmik (2022-28),Sitting Rajya Sabha,JABALPUR(DISTRICT COLLECTOR JABALPUR_IDA),1300000.0,225000.0,2024-02-09T00:00:00.000Z,2026-04-14T00:00:00.000Z,True,Madhya Pradesh,Rajya Sabha,97887,102047,False
97894,Construction of CC Road,Normal/Others,Smt. Sumitra Balmik (2022-28),Sitting Rajya Sabha,JABALPUR(DISTRICT COLLECTOR JABALPUR_IDA),1000000.0,176000.0,2024-02-18T00:00:00.000Z,2026-04-14T00:00:00.000Z,True,Madhya Pradesh,Rajya Sabha,97894,107998,False
97895,Construction of CC Road,Normal/Others,Smt. Sumitra Balmik (2022-28),Sitting Rajya Sabha,JABALPUR(DISTRICT COLLECTOR JABALPUR_IDA),1000000.0,229000.0,2024-02-18T00:00:00.000Z,2026-04-14T00:00:00.000Z,True,Madhya Pradesh,Rajya Sabha,97895,108004,False
90552,Construction of Culvert,Normal/Others,Smt. Sumitra Balmik (2022-28),Sitting Rajya Sabha,KATNI(District Collector Katni_IDA),1000000.0,1500000.0,2024-02-18T00:00:00.000Z,2026-01-06T00:00:00.000Z,True,Madhya Pradesh,Rajya Sabha,90552,108007,False
228718,Brick Soaling and Construction of PCC road,Normal/Others,SURENDRA PRASAD YADAV,JAHANABAD,ARWAL(District Planning Officer Arwal_IDA),200000.0,296684.0,2025-08-24T00:00:00.000Z,2025-12-17T00:00:00.000Z,True,Bihar,Lok Sabha,228718,228720,False
228671,Handpump,Normal/Others,SURENDRA PRASAD YADAV,JAHANABAD,ARWAL(District Planning Officer Arwal_IDA),75000.0,74206.0,2025-08-24T00:00:00.000Z,2026-01-15T00:00:00.000Z,True,Bihar,Lok Sabha,228671,228663,False
228679,Handpump,Normal/Others,SURENDRA PRASAD YADAV,JAHANABAD,ARWAL(District Planning Officer Arwal_IDA),75000.0,74206.0,2025-08-24T00:00:00.000Z,2026-01-19T00:00:00.000Z,True,Bihar,Lok Sabha,228679,228664,False
228683,Handpump,Normal/Others,SURENDRA PRASAD YADAV,JAHANABAD,ARWAL(District Planning Officer Arwal_IDA),75000.0,74206.0,2025-08-24T00:00:00.000Z,2026-01-19T00:00:00.000Z,True,Bihar,Lok Sabha,228683,228665,False
228690,Handpump,Normal/Others,SURENDRA PRASAD YADAV,JAHANABAD,ARWAL(District Planning Officer Arwal_IDA),75000.0,74206.0,2025-08-24T00:00:00.000Z,2026-01-19T00:00:00.000Z,True,Bihar,Lok Sabha,228690,228666,False
228676,Handpump,Normal/Others,SURENDRA PRASAD YADAV,JAHANABAD,ARWAL(District Planning Officer Arwal_IDA),75000.0,74206.0,2025-08-24T00:00:00.000Z,2026-01-20T00:00:00.000Z,True,Bihar,Lok Sabha,228676,228669,False
228684,Handpump,Normal/Others,SURENDRA PRASAD YADAV,JAHANABAD,ARWAL(District Planning Officer Arwal_IDA),75000.0,74206.0,2025-08-24T00:00:00.000Z,2026-01-20T00:00:00.000Z,True,Bihar,Lok Sabha,228684,228670,False
228668,Handpump,Normal/Others,SURENDRA PRASAD YADAV,JAHANABAD,ARWAL(District Planning Officer Arwal_IDA),75000.0,73706.0,2025-08-24T00:00:00.000Z,2026-02-23T00:00:00.000Z,True,Bihar,Lok Sabha,228668,228673,False
228675,Handpump,Normal/Others,SURENDRA PRASAD YADAV,JAHANABAD,ARWAL(District Planning Officer Arwal_IDA),75000.0,73706.0,2025-08-24T00:00:00.000Z,2026-02-23T00:00:00.000Z,True,Bihar,Lok Sabha,228675,228677,False
228685,Handpump,Normal/Others,SURENDRA PRASAD YADAV,JAHANABAD,ARWAL(District Planning Officer Arwal_IDA),75000.0,73706.0,2025-08-24T00:00:00.000Z,2026-02-23T00:00:00.000Z,True,Bihar,Lok Sabha,228685,228678,False
228687,Handpump,Normal/Others,SURENDRA PRASAD YADAV,JAHANABAD,ARWAL(District Planning Officer Arwal_IDA),75000.0,73706.0,2025-08-24T00:00:00.000Z,2026-02-23T00:00:00.000Z,True,Bihar,Lok Sabha,228687,228682,False
228686,Handpump,Normal/Others,SURENDRA PRASAD YADAV,JAHANABAD,ARWAL(District Planning Officer Arwal_IDA),75000.0,73706.0,2025-08-24T00:00:00.000Z,2026-02-27T00:00:00.000Z,True,Bihar,Lok Sabha,228686,228689,False
228674,Handpump,Normal/Others,SURENDRA PRASAD YADAV,JAHANABAD,ARWAL(District Planning Officer Arwal_IDA),70000.0,74206.0,2025-08-24T00:00:00.000Z,2026-03-10T00:00:00.000Z,True,Bihar,Lok Sabha,228674,228738,False
228680,Handpump,Normal/Others,SURENDRA PRASAD YADAV,JAHANABAD,ARWAL(District Planning Officer Arwal_IDA),70000.0,74206.0,2025-08-24T00:00:00.000Z,2026-03-11T00:00:00.000Z,True,Bihar,Lok Sabha,228680,228739,False
228667,Handpump,Normal/Others,SURENDRA PRASAD YADAV,JAHANABAD,ARWAL(District Planning Officer Arwal_IDA),70000.0,74206.0,2025-08-24T00:00:00.000Z,2026-04-01T00:00:00.000Z,True,Bihar,Lok Sabha,228667,228740,False
238665,Installing of Hand Pumps,Normal/Others,SURENDRA PRASAD YADAV,JAHANABAD,ARWAL(District Planning Officer Arwal_IDA),75000.0,74883.0,2025-09-27T00:00:00.000Z,2026-01-10T00:00:00.000Z,True,Bihar,Lok Sabha,238665,238664,False
238666,Installing of Hand Pumps,Normal/Others,SURENDRA PRASAD YADAV,JAHANABAD,ARWAL(District Planning Officer Arwal_IDA),75000.0,74883.0,2025-09-27T00:00:00.000Z,2026-01-10T00:00:00.000Z,True,Bihar,Lok Sabha,238666,238680,False
238683,Installing of Hand Pumps,Normal/Others,SURENDRA PRASAD YADAV,JAHANABAD,ARWAL(District Planning Officer Arwal_IDA),75000.0,74883.0,2025-09-27T00:00:00.000Z,2026-01-20T00:00:00.000Z,True,Bihar,Lok Sabha,238683,238681,False
238676,Installing of Hand Pumps at locations mentioned in the attached letter,Normal/Others,SURENDRA PRASAD YADAV,JAHANABAD,ARWAL(District Planning Officer Arwal_IDA),75000.0,74883.0,2025-09-27T00:00:00.000Z,2026-01-10T00:00:00.000Z,True,Bihar,Lok Sabha,238676,238674,False
238673,Installing of Hand Pumps at locations mentioned in the attached letter,Normal/Others,SURENDRA PRASAD YADAV,JAHANABAD,ARWAL(District Planning Officer Arwal_IDA),75000.0,74883.0,2025-09-27T00:00:00.000Z,2026-01-11T00:00:00.000Z,True,Bihar,Lok Sabha,238673,238677,False
186775,Shri Krishnayan gaurakshashala sabal garh (Bhaguwala) Bijnor me Teen Shed nirman hetu.,Normal/Others,Swami Sachchidanandhari Sakshi ji Maharaj ,UNNAO,BIJNOR(DISTRICT MAGISTRATE BIJNOR_IDA),4997529.0,4997529.0,2025-03-26T00:00:00.000Z,2026-03-23T00:00:00.000Z,True,Uttar Pradesh,Lok Sabha,186775,1214,True
162108,Construction of Bathroom and Toilet at Mahila Madal Centre of Padla Village.,Normal/Others,Dr. Syed Naseer Hussain (2024-30),Sitting Rajya Sabha,KAITHAL(DC CUM NODAL OFFICERS MPLADS),400000.0,178008.0,2024-12-28T00:00:00.000Z,2025-12-29T00:00:00.000Z,False,Karnataka,Rajya Sabha,162108,1002,False
162103,Construction of Bathroom and Toilet at Rajput Patti Chaupal of Padla Village.,Normal/Others,Dr. Syed Naseer Hussain (2024-30),Sitting Rajya Sabha,KAITHAL(DC CUM NODAL OFFICERS MPLADS),200000.0,112075.0,2024-12-28T00:00:00.000Z,2025-12-29T00:00:00.000Z,False,Karnataka,Rajya Sabha,162103,1001,False
162099,Construction of Bathroom and Toilet at Ravidasia Chaupal.,Normal/Others,Dr. Syed Naseer Hussain (2024-30),Sitting Rajya Sabha,KAITHAL(DC CUM NODAL OFFICERS MPLADS),200000.0,142176.0,2024-12-28T00:00:00.000Z,2026-02-03T00:00:00.000Z,False,Karnataka,Rajya Sabha,162099,999,False
174862,cc road and nali,Normal/Others,TANUJ PUNIA,BARABANKI,Bara Banki(DISTRICT MAGISTRATE BARABANKI_IDA),479000.0,1848647.0,2025-02-10T00:00:00.000Z,2025-11-22T00:00:00.000Z,False,Uttar Pradesh,Lok Sabha,174862,174866,False
174855,road and nali,Normal/Others,TANUJ PUNIA,BARABANKI,Bara Banki(DISTRICT MAGISTRATE BARABANKI_IDA),2383000.0,448988.0,2025-02-10T00:00:00.000Z,2025-09-24T00:00:00.000Z,False,Uttar Pradesh,Lok Sabha,174855,174859,False
140993,C/o Foot track at Hippo Village in Lower Siang District,Normal/Others,Shri Tapir Gao,ARUNACHAL EAST,LOWER SIANG(Deputy Commisioner Lower Siang_IDA),800000.0,800000.0,2024-09-15T00:00:00.000Z,2025-03-17T00:00:00.000Z,True,Arunachal Pradesh,Lok Sabha,140993,834,True
226024,Construction of CC Step at Mane Village in Lower Siang District,Normal/Others,Shri Tapir Gao,ARUNACHAL EAST,LOWER SIANG(Deputy Commisioner Lower Siang_IDA),500000.0,500000.0,2025-08-09T00:00:00.000Z,2025-11-17T00:00:00.000Z,True,Arunachal Pradesh,Lok Sabha,226024,1506,True
226023,Flood control work at Siju stream Soi-Koro at Kakki Village in Lower Siang District,Normal/Others,Shri Tapir Gao,ARUNACHAL EAST,LOWER SIANG(Deputy Commisioner Lower Siang_IDA),1000000.0,1000000.0,2025-08-09T00:00:00.000Z,2025-11-17T00:00:00.000Z,True,Arunachal Pradesh,Lok Sabha,226023,1505,True
157308,Maintenance of Community Hall at Tabi Ripo in Lower Siang District,Repair and Renovation,Shri Tapir Gao,ARUNACHAL EAST,LOWER SIANG(Deputy Commisioner Lower Siang_IDA),1000000.0,1000000.0,2024-12-07T00:00:00.000Z,2025-03-17T00:00:00.000Z,True,Arunachal Pradesh,Lok Sabha,157308,931,True
219001,Purchase and installation of 16 meter high electric powered high mast LED lights,Normal/Others,TARIQ ANWAR,KATIHAR,KATIHAR(DISTRICT PLANNING OFFICER KATIHAR_IDA),970000.0,965000.0,2025-07-16T00:00:00.000Z,2026-01-09T00:00:00.000Z,True,Bihar,Lok Sabha,219001,219000,False
219002,Purchase and installation of 16 meter high electric powered high mast LED lights,Normal/Others,TARIQ ANWAR,KATIHAR,KATIHAR(DISTRICT PLANNING OFFICER KATIHAR_IDA),970000.0,965000.0,2025-07-16T00:00:00.000Z,2026-01-09T00:00:00.000Z,True,Bihar,Lok Sabha,219002,219135,False
219003,Purchase and installation of 16 meter high electric powered high mast LED lights,Normal/Others,TARIQ ANWAR,KATIHAR,KATIHAR(DISTRICT PLANNING OFFICER KATIHAR_IDA),970000.0,965000.0,2025-07-16T00:00:00.000Z,2026-01-09T00:00:00.000Z,True,Bihar,Lok Sabha,219003,219145,False
219131,Purchase and installation of 16 meter high electric powered high mast LED lights,Normal/Others,TARIQ ANWAR,KATIHAR,KATIHAR(DISTRICT PLANNING OFFICER KATIHAR_IDA),970000.0,965000.0,2025-07-16T00:00:00.000Z,2026-01-09T00:00:00.000Z,True,Bihar,Lok Sabha,219131,219160,False
219132,Purchase and installation of 16 meter high electric powered high mast LED lights,Normal/Others,TARIQ ANWAR,KATIHAR,KATIHAR(DISTRICT PLANNING OFFICER KATIHAR_IDA),970000.0,965000.0,2025-07-16T00:00:00.000Z,2026-01-09T00:00:00.000Z,True,Bihar,Lok Sabha,219132,219165,False
219156,Purchase and installation of 16 meter high electric powered high mast LED lights,Normal/Others,TARIQ ANWAR,KATIHAR,KATIHAR(DISTRICT PLANNING OFFICER KATIHAR_IDA),970000.0,965000.0,2025-10-02T00:00:00.000Z,2026-01-09T00:00:00.000Z,True,Bihar,Lok Sabha,219156,239438,False
219157,Purchase and installation of 16 meter high electric powered high mast LED lights,Normal/Others,TARIQ ANWAR,KATIHAR,KATIHAR(DISTRICT PLANNING OFFICER KATIHAR_IDA),970000.0,965000.0,2025-10-02T00:00:00.000Z,2026-01-09T00:00:00.000Z,True,Bihar,Lok Sabha,219157,239440,False
219158,Purchase and installation of 16 meter high electric powered high mast LED lights,Normal/Others,TARIQ ANWAR,KATIHAR,KATIHAR(DISTRICT PLANNING OFFICER KATIHAR_IDA),970000.0,965000.0,2025-10-02T00:00:00.000Z,2026-01-09T00:00:00.000Z,True,Bihar,Lok Sabha,219158,239441,False
219159,Purchase and installation of 16 meter high electric powered high mast LED lights,Normal/Others,TARIQ ANWAR,KATIHAR,KATIHAR(DISTRICT PLANNING OFFICER KATIHAR_IDA),970000.0,965000.0,2025-10-02T00:00:00.000Z,2026-01-09T00:00:00.000Z,True,Bihar,Lok Sabha,219159,239442,False
219161,Purchase and installation of 16 meter high electric powered high mast LED lights,Normal/Others,TARIQ ANWAR,KATIHAR,KATIHAR(DISTRICT PLANNING OFFICER KATIHAR_IDA),970000.0,965000.0,2025-10-02T00:00:00.000Z,2026-01-09T00:00:00.000Z,True,Bihar,Lok Sabha,219161,239447,False
219162,Purchase and installation of 16 meter high electric powered high mast LED lights,Normal/Others,TARIQ ANWAR,KATIHAR,KATIHAR(DISTRICT PLANNING OFFICER KATIHAR_IDA),970000.0,965000.0,2025-10-02T00:00:00.000Z,2026-01-09T00:00:00.000Z,True,Bihar,Lok Sabha,219162,239448,False
219142,Purchase and installation of 16 meter high electric powered high mast LED lights,Normal/Others,TARIQ ANWAR,KATIHAR,KATIHAR(DISTRICT PLANNING OFFICER KATIHAR_IDA),970000.0,965000.0,2025-10-02T00:00:00.000Z,2026-02-02T00:00:00.000Z,True,Bihar,Lok Sabha,219142,239452,False
219143,Purchase and installation of 16 meter high electric powered high mast LED lights,Normal/Others,TARIQ ANWAR,KATIHAR,KATIHAR(DISTRICT PLANNING OFFICER KATIHAR_IDA),970000.0,965000.0,2025-10-02T00:00:00.000Z,2026-02-02T00:00:00.000Z,True,Bihar,Lok Sabha,219143,239453,False
219144,Purchase and installation of 16 meter high electric powered high mast LED lights,Normal/Others,TARIQ ANWAR,KATIHAR,KATIHAR(DISTRICT PLANNING OFFICER KATIHAR_IDA),970000.0,965000.0,2025-10-02T00:00:00.000Z,2026-02-02T00:00:00.000Z,True,Bihar,Lok Sabha,219144,239457,False
219148,Purchase and installation of 16 meter high electric powered high mast LED lights,Normal/Others,TARIQ ANWAR,KATIHAR,KATIHAR(DISTRICT PLANNING OFFICER KATIHAR_IDA),970000.0,965000.0,2025-10-02T00:00:00.000Z,2026-02-02T00:00:00.000Z,True,Bihar,Lok Sabha,219148,239458,False
219150,Purchase and installation of 16 meter high electric powered high mast LED lights,Normal/Others,TARIQ ANWAR,KATIHAR,KATIHAR(DISTRICT PLANNING OFFICER KATIHAR_IDA),970000.0,965000.0,2025-10-02T00:00:00.000Z,2026-02-02T00:00:00.000Z,True,Bihar,Lok Sabha,219150,239462,False
219153,Purchase and installation of 16 meter high electric powered high mast LED lights,Normal/Others,TARIQ ANWAR,KATIHAR,KATIHAR(DISTRICT PLANNING OFFICER KATIHAR_IDA),970000.0,965000.0,2025-10-02T00:00:00.000Z,2026-02-02T00:00:00.000Z,True,Bihar,Lok Sabha,219153,239463,False
219154,Purchase and installation of 16 meter high electric powered high mast LED lights,Normal/Others,TARIQ ANWAR,KATIHAR,KATIHAR(DISTRICT PLANNING OFFICER KATIHAR_IDA),970000.0,965000.0,2025-10-02T00:00:00.000Z,2026-02-02T00:00:00.000Z,True,Bihar,Lok Sabha,219154,239464,False
219155,Purchase and installation of 16 meter high electric powered high mast LED lights,Normal/Others,TARIQ ANWAR,KATIHAR,KATIHAR(DISTRICT PLANNING OFFICER KATIHAR_IDA),970000.0,965000.0,2025-10-02T00:00:00.000Z,2026-02-02T00:00:00.000Z,True,Bihar,Lok Sabha,219155,239467,False
219133,Purchase and installation of 16 meter high electric powered high mast LED lights,Normal/Others,TARIQ ANWAR,KATIHAR,KATIHAR(DISTRICT PLANNING OFFICER KATIHAR_IDA),970000.0,965000.0,2025-10-02T00:00:00.000Z,2026-05-09T00:00:00.000Z,True,Bihar,Lok Sabha,219133,239468,False
219136,Purchase and installation of 16 meter high electric powered high mast LED lights,Normal/Others,TARIQ ANWAR,KATIHAR,KATIHAR(DISTRICT PLANNING OFFICER KATIHAR_IDA),970000.0,965000.0,2025-10-02T00:00:00.000Z,2026-05-09T00:00:00.000Z,True,Bihar,Lok Sabha,219136,239469,False
151520,Construction of an Anganwadi Building.,Normal/Others,Thalikkottai Rajuthevar Baalu,SRIPERUMBUDUR,Kancheepuram(DISTRICT COLLECTOR KANCHEEPURAM_IDA),1725000.0,1549631.0,2025-11-26T00:00:00.000Z,2025-09-02T00:00:00.000Z,True,Tamil Nadu,Lok Sabha,151520,246207,False
182602,Providing 1 Nos Mini Highmast Light.,Normal/Others,Thalikkottai Rajuthevar Baalu,SRIPERUMBUDUR,CHENGALPATTU(District Collector Chengalpattu_IDA),400000.0,398840.0,2025-11-05T00:00:00.000Z,2025-11-13T00:00:00.000Z,True,Tamil Nadu,Lok Sabha,182602,241457,False
182603,Providing 1 Nos Mini Highmast Light.,Normal/Others,Thalikkottai Rajuthevar Baalu,SRIPERUMBUDUR,CHENGALPATTU(District Collector Chengalpattu_IDA),400000.0,398840.0,2025-11-05T00:00:00.000Z,2025-11-13T00:00:00.000Z,True,Tamil Nadu,Lok Sabha,182603,241458,False
182604,Providing 1 Nos Mini Highmast Light.,Normal/Others,Thalikkottai Rajuthevar Baalu,SRIPERUMBUDUR,CHENGALPATTU(District Collector Chengalpattu_IDA),400000.0,398840.0,2025-11-05T00:00:00.000Z,2025-11-13T00:00:00.000Z,True,Tamil Nadu,Lok Sabha,182604,241459,False
182605,Providing 1 Nos Mini Highmast Light.,Normal/Others,Thalikkottai Rajuthevar Baalu,SRIPERUMBUDUR,CHENGALPATTU(District Collector Chengalpattu_IDA),400000.0,398840.0,2025-11-05T00:00:00.000Z,2025-11-13T00:00:00.000Z,True,Tamil Nadu,Lok Sabha,182605,241460,False
182606,Providing 1 Nos Mini Highmast Light.,Normal/Others,Thalikkottai Rajuthevar Baalu,SRIPERUMBUDUR,CHENGALPATTU(District Collector Chengalpattu_IDA),400000.0,398840.0,2025-11-05T00:00:00.000Z,2025-11-13T00:00:00.000Z,True,Tamil Nadu,Lok Sabha,182606,241461,False
182607,Providing 1 Nos Mini Highmast Light.,Normal/Others,Thalikkottai Rajuthevar Baalu,SRIPERUMBUDUR,CHENGALPATTU(District Collector Chengalpattu_IDA),400000.0,398840.0,2025-11-05T00:00:00.000Z,2025-11-13T00:00:00.000Z,True,Tamil Nadu,Lok Sabha,182607,241462,False
182608,Providing 1 Nos Mini Highmast Light.,Normal/Others,Thalikkottai Rajuthevar Baalu,SRIPERUMBUDUR,CHENGALPATTU(District Collector Chengalpattu_IDA),400000.0,398840.0,2025-11-05T00:00:00.000Z,2025-11-13T00:00:00.000Z,False,Tamil Nadu,Lok Sabha,182608,241463,False
182599,Providing 1 Nos Mini Highmast Light.,Normal/Others,Thalikkottai Rajuthevar Baalu,SRIPERUMBUDUR,CHENGALPATTU(District Collector Chengalpattu_IDA),400000.0,527532.0,2025-11-05T00:00:00.000Z,2026-02-10T00:00:00.000Z,True,Tamil Nadu,Lok Sabha,182599,241464,False
182600,Providing 1 Nos Mini Highmast Light.,Normal/Others,Thalikkottai Rajuthevar Baalu,SRIPERUMBUDUR,CHENGALPATTU(District Collector Chengalpattu_IDA),400000.0,411600.0,2025-11-05T00:00:00.000Z,2026-02-10T00:00:00.000Z,True,Tamil Nadu,Lok Sabha,182600,241465,False
182601,Providing 1 Nos Mini Highmast Light.,Normal/Others,Thalikkottai Rajuthevar Baalu,SRIPERUMBUDUR,CHENGALPATTU(District Collector Chengalpattu_IDA),400000.0,518062.0,2025-11-05T00:00:00.000Z,2026-08-21T00:00:00.000Z,True,Tamil Nadu,Lok Sabha,182601,241466,False
163648,Construction of new Bus shed,Normal/Others,THANGA TAMILSELVAN,THENI,MADURAI(DISTRICT COLLECTOR MADURAI_IDA),1000000.0,998525.0,2025-01-05T00:00:00.000Z,2025-10-27T00:00:00.000Z,True,Tamil Nadu,Lok Sabha,163648,163647,False
161845,Construction of new bus shed,Normal/Others,THANGA TAMILSELVAN,THENI,MADURAI(DISTRICT COLLECTOR MADURAI_IDA),800000.0,999390.0,2025-06-21T00:00:00.000Z,2026-01-21T00:00:00.000Z,True,Tamil Nadu,Lok Sabha,161845,210970,False
161794,Construction of new Bus Shed,Normal/Others,THANGA TAMILSELVAN,THENI,MADURAI(DISTRICT COLLECTOR MADURAI_IDA),800000.0,1000000.0,2025-06-21T00:00:00.000Z,2026-05-04T00:00:00.000Z,False,Tamil Nadu,Lok Sabha,161794,210971,False
210957,Construction of new Community hall in Perungamanallur Village,Normal/Others,THANGA TAMILSELVAN,THENI,MADURAI(DISTRICT COLLECTOR MADURAI_IDA),1200000.0,398746.0,2025-06-21T00:00:00.000Z,2026-04-10T00:00:00.000Z,True,Tamil Nadu,Lok Sabha,210957,210956,False
169907,Setting up new High Voltage lamp post,Normal/Others,THANGA TAMILSELVAN,THENI,THENI(District Collector Theni_5),350000.0,345925.0,2025-01-29T00:00:00.000Z,2026-02-02T00:00:00.000Z,True,Tamil Nadu,Lok Sabha,169907,169908,False
171252,Setting up new high voltage light lamp post,Normal/Others,THANGA TAMILSELVAN,THENI,THENI(District Collector Theni_5),350000.0,348550.0,2025-02-01T00:00:00.000Z,2026-03-16T00:00:00.000Z,True,Tamil Nadu,Lok Sabha,171252,171254,False
191344,AS PER ATTECHMENT,Normal/Others,UMMEDA RAM BENIWAL,BARMER,BARMER(DISTRICT COLLECTOR BARMER_IDA),450000.0,450000.0,2025-05-12T00:00:00.000Z,2025-11-11T00:00:00.000Z,True,Rajasthan,Lok Sabha,191344,191340,False
201201,As Per Attechment,Normal/Others,UMMEDA RAM BENIWAL,BARMER,Balotra(DISTRICT COLLECTOR Balotra_IDA),300000.0,450000.0,2025-05-12T00:00:00.000Z,2025-11-12T00:00:00.000Z,False,Rajasthan,Lok Sabha,201201,198875,False
191342,AS PER ATTECHMENT,Normal/Others,UMMEDA RAM BENIWAL,BARMER,BARMER(DISTRICT COLLECTOR BARMER_IDA),2000000.0,450000.0,2025-06-07T00:00:00.000Z,2025-11-17T00:00:00.000Z,True,Rajasthan,Lok Sabha,191342,201200,False
191343,AS PER ATTECHMENT,Normal/Others,UMMEDA RAM BENIWAL,BARMER,BARMER(DISTRICT COLLECTOR BARMER_IDA),450000.0,450000.0,2025-06-07T00:00:00.000Z,2025-11-21T00:00:00.000Z,True,Rajasthan,Lok Sabha,191343,204801,False
209821,As per Attechment,Normal/Others,UMMEDA RAM BENIWAL,BARMER,BARMER(DISTRICT COLLECTOR BARMER_IDA),450000.0,598429.0,2025-06-07T00:00:00.000Z,2025-11-24T00:00:00.000Z,True,Rajasthan,Lok Sabha,209821,204864,False
192383,AS PER ATTECHMENT,Normal/Others,UMMEDA RAM BENIWAL,BARMER,Balotra(DISTRICT COLLECTOR Balotra_IDA),450000.0,600000.0,2025-06-07T00:00:00.000Z,2025-11-27T00:00:00.000Z,True,Rajasthan,Lok Sabha,192383,206636,False
191350,AS PER ATTECHMENT,Normal/Others,UMMEDA RAM BENIWAL,BARMER,BARMER(DISTRICT COLLECTOR BARMER_IDA),420000.0,450000.0,2025-07-30T00:00:00.000Z,2026-01-09T00:00:00.000Z,True,Rajasthan,Lok Sabha,191350,209813,False
192380,AS PER ATTECHMENT,Normal/Others,UMMEDA RAM BENIWAL,BARMER,BARMER(DISTRICT COLLECTOR BARMER_IDA),600000.0,450000.0,2025-07-30T00:00:00.000Z,2026-01-09T00:00:00.000Z,True,Rajasthan,Lok Sabha,192380,209815,False
204804,As per Attechment,Normal/Others,UMMEDA RAM BENIWAL,BARMER,Balotra(DISTRICT COLLECTOR Balotra_IDA),500000.0,450000.0,2025-07-30T00:00:00.000Z,2026-02-03T00:00:00.000Z,False,Rajasthan,Lok Sabha,204804,209823,False
227180,As Per Attechment,Normal/Others,UMMEDA RAM BENIWAL,BARMER,Balotra(DISTRICT COLLECTOR Balotra_IDA),700000.0,999775.0,2025-10-17T00:00:00.000Z,2026-02-03T00:00:00.000Z,True,Rajasthan,Lok Sabha,227180,225222,False
239549,As Per Attechment,Normal/Others,UMMEDA RAM BENIWAL,BARMER,BARMER(DISTRICT COLLECTOR BARMER_IDA),500000.0,599896.0,2025-10-17T00:00:00.000Z,2026-02-03T00:00:00.000Z,True,Rajasthan,Lok Sabha,239549,228476,False
191330,AS PER ATTECHMENT,Normal/Others,UMMEDA RAM BENIWAL,BARMER,BARMER(DISTRICT COLLECTOR BARMER_IDA),2000000.0,440400.0,2025-10-17T00:00:00.000Z,2026-02-19T00:00:00.000Z,True,Rajasthan,Lok Sabha,191330,229989,False
191332,AS PER ATTECHMENT,Normal/Others,UMMEDA RAM BENIWAL,BARMER,BARMER(DISTRICT COLLECTOR BARMER_IDA),300000.0,440400.0,2025-10-17T00:00:00.000Z,2026-02-19T00:00:00.000Z,True,Rajasthan,Lok Sabha,191332,230807,False
201203,As Per Attechment,Normal/Others,UMMEDA RAM BENIWAL,BARMER,BARMER(DISTRICT COLLECTOR BARMER_IDA),421000.0,440400.0,2025-10-17T00:00:00.000Z,2026-02-19T00:00:00.000Z,True,Rajasthan,Lok Sabha,201203,230808,False
233812,As Per Attechment,Normal/Others,UMMEDA RAM BENIWAL,BARMER,Balotra(DISTRICT COLLECTOR Balotra_IDA),800000.0,750000.0,2025-10-17T00:00:00.000Z,2026-03-13T00:00:00.000Z,True,Rajasthan,Lok Sabha,233812,230962,False
198874,As Per Attechment,Normal/Others,UMMEDA RAM BENIWAL,BARMER,BARMER(DISTRICT COLLECTOR BARMER_IDA),1200000.0,300000.0,2025-10-17T00:00:00.000Z,2026-03-25T00:00:00.000Z,True,Rajasthan,Lok Sabha,198874,230967,True
225226,As Per Attechment,Normal/Others,UMMEDA RAM BENIWAL,BARMER,JAISALMER(DISTRICT COLLECTOR JAISLAMER_IDA),450000.0,999869.0,2025-10-17T00:00:00.000Z,2026-03-25T00:00:00.000Z,False,Rajasthan,Lok Sabha,225226,230970,False
233817,As Per Attechment,Normal/Others,UMMEDA RAM BENIWAL,BARMER,Balotra(DISTRICT COLLECTOR Balotra_IDA),600000.0,600000.0,2025-10-17T00:00:00.000Z,2026-04-06T00:00:00.000Z,True,Rajasthan,Lok Sabha,233817,230973,False
225223,As Per Attechment,Normal/Others,UMMEDA RAM BENIWAL,BARMER,Balotra(DISTRICT COLLECTOR Balotra_IDA),600000.0,599064.0,2025-10-17T00:00:00.000Z,2026-04-08T00:00:00.000Z,True,Rajasthan,Lok Sabha,225223,230975,False
191331,AS PER ATTECHMENT,Normal/Others,UMMEDA RAM BENIWAL,BARMER,BARMER(DISTRICT COLLECTOR BARMER_IDA),500000.0,432600.0,2025-10-17T00:00:00.000Z,2026-04-09T00:00:00.000Z,True,Rajasthan,Lok Sabha,191331,231433,False
239397,As Per Attechment,Normal/Others,UMMEDA RAM BENIWAL,BARMER,BARMER(DISTRICT COLLECTOR BARMER_IDA),1200000.0,891000.0,2025-10-17T00:00:00.000Z,2026-04-24T00:00:00.000Z,True,Rajasthan,Lok Sabha,239397,232322,False
239400,As Per Attechment,Normal/Others,UMMEDA RAM BENIWAL,BARMER,BARMER(DISTRICT COLLECTOR BARMER_IDA),1000000.0,596458.0,2025-10-17T00:00:00.000Z,2026-04-27T00:00:00.000Z,True,Rajasthan,Lok Sabha,239400,233250,False
227184,As Per Attechment,Normal/Others,UMMEDA RAM BENIWAL,BARMER,Balotra(DISTRICT COLLECTOR Balotra_IDA),450000.0,900000.0,2025-10-17T00:00:00.000Z,2026-05-05T00:00:00.000Z,True,Rajasthan,Lok Sabha,227184,233814,False
230976,As Per Attechment,Normal/Others,UMMEDA RAM BENIWAL,BARMER,Balotra(DISTRICT COLLECTOR Balotra_IDA),600000.0,592000.0,2025-10-17T00:00:00.000Z,2026-05-08T00:00:00.000Z,True,Rajasthan,Lok Sabha,230976,233815,False
233813,As Per Attechment,Normal/Others,UMMEDA RAM BENIWAL,BARMER,Balotra(DISTRICT COLLECTOR Balotra_IDA),450000.0,444000.0,2025-10-17T00:00:00.000Z,2026-05-08T00:00:00.000Z,True,Rajasthan,Lok Sabha,233813,233816,False
225228,As Per Attechment,Normal/Others,UMMEDA RAM BENIWAL,BARMER,JAISALMER(DISTRICT COLLECTOR JAISLAMER_IDA),900000.0,677565.0,2025-10-17T00:00:00.000Z,2026-08-13T00:00:00.000Z,True,Rajasthan,Lok Sabha,225228,233818,False
230968,As Per Attechment,Normal/Others,UMMEDA RAM BENIWAL,BARMER,BARMER(DISTRICT COLLECTOR BARMER_IDA),800000.0,738785.0,2025-10-17T00:00:00.000Z,2026-08-13T00:00:00.000Z,True,Rajasthan,Lok Sabha,230968,233819,False
211758,Erection of High Mast with Led Flood lights,Normal/Others,Shri V. Vijayendra Prasad (2022-28),Nominated Rajya Sabha,MAHABUBNAGAR(DISTRICT COLLECTOR MAHABUBNAGAR_3),250000.0,249883.0,2025-06-20T00:00:00.000Z,2026-01-02T00:00:00.000Z,False,Andhra Pradesh,Rajya Sabha,211758,210690,False
242710,Procurement of a Dedicated Cancer Screening and Palliative Care Vehicle,Normal/Others,Shri V. Vijayendra Prasad (2022-28),Nominated Rajya Sabha,"EAST KHASI HILLS(Deputy Commissioner, East Khasi Hills District)",2500000.0,2500000.0,2025-10-17T00:00:00.000Z,2026-03-11T00:00:00.000Z,False,Andhra Pradesh,Rajya Sabha,242710,1711,False
225215,BHAWAN NIRMAN,Normal/Others,Vijay Baghel,DURG,BEMETARA(Collector Bemetara_IDA),500000.0,400000.0,2025-07-08T00:00:00.000Z,2026-04-17T00:00:00.000Z,True,Chhattisgarh,Lok Sabha,225215,215554,False
161397,CC ROAD NIRMAN,Normal/Others,Vijay Baghel,DURG,BEMETARA(Collector Bemetara_IDA),500000.0,499496.0,2024-12-24T00:00:00.000Z,2025-08-08T00:00:00.000Z,True,Chhattisgarh,Lok Sabha,161397,161396,False
161390,CC ROAD NIRMAN,Normal/Others,Vijay Baghel,DURG,BEMETARA(Collector Bemetara_IDA),520000.0,492899.0,2024-12-24T00:00:00.000Z,2025-08-13T00:00:00.000Z,True,Chhattisgarh,Lok Sabha,161390,161399,False
161393,CC ROAD NIRMAN,Normal/Others,Vijay Baghel,DURG,BEMETARA(Collector Bemetara_IDA),500000.0,500000.0,2024-12-24T00:00:00.000Z,2025-08-13T00:00:00.000Z,True,Chhattisgarh,Lok Sabha,161393,161401,False
161392,CC ROAD NIRMAN,Normal/Others,Vijay Baghel,DURG,BEMETARA(Collector Bemetara_IDA),520000.0,500000.0,2025-06-26T00:00:00.000Z,2025-09-11T00:00:00.000Z,True,Chhattisgarh,Lok Sabha,161392,212716,False
161395,CC ROAD NIRMAN,Normal/Others,Vijay Baghel,DURG,BEMETARA(Collector Bemetara_IDA),500000.0,500000.0,2025-07-08T00:00:00.000Z,2025-09-11T00:00:00.000Z,True,Chhattisgarh,Lok Sabha,161395,215565,False
210325,CC ROAD NIRMAN,Normal/Others,Vijay Baghel,DURG,DURG(DISTRICT COLLECTOR DURG_IDA),350000.0,1000000.0,2025-07-08T00:00:00.000Z,2025-10-13T00:00:00.000Z,True,Chhattisgarh,Lok Sabha,210325,215566,False
161391,CC ROAD NIRMAN,Normal/Others,Vijay Baghel,DURG,BEMETARA(Collector Bemetara_IDA),1000000.0,998442.0,2025-07-08T00:00:00.000Z,2025-11-14T00:00:00.000Z,True,Chhattisgarh,Lok Sabha,161391,215811,False
161394,CC ROAD NIRMAN,Normal/Others,Vijay Baghel,DURG,BEMETARA(Collector Bemetara_IDA),540000.0,1000000.0,2025-07-08T00:00:00.000Z,2025-11-18T00:00:00.000Z,True,Chhattisgarh,Lok Sabha,161394,215817,False
183913,CC Road Nirman,Normal/Others,Vijay Baghel,DURG,DURG(DISTRICT COLLECTOR DURG_IDA),540000.0,1000000.0,2025-07-15T00:00:00.000Z,2026-01-29T00:00:00.000Z,True,Chhattisgarh,Lok Sabha,183913,217894,False
183914,CC Road nirman,Normal/Others,Vijay Baghel,DURG,DURG(DISTRICT COLLECTOR DURG_IDA),600000.0,1200000.0,2025-07-15T00:00:00.000Z,2026-01-29T00:00:00.000Z,True,Chhattisgarh,Lok Sabha,183914,218345,False
215562,CC ROAD NIRMAN,Normal/Others,Vijay Baghel,DURG,DURG(DISTRICT COLLECTOR DURG_IDA),730000.0,700000.0,2025-11-11T00:00:00.000Z,2026-01-29T00:00:00.000Z,True,Chhattisgarh,Lok Sabha,215562,247416,False
215553,CC ROAD NIRMAN,Normal/Others,Vijay Baghel,DURG,DURG(DISTRICT COLLECTOR DURG_IDA),540000.0,1000000.0,2025-11-11T00:00:00.000Z,2026-02-12T00:00:00.000Z,True,Chhattisgarh,Lok Sabha,215553,247417,False
209236,CC Road Nirman,Normal/Others,Vijay Baghel,DURG,BEMETARA(Collector Bemetara_IDA),540000.0,500000.0,2025-11-11T00:00:00.000Z,2026-04-11T00:00:00.000Z,True,Chhattisgarh,Lok Sabha,209236,247418,False
217893,CC ROAD NIRMAN,Normal/Others,Vijay Baghel,DURG,BEMETARA(Collector Bemetara_IDA),540000.0,539875.0,2025-11-11T00:00:00.000Z,2026-05-04T00:00:00.000Z,True,Chhattisgarh,Lok Sabha,217893,247419,False
215567,CC ROAD NIRMAN,Normal/Others,Vijay Baghel,DURG,DURG(DISTRICT COLLECTOR DURG_IDA),730000.0,249918.0,2025-11-11T00:00:00.000Z,2026-05-14T00:00:00.000Z,True,Chhattisgarh,Lok Sabha,215567,247420,False
215568,CC ROAD NIRMAN,Normal/Others,Vijay Baghel,DURG,DURG(DISTRICT COLLECTOR DURG_IDA),700000.0,250000.0,2026-01-15T00:00:00.000Z,2026-05-14T00:00:00.000Z,True,Chhattisgarh,Lok Sabha,215568,259271,False
215814,DHOME SHEDH NIRMAN,Normal/Others,Vijay Baghel,DURG,DURG(DISTRICT COLLECTOR DURG_IDA),1000000.0,798546.0,2025-07-08T00:00:00.000Z,2026-01-14T00:00:00.000Z,True,Chhattisgarh,Lok Sabha,215814,215812,False
215555,KICHAN SHEDH NIRMAN,Normal/Others,Vijay Baghel,DURG,DURG(DISTRICT COLLECTOR DURG_IDA),300000.0,300000.0,2025-07-08T00:00:00.000Z,2026-02-12T00:00:00.000Z,True,Chhattisgarh,Lok Sabha,215555,215558,False
217890,SHED NIRMAN,Normal/Others,Vijay Baghel,DURG,DURG(DISTRICT COLLECTOR DURG_IDA),700000.0,299892.0,2026-07-28T00:00:00.000Z,2026-01-19T00:00:00.000Z,True,Chhattisgarh,Lok Sabha,217890,295304,False
151616,High Mask Light,Normal/Others,VIJAYLAKSHMI DEVI,SIWAN,SIWAN(DISTRICT PLANNING OFFICER SIWAN_IDA),1000000.0,958500.0,2025-07-16T00:00:00.000Z,2025-07-07T00:00:00.000Z,True,Bihar,Lok Sabha,151616,219103,False
151617,High Mask Light,Normal/Others,VIJAYLAKSHMI DEVI,SIWAN,SIWAN(DISTRICT PLANNING OFFICER SIWAN_IDA),962500.0,958500.0,2026-05-23T00:00:00.000Z,2025-07-07T00:00:00.000Z,True,Bihar,Lok Sabha,151617,283350,False
151618,High Mask Light,Normal/Others,VIJAYLAKSHMI DEVI,SIWAN,SIWAN(DISTRICT PLANNING OFFICER SIWAN_IDA),962500.0,958500.0,2026-05-23T00:00:00.000Z,2025-07-07T00:00:00.000Z,True,Bihar,Lok Sabha,151618,283351,False
151619,High Mask Light,Normal/Others,VIJAYLAKSHMI DEVI,SIWAN,SIWAN(DISTRICT PLANNING OFFICER SIWAN_IDA),962500.0,958500.0,2026-05-23T00:00:00.000Z,2025-07-07T00:00:00.000Z,True,Bihar,Lok Sabha,151619,283352,False
151620,High Mask Light,Normal/Others,VIJAYLAKSHMI DEVI,SIWAN,SIWAN(DISTRICT PLANNING OFFICER SIWAN_IDA),962500.0,958500.0,2026-05-23T00:00:00.000Z,2025-07-07T00:00:00.000Z,True,Bihar,Lok Sabha,151620,283353,False
151621,High Mask Light,Normal/Others,VIJAYLAKSHMI DEVI,SIWAN,SIWAN(DISTRICT PLANNING OFFICER SIWAN_IDA),962500.0,958500.0,2026-05-23T00:00:00.000Z,2025-07-08T00:00:00.000Z,True,Bihar,Lok Sabha,151621,283354,False
151622,High Mask Light,Normal/Others,VIJAYLAKSHMI DEVI,SIWAN,SIWAN(DISTRICT PLANNING OFFICER SIWAN_IDA),962500.0,958500.0,2026-05-23T00:00:00.000Z,2025-07-08T00:00:00.000Z,True,Bihar,Lok Sabha,151622,283355,False
151623,High Mask Light,Normal/Others,VIJAYLAKSHMI DEVI,SIWAN,SIWAN(DISTRICT PLANNING OFFICER SIWAN_IDA),962500.0,958500.0,2026-05-23T00:00:00.000Z,2025-07-08T00:00:00.000Z,True,Bihar,Lok Sabha,151623,283356,False
151624,High Mask Light,Normal/Others,VIJAYLAKSHMI DEVI,SIWAN,SIWAN(DISTRICT PLANNING OFFICER SIWAN_IDA),962500.0,958500.0,2026-05-23T00:00:00.000Z,2025-07-08T00:00:00.000Z,True,Bihar,Lok Sabha,151624,283357,False
151625,High Mask Light,Normal/Others,VIJAYLAKSHMI DEVI,SIWAN,SIWAN(DISTRICT PLANNING OFFICER SIWAN_IDA),962500.0,958500.0,2026-05-23T00:00:00.000Z,2025-07-08T00:00:00.000Z,True,Bihar,Lok Sabha,151625,283358,False
151626,High Mask Light,Normal/Others,VIJAYLAKSHMI DEVI,SIWAN,SIWAN(DISTRICT PLANNING OFFICER SIWAN_IDA),962500.0,958500.0,2026-05-23T00:00:00.000Z,2025-08-02T00:00:00.000Z,True,Bihar,Lok Sabha,151626,283359,False
158871,High Mask Light,Normal/Others,VIJAYLAKSHMI DEVI,SIWAN,SIWAN(DISTRICT PLANNING OFFICER SIWAN_IDA),962500.0,958500.0,2026-05-23T00:00:00.000Z,2025-08-02T00:00:00.000Z,True,Bihar,Lok Sabha,158871,283360,False
158877,High Mask Light,Normal/Others,VIJAYLAKSHMI DEVI,SIWAN,SIWAN(DISTRICT PLANNING OFFICER SIWAN_IDA),962500.0,958500.0,2026-05-23T00:00:00.000Z,2025-08-02T00:00:00.000Z,True,Bihar,Lok Sabha,158877,283361,False
151628,High Mask Light,Normal/Others,VIJAYLAKSHMI DEVI,SIWAN,SIWAN(DISTRICT PLANNING OFFICER SIWAN_IDA),962500.0,958500.0,2026-05-23T00:00:00.000Z,2025-08-04T00:00:00.000Z,True,Bihar,Lok Sabha,151628,283362,False
151629,High Mask Light,Normal/Others,VIJAYLAKSHMI DEVI,SIWAN,SIWAN(DISTRICT PLANNING OFFICER SIWAN_IDA),962500.0,958500.0,2026-05-23T00:00:00.000Z,2025-08-04T00:00:00.000Z,True,Bihar,Lok Sabha,151629,283363,False
151630,High Mask Light,Normal/Others,VIJAYLAKSHMI DEVI,SIWAN,SIWAN(DISTRICT PLANNING OFFICER SIWAN_IDA),962500.0,958500.0,2026-05-23T00:00:00.000Z,2025-08-04T00:00:00.000Z,True,Bihar,Lok Sabha,151630,283364,False
151631,High Mask Light,Normal/Others,VIJAYLAKSHMI DEVI,SIWAN,SIWAN(DISTRICT PLANNING OFFICER SIWAN_IDA),962500.0,958500.0,2026-05-23T00:00:00.000Z,2025-08-04T00:00:00.000Z,True,Bihar,Lok Sabha,151631,283365,False
151627,High Mask Light,Normal/Others,VIJAYLAKSHMI DEVI,SIWAN,SIWAN(DISTRICT PLANNING OFFICER SIWAN_IDA),962500.0,958500.0,2026-05-23T00:00:00.000Z,2025-08-06T00:00:00.000Z,True,Bihar,Lok Sabha,151627,283366,False
158835,High Mask Light,Normal/Others,VIJAYLAKSHMI DEVI,SIWAN,SIWAN(DISTRICT PLANNING OFFICER SIWAN_IDA),962500.0,958500.0,2026-05-23T00:00:00.000Z,2025-08-06T00:00:00.000Z,True,Bihar,Lok Sabha,158835,283367,False
158849,High Mask Light,Normal/Others,VIJAYLAKSHMI DEVI,SIWAN,SIWAN(DISTRICT PLANNING OFFICER SIWAN_IDA),962500.0,958500.0,2026-05-23T00:00:00.000Z,2025-08-06T00:00:00.000Z,True,Bihar,Lok Sabha,158849,283368,False
158850,High Mask Light,Normal/Others,VIJAYLAKSHMI DEVI,SIWAN,SIWAN(DISTRICT PLANNING OFFICER SIWAN_IDA),962500.0,958500.0,2026-05-23T00:00:00.000Z,2025-08-06T00:00:00.000Z,True,Bihar,Lok Sabha,158850,283369,False
158851,High Mask Light,Normal/Others,VIJAYLAKSHMI DEVI,SIWAN,SIWAN(DISTRICT PLANNING OFFICER SIWAN_IDA),962500.0,958500.0,2026-05-23T00:00:00.000Z,2025-08-06T00:00:00.000Z,True,Bihar,Lok Sabha,158851,283370,False
158852,High Mask Light,Normal/Others,VIJAYLAKSHMI DEVI,SIWAN,SIWAN(DISTRICT PLANNING OFFICER SIWAN_IDA),962500.0,958500.0,2026-05-23T00:00:00.000Z,2025-08-06T00:00:00.000Z,True,Bihar,Lok Sabha,158852,283371,False
158855,High Mask Light,Normal/Others,VIJAYLAKSHMI DEVI,SIWAN,SIWAN(DISTRICT PLANNING OFFICER SIWAN_IDA),962500.0,958500.0,2026-05-23T00:00:00.000Z,2025-08-06T00:00:00.000Z,True,Bihar,Lok Sabha,158855,283372,False
158856,High Mask Light,Normal/Others,VIJAYLAKSHMI DEVI,SIWAN,SIWAN(DISTRICT PLANNING OFFICER SIWAN_IDA),962500.0,958500.0,2026-05-23T00:00:00.000Z,2025-08-06T00:00:00.000Z,True,Bihar,Lok Sabha,158856,283373,False
158864,High Mask Light,Normal/Others,VIJAYLAKSHMI DEVI,SIWAN,SIWAN(DISTRICT PLANNING OFFICER SIWAN_IDA),962500.0,958500.0,2026-05-23T00:00:00.000Z,2025-08-06T00:00:00.000Z,True,Bihar,Lok Sabha,158864,283374,False
151614,High Mask Light,Normal/Others,VIJAYLAKSHMI DEVI,SIWAN,SIWAN(DISTRICT PLANNING OFFICER SIWAN_IDA),962500.0,958500.0,2026-05-23T00:00:00.000Z,2025-08-07T00:00:00.000Z,True,Bihar,Lok Sabha,151614,283375,False
151615,High Mask Light,Normal/Others,VIJAYLAKSHMI DEVI,SIWAN,SIWAN(DISTRICT PLANNING OFFICER SIWAN_IDA),962500.0,958500.0,2026-05-23T00:00:00.000Z,2025-08-07T00:00:00.000Z,True,Bihar,Lok Sabha,151615,283376,False
151632,High Mask Light,Normal/Others,VIJAYLAKSHMI DEVI,SIWAN,SIWAN(DISTRICT PLANNING OFFICER SIWAN_IDA),962500.0,958500.0,2026-05-23T00:00:00.000Z,2025-08-07T00:00:00.000Z,True,Bihar,Lok Sabha,151632,283377,False
151729,High Mask Light,Normal/Others,VIJAYLAKSHMI DEVI,SIWAN,SIWAN(DISTRICT PLANNING OFFICER SIWAN_IDA),962500.0,958500.0,2026-05-23T00:00:00.000Z,2025-08-07T00:00:00.000Z,True,Bihar,Lok Sabha,151729,283378,False
151730,High Mask Light,Normal/Others,VIJAYLAKSHMI DEVI,SIWAN,SIWAN(DISTRICT PLANNING OFFICER SIWAN_IDA),962500.0,958500.0,2026-05-23T00:00:00.000Z,2025-08-07T00:00:00.000Z,True,Bihar,Lok Sabha,151730,283379,False
158861,High Mask Light,Normal/Others,VIJAYLAKSHMI DEVI,SIWAN,SIWAN(DISTRICT PLANNING OFFICER SIWAN_IDA),962500.0,958500.0,2026-05-23T00:00:00.000Z,2025-08-07T00:00:00.000Z,True,Bihar,Lok Sabha,158861,283380,False
158862,High Mask Light,Normal/Others,VIJAYLAKSHMI DEVI,SIWAN,SIWAN(DISTRICT PLANNING OFFICER SIWAN_IDA),962500.0,958500.0,2026-05-23T00:00:00.000Z,2025-08-07T00:00:00.000Z,True,Bihar,Lok Sabha,158862,283381,False
158863,High Mask Light,Normal/Others,VIJAYLAKSHMI DEVI,SIWAN,SIWAN(DISTRICT PLANNING OFFICER SIWAN_IDA),962500.0,958500.0,2026-05-23T00:00:00.000Z,2025-08-07T00:00:00.000Z,True,Bihar,Lok Sabha,158863,283382,False
198068,High Mask Light,Normal/Others,VIJAYLAKSHMI DEVI,SIWAN,SIWAN(DISTRICT PLANNING OFFICER SIWAN_IDA),962500.0,958000.0,2026-05-23T00:00:00.000Z,2025-09-26T00:00:00.000Z,True,Bihar,Lok Sabha,198068,283383,False
198069,High Mask Light,Normal/Others,VIJAYLAKSHMI DEVI,SIWAN,SIWAN(DISTRICT PLANNING OFFICER SIWAN_IDA),962500.0,958000.0,2026-05-23T00:00:00.000Z,2025-09-26T00:00:00.000Z,True,Bihar,Lok Sabha,198069,283384,False
198070,High Mask Light,Normal/Others,VIJAYLAKSHMI DEVI,SIWAN,SIWAN(DISTRICT PLANNING OFFICER SIWAN_IDA),962500.0,958000.0,2026-05-23T00:00:00.000Z,2025-09-26T00:00:00.000Z,True,Bihar,Lok Sabha,198070,283385,False
198071,High Mask Light,Normal/Others,VIJAYLAKSHMI DEVI,SIWAN,SIWAN(DISTRICT PLANNING OFFICER SIWAN_IDA),962500.0,958000.0,2026-05-23T00:00:00.000Z,2025-09-26T00:00:00.000Z,True,Bihar,Lok Sabha,198071,283386,False
198072,High Mask Light,Normal/Others,VIJAYLAKSHMI DEVI,SIWAN,SIWAN(DISTRICT PLANNING OFFICER SIWAN_IDA),962500.0,958000.0,2026-05-23T00:00:00.000Z,2025-09-26T00:00:00.000Z,True,Bihar,Lok Sabha,198072,283387,False
198074,High Mask Light,Normal/Others,VIJAYLAKSHMI DEVI,SIWAN,SIWAN(DISTRICT PLANNING OFFICER SIWAN_IDA),962500.0,958000.0,2026-05-23T00:00:00.000Z,2025-09-26T00:00:00.000Z,True,Bihar,Lok Sabha,198074,283388,False
198075,High Mask Light,Normal/Others,VIJAYLAKSHMI DEVI,SIWAN,SIWAN(DISTRICT PLANNING OFFICER SIWAN_IDA),962500.0,958000.0,2026-05-23T00:00:00.000Z,2025-09-26T00:00:00.000Z,True,Bihar,Lok Sabha,198075,283389,False
198077,High Mask Light,Normal/Others,VIJAYLAKSHMI DEVI,SIWAN,SIWAN(DISTRICT PLANNING OFFICER SIWAN_IDA),962500.0,958000.0,2026-05-23T00:00:00.000Z,2025-09-26T00:00:00.000Z,True,Bihar,Lok Sabha,198077,283390,False
198078,High Mask Light,Normal/Others,VIJAYLAKSHMI DEVI,SIWAN,SIWAN(DISTRICT PLANNING OFFICER SIWAN_IDA),962500.0,958000.0,2026-05-23T00:00:00.000Z,2025-09-26T00:00:00.000Z,True,Bihar,Lok Sabha,198078,283391,False
198079,High Mask Light,Normal/Others,VIJAYLAKSHMI DEVI,SIWAN,SIWAN(DISTRICT PLANNING OFFICER SIWAN_IDA),962500.0,958000.0,2026-05-23T00:00:00.000Z,2025-09-26T00:00:00.000Z,True,Bihar,Lok Sabha,198079,283392,False
198080,High Mask Light,Normal/Others,VIJAYLAKSHMI DEVI,SIWAN,SIWAN(DISTRICT PLANNING OFFICER SIWAN_IDA),962500.0,958000.0,2026-05-23T00:00:00.000Z,2025-09-26T00:00:00.000Z,True,Bihar,Lok Sabha,198080,283393,False
198081,High Mask Light,Normal/Others,VIJAYLAKSHMI DEVI,SIWAN,SIWAN(DISTRICT PLANNING OFFICER SIWAN_IDA),962500.0,958000.0,2026-05-23T00:00:00.000Z,2025-09-26T00:00:00.000Z,True,Bihar,Lok Sabha,198081,283394,False
198076,High Mask Light,Normal/Others,VIJAYLAKSHMI DEVI,SIWAN,SIWAN(DISTRICT PLANNING OFFICER SIWAN_IDA),965000.0,958000.0,2026-08-07T00:00:00.000Z,2025-09-27T00:00:00.000Z,True,Bihar,Lok Sabha,198076,301879,False
198082,High Mask Light,Normal/Others,VIJAYLAKSHMI DEVI,SIWAN,SIWAN(DISTRICT PLANNING OFFICER SIWAN_IDA),965000.0,958000.0,2026-08-07T00:00:00.000Z,2025-09-27T00:00:00.000Z,True,Bihar,Lok Sabha,198082,301880,False
198073,High Mask Light,Normal/Others,VIJAYLAKSHMI DEVI,SIWAN,SIWAN(DISTRICT PLANNING OFFICER SIWAN_IDA),965000.0,958000.0,2026-08-07T00:00:00.000Z,2026-02-17T00:00:00.000Z,True,Bihar,Lok Sabha,198073,301881,False
151527,Open Gym,Normal/Others,VIJAYLAKSHMI DEVI,SIWAN,SIWAN(DISTRICT PLANNING OFFICER SIWAN_IDA),1010000.0,992500.0,2026-06-20T00:00:00.000Z,2025-04-02T00:00:00.000Z,True,Bihar,Lok Sabha,151527,287685,False
132456,MPLAD Grant of rupees 25 lacs for Establishment of Punjabi Reference Library at Guru Teg Bahadur Bhawan of Panjab University Chandigarh,Normal/Others,Dr. Vikramjit Singh Sahney (2022-28),Sitting Rajya Sabha,CHANDIGARH(DEPUTY COMMISSIONER ZILLA PARISHAD CHANDIGARH_IDA),2240414.0,2240414.0,2024-06-11T00:00:00.000Z,2025-12-01T00:00:00.000Z,True,Punjab,Rajya Sabha,132456,800,True
236621,Boundary Wall Nirman,Normal/Others,Virendra Kumar,TIKAMGARH,CHHATARPUR(District Collector Chhatarpur_IDA),300000.0,300000.0,2025-09-22T00:00:00.000Z,2026-01-16T00:00:00.000Z,True,Madhya Pradesh,Lok Sabha,236621,236610,False
236616,Boundary Wall Nirman,Normal/Others,Virendra Kumar,TIKAMGARH,CHHATARPUR(District Collector Chhatarpur_IDA),300000.0,300000.0,2025-09-22T00:00:00.000Z,2026-02-13T00:00:00.000Z,True,Madhya Pradesh,Lok Sabha,236616,236612,False
236620,Boundary Wall Nirman,Normal/Others,Virendra Kumar,TIKAMGARH,CHHATARPUR(District Collector Chhatarpur_IDA),300000.0,300000.0,2025-09-22T00:00:00.000Z,2026-02-24T00:00:00.000Z,True,Madhya Pradesh,Lok Sabha,236620,236613,False
237093,Muktidham Nirman,Normal/Others,Virendra Kumar,TIKAMGARH,TIKAMGARH(DISTRICT COLLECTOR TIKAMGARH_IDA),207638.0,207638.0,2025-09-19T00:00:00.000Z,2026-03-11T00:00:00.000Z,True,Madhya Pradesh,Lok Sabha,237093,235319,False
152513,Saansad Chaupal,Normal/Others,Virendra Kumar,TIKAMGARH,CHHATARPUR(District Collector Chhatarpur_IDA),400000.0,400000.0,2024-11-14T00:00:00.000Z,2026-03-19T00:00:00.000Z,True,Madhya Pradesh,Lok Sabha,152513,152576,False
152516,Saansad Chaupal,Normal/Others,Virendra Kumar,TIKAMGARH,CHHATARPUR(District Collector Chhatarpur_IDA),400000.0,398000.0,2025-09-22T00:00:00.000Z,2026-03-19T00:00:00.000Z,True,Madhya Pradesh,Lok Sabha,152516,236539,False
152570,Saansad Utsav Dham,Normal/Others,Virendra Kumar,TIKAMGARH,CHHATARPUR(District Collector Chhatarpur_IDA),1200000.0,1200000.0,2024-11-14T00:00:00.000Z,2025-12-30T00:00:00.000Z,True,Madhya Pradesh,Lok Sabha,152570,152354,False
152542,Saansad Utsav Dham,Normal/Others,Virendra Kumar,TIKAMGARH,CHHATARPUR(District Collector Chhatarpur_IDA),1200000.0,598599.0,2024-11-14T00:00:00.000Z,2026-04-30T00:00:00.000Z,True,Madhya Pradesh,Lok Sabha,152542,152371,False
129481,"Ek nag Borewell Khanan, Ward no.26 Ramjani baba Mazar ke pas Buddh gali main, Bilaspur (mention in letter no. 3539 at column no.2)",,Shri Vivek K. Tankha (2022-28),Sitting Rajya Sabha,BILASPUR(DISTRICT COLLECTOR BILASPUR_IDA),174572.0,174572.0,2024-03-07T00:00:00.000Z,2025-03-10T00:00:00.000Z,True,Madhya Pradesh,Rajya Sabha,129481,739,True
129480,"Ek nag Borewell Khanan, Ward no.56 Vijay Nagar, Chantidih Pathan para Slam area main, Bilaspur (mention in letter no. 3539 at column no.1)",,Shri Vivek K. Tankha (2022-28),Sitting Rajya Sabha,BILASPUR(DISTRICT COLLECTOR BILASPUR_IDA),174609.0,174609.0,2024-03-07T00:00:00.000Z,2025-03-10T00:00:00.000Z,True,Madhya Pradesh,Rajya Sabha,129480,738,True
175647,Construction of school,Normal/Others,YADUVEER KRISHNADATTA CHAMARAJA WADIYAR,MYSORE,MYSURU(DEPUTY COMMISSIONER MYSORE_IDA),500000.0,1500000.0,2025-02-16T00:00:00.000Z,2025-08-06T00:00:00.000Z,True,Karnataka,Lok Sabha,175647,175649,False
