Work ID (Completed),Work ID (Recommended),Work Description,Category,MP Name,State,Constituency,IDA,House,Recommended Amount (₹),Final Settled Amount (₹),Cost Escalation Delta (₹),Cost Escalation Ratio,Cost Escalation (%),Recommendation Date,Completed Date,Execution Duration (Days),Has Images (Completed),Has Images (Recommended),Average Rating
261145,243545,"To provide minimast light in front of Attukal Temple,Attukal Ward,Thiruvananthapuram Corporation,TVPM District",Normal/Others,Shri A. A. Rahim (2022-28),Kerala,Sitting Rajya Sabha,THIRUVANANTHAPURAM(DISTRICT COLLECTOR THIRUVANANTHAPURAM_IDA),Rajya Sabha,260000,235332,-24668,0.9051,-9.49,2026-01-08T00:00:00.000Z,2026-08-20T00:00:00.000Z,224,TRUE,FALSE,
225803,1494,"Village Mohammadpur BLock Marhara jila Etah , Baraat Ghar ke saamne High Mast Light .",Normal/Others,AASHTIKAR PATIL NAGESH BAPURAO,Maharashtra,HINGOLI,ETAH(DISTRICT MAGISTRATE ETAH_IDA),Lok Sabha,240611,240611,0,1,0,2025-08-08T00:00:00.000Z,2026-02-04T00:00:00.000Z,180,FALSE,FALSE,
225807,1498,"Village Mohammadpur BLock Marhara jila Etah , Holy Pani Tanki Ke saamne high Mast Light",Normal/Others,AASHTIKAR PATIL NAGESH BAPURAO,Maharashtra,HINGOLI,ETAH(DISTRICT MAGISTRATE ETAH_IDA),Lok Sabha,240611,240611,0,1,0,2025-08-08T00:00:00.000Z,2026-02-04T00:00:00.000Z,180,FALSE,FALSE,
225805,1496,"Village Mohammadpur BLock Marhara jila Etah , Kailsham kumar Ke Makkan ke Saamne",Normal/Others,AASHTIKAR PATIL NAGESH BAPURAO,Maharashtra,HINGOLI,ETAH(DISTRICT MAGISTRATE ETAH_IDA),Lok Sabha,240611,240611,0,1,0,2025-08-08T00:00:00.000Z,2026-02-04T00:00:00.000Z,180,FALSE,FALSE,
225801,1492,"Village Mohammadpur BLock Marhara jila Etah , Mini Hospital ke  Saamne High Mast Light .",Normal/Others,AASHTIKAR PATIL NAGESH BAPURAO,Maharashtra,HINGOLI,ETAH(DISTRICT MAGISTRATE ETAH_IDA),Lok Sabha,240611,240611,0,1,0,2025-08-08T00:00:00.000Z,2026-02-04T00:00:00.000Z,180,FALSE,FALSE,
225800,1491,"Village Mohammadpur BLock Marhara jila Etah , Ramkailash ke Makaan Ke saamne high Mast Light",Normal/Others,AASHTIKAR PATIL NAGESH BAPURAO,Maharashtra,HINGOLI,ETAH(DISTRICT MAGISTRATE ETAH_IDA),Lok Sabha,240611,240611,0,1,0,2025-08-08T00:00:00.000Z,2026-02-04T00:00:00.000Z,180,FALSE,FALSE,
225806,1497,"Village Mohammadpur BLock Marhara jila Etah ,Gulaab Singh Ke makaan ke saamne High Mast Light",Normal/Others,AASHTIKAR PATIL NAGESH BAPURAO,Maharashtra,HINGOLI,ETAH(DISTRICT MAGISTRATE ETAH_IDA),Lok Sabha,240611,240611,0,1,0,2025-08-08T00:00:00.000Z,2026-02-04T00:00:00.000Z,180,FALSE,FALSE,
225802,1493,"Village Mohammadpur BLock Marhara jila Etah ,Pratap singh ke Makaan ke saamne High Mast Light .",Normal/Others,AASHTIKAR PATIL NAGESH BAPURAO,Maharashtra,HINGOLI,ETAH(DISTRICT MAGISTRATE ETAH_IDA),Lok Sabha,240611,240611,0,1,0,2025-08-08T00:00:00.000Z,2026-02-04T00:00:00.000Z,180,FALSE,FALSE,
225808,1499,Village Mohammadpur BLock Marhara jila Etah Brajesh Kumar Ke ghar Ke saamne High Mast Light,Normal/Others,AASHTIKAR PATIL NAGESH BAPURAO,Maharashtra,HINGOLI,ETAH(DISTRICT MAGISTRATE ETAH_IDA),Lok Sabha,240611,240611,0,1,0,2025-08-08T00:00:00.000Z,2026-02-04T00:00:00.000Z,180,FALSE,FALSE,
225810,1501,Village Mohammadpur BLock Marhara jila Etah Chhotey lal Ke Makaan ke Saamne High Mast Light,Normal/Others,AASHTIKAR PATIL NAGESH BAPURAO,Maharashtra,HINGOLI,ETAH(DISTRICT MAGISTRATE ETAH_IDA),Lok Sabha,240611,240611,0,1,0,2025-08-08T00:00:00.000Z,2026-02-04T00:00:00.000Z,180,FALSE,FALSE,
225812,1503,Village Mohammadpur BLock Marhara jila Etah Devesh Ke Makaan ke Saamne High Mast Light,Normal/Others,AASHTIKAR PATIL NAGESH BAPURAO,Maharashtra,HINGOLI,ETAH(DISTRICT MAGISTRATE ETAH_IDA),Lok Sabha,240611,240611,0,1,0,2025-08-08T00:00:00.000Z,2026-02-04T00:00:00.000Z,180,FALSE,FALSE,
225809,1500,Village Mohammadpur BLock Marhara jila Etah OmPrakash Ke Makaan Ke saamne High Mast Light,Normal/Others,AASHTIKAR PATIL NAGESH BAPURAO,Maharashtra,HINGOLI,ETAH(DISTRICT MAGISTRATE ETAH_IDA),Lok Sabha,240611,240611,0,1,0,2025-08-08T00:00:00.000Z,2026-02-04T00:00:00.000Z,180,FALSE,FALSE,
225811,1502,Village Mohammadpur BLock Marhara jila Etah Suresh Chand Ke Makaan ke saamne High mast Light,Normal/Others,AASHTIKAR PATIL NAGESH BAPURAO,Maharashtra,HINGOLI,ETAH(DISTRICT MAGISTRATE ETAH_IDA),Lok Sabha,240611,240611,0,1,0,2025-08-08T00:00:00.000Z,2026-02-04T00:00:00.000Z,180,FALSE,FALSE,
225804,1495,"Village Mohammadpur BLock Marhara jila Etah, Shamsham ke saamne High Mast Light",Normal/Others,AASHTIKAR PATIL NAGESH BAPURAO,Maharashtra,HINGOLI,ETAH(DISTRICT MAGISTRATE ETAH_IDA),Lok Sabha,240611,240611,0,1,0,2025-08-08T00:00:00.000Z,2026-02-04T00:00:00.000Z,180,FALSE,FALSE,
233087,295217,"Construction of Chuzhalikkara Puliyarakkal road or pathway, Ward No.17, Kizhakkoth Panchayat",Normal/Others,Shri Abdul Wahab (2021-27),Kerala,Sitting Rajya Sabha,KOZHIKODE(DISTRICT COLLECTOR KOZHIKODE_IDA),Rajya Sabha,500000,370111,-129889,0.7402,-25.98,2026-07-15T00:00:00.000Z,2026-08-13T00:00:00.000Z,29,TRUE,FALSE,
182239,271105,"Construction of Meeranvettikarikkakam - Chathimangalam - Kattilakuzhi road or pathway, Ward No.10, Peringammala Panchayat",Normal/Others,Shri Abdul Wahab (2021-27),Kerala,Sitting Rajya Sabha,THIRUVANANTHAPURAM(DISTRICT COLLECTOR THIRUVANANTHAPURAM_IDA),Rajya Sabha,1000000,793821,-206179,0.7938,-20.62,2026-02-26T00:00:00.000Z,2026-05-12T00:00:00.000Z,75,TRUE,FALSE,
181146,272616,"Setting up of Low mast light at Chuzhikkayam - Pallithatt, ward No. 17, West Eleri Panchayat",Normal/Others,Shri Abdul Wahab (2021-27),Kerala,Sitting Rajya Sabha,KASARAGOD(DISTRICT COLLECTOR KASARAGOD_IDA),Rajya Sabha,210000,191552,-18448,0.9122,-8.78,2026-03-06T00:00:00.000Z,2026-05-05T00:00:00.000Z,60,TRUE,FALSE,
254173,1817,Construction of Ten Feet RCC Platform Mudra Ghat in Surya Mandir of Kujapi Village in Gaya Town of Belaganj Vidhansabha,Normal/Others,ABHAY KUMAR SINHA,Bihar,AURANGABAD,GAYA(DISTRICT PLANNING OFFICER GAYA_IDA),Lok Sabha,1498879,1498879,0,1,0,2025-12-15T00:00:00.000Z,2026-05-14T00:00:00.000Z,150,FALSE,FALSE,
173909,173914,Construction of Concrete Road,Normal/Others,ADHIKARI SOUMENDU,West Bengal,KANTHI,Purba Medinipur(DISTRICT MAGISTRATE PURBA MEDINIPUR_IDA),Lok Sabha,700000,1995673,1295673,2.851,185.1,2025-02-06T00:00:00.000Z,2026-01-29T00:00:00.000Z,357,FALSE,FALSE,
236326,236322,Install 2 set of solar street lights,Normal/Others,ADV GOWAAL KAGADA PADAVI,Maharashtra,NANDURBAR,NANDURBAR(DISTRICT COLLECTOR NANDURBAR_IDA),Lok Sabha,170000,169529,-471,0.9972,-0.28,2025-09-21T00:00:00.000Z,2026-07-15T00:00:00.000Z,297,TRUE,FALSE,
236327,236323,Install 2 set of solar street lights,Normal/Others,ADV GOWAAL KAGADA PADAVI,Maharashtra,NANDURBAR,NANDURBAR(DISTRICT COLLECTOR NANDURBAR_IDA),Lok Sabha,170000,169529,-471,0.9972,-0.28,2025-09-21T00:00:00.000Z,2026-07-15T00:00:00.000Z,297,TRUE,FALSE,
236328,236324,Install 2 set of solar street lights,Normal/Others,ADV GOWAAL KAGADA PADAVI,Maharashtra,NANDURBAR,NANDURBAR(DISTRICT COLLECTOR NANDURBAR_IDA),Lok Sabha,170000,169529,-471,0.9972,-0.28,2025-09-21T00:00:00.000Z,2026-07-15T00:00:00.000Z,297,TRUE,FALSE,
174632,174633,Janpad Nainital antargat gram bacchi Nagar number 2 Mein link Marg se Sardar Mahendra Singh Ke Khet Tak CC marg Nirman kairiy hetu,Normal/Others,Ajay Bhatt,Uttarakhand,NAINITAL UDHAM SINGH NAG.,NAINITAL(DISTRICT MAGISTRATE NAINITAL_IDA),Lok Sabha,250000,250000,0,1,0,2025-02-09T00:00:00.000Z,2025-09-30T00:00:00.000Z,233,TRUE,FALSE,
162157,1007,Construction of Common Chaupal at Panchayat Land of Sher Garh Village,Normal/Others,Shri Ajay Makan (2024-30),Karnataka,Sitting Rajya Sabha,KAITHAL(DC CUM NODAL OFFICERS MPLADS),Rajya Sabha,1000000,990188,-9812,0.9902,-0.98,2024-12-28T00:00:00.000Z,2025-11-10T00:00:00.000Z,317,FALSE,FALSE,
188622,1220,Construction of Pathway (Walking Track) around the village pond at Jaswanti Village.,Normal/Others,Shri Ajay Makan (2024-30),Karnataka,Sitting Rajya Sabha,KAITHAL(DC CUM NODAL OFFICERS MPLADS),Rajya Sabha,500000,388919,-111081,0.7778,-22.22,2025-04-01T00:00:00.000Z,2025-12-17T00:00:00.000Z,260,FALSE,FALSE,
146885,878,Construction of Cultural Hall in Trust area of Shanaishchara Swamy Seva Trust.,Trust and Society,Dr. Ajeet Madhavrao Gopchade (2024-30),Maharashtra,Sitting Rajya Sabha,TUMAKURU(DEPUTY COMMISSIONER TUMKUR_IDA),Rajya Sabha,2500000,2500000,0,1,0,2024-10-11T00:00:00.000Z,2026-01-07T00:00:00.000Z,453,TRUE,TRUE,
137953,137952,1.High Mast light Durga mata Mandir ke pass,Normal/Others,AJENDRA SINGH LODHI,Uttar Pradesh,HAMIRPUR,MAHOBA(DISTRICT MAGISTRAE MAHOBA_IDA),Lok Sabha,400000,321480,-78520,0.8037,-19.63,2024-09-11T00:00:00.000Z,2026-01-22T00:00:00.000Z,498,FALSE,FALSE,
150426,150424,"Under the Member of Parliament Local Area Development Scheme, an amount of Rs 49 lakh 90 thousand is recommended from my MP fund for the supply and installation of 5 high mast lights (including electricity) in Hathua Nagar Panchayat and Barauli Nagar Parishad of Gopalganj district.",Normal/Others,Alok Kumar Suman,Bihar,GOPALGANJ,GOPALGANJ(DISTRICT PLANNING OFFICER GOPALGANJ_IDA),Lok Sabha,995000,995000,0,1,0,2024-11-03T00:00:00.000Z,2026-03-30T00:00:00.000Z,512,TRUE,FALSE,
195126,1276,Under the Member of Parliament Local Area Development Scheme Rajya Sabha I am providing an amount of 10 lakh for the construction of classrooms at Pandit Sahdev Tiwari Vidya Mandir Village Nagpur Belauli District Sant Kabir Nagar Uttar Pradesh,Normal/Others,Shri Amar Pal Maurya (2024-30),Uttar Pradesh,Sitting Rajya Sabha,Sant Kabir Nagar(DISTRICT MAGISTRATE SANT KABIR NAGAR_2),Rajya Sabha,999912,999912,0,1,0,2025-04-28T00:00:00.000Z,2026-02-03T00:00:00.000Z,281,TRUE,TRUE,
192932,192921,FOR CONSTRUCTION OF SC DHARAMSHALA,Normal/Others,Shri Amar Singh,Punjab,FATEHGARH SAHIB,LUDHIANA(DEPUTY COMMISSIONER LUDHIANA_IDA),Lok Sabha,200000,200000,0,1,0,2025-04-21T00:00:00.000Z,2026-01-29T00:00:00.000Z,283,TRUE,FALSE,
225131,225135,FOR CONSTRUCTION OF SHED OF CREMATION GROUND,Normal/Others,Shri Amar Singh,Punjab,FATEHGARH SAHIB,LUDHIANA(DEPUTY COMMISSIONER LUDHIANA_IDA),Lok Sabha,200000,150000,-50000,0.75,-25,2025-08-06T00:00:00.000Z,2026-03-06T00:00:00.000Z,212,TRUE,FALSE,
197033,1291,FOR CONSTRUCTION OF SHED OF STADIUM,Normal/Others,Shri Amar Singh,Punjab,FATEHGARH SAHIB,LUDHIANA(DEPUTY COMMISSIONER LUDHIANA_IDA),Lok Sabha,500000,500000,0,1,0,2025-05-06T00:00:00.000Z,2026-01-29T00:00:00.000Z,268,TRUE,TRUE,
199114,243210,FOR FIXED CEMENTED BENCHES,Normal/Others,Shri Amar Singh,Punjab,FATEHGARH SAHIB,LUDHIANA(DEPUTY COMMISSIONER LUDHIANA_IDA),Lok Sabha,150000,100000,-50000,0.6667,-33.33,2025-10-21T00:00:00.000Z,2026-04-10T00:00:00.000Z,171,FALSE,FALSE,
219268,219273,FOR FIXED CEMENTED BENCHES OF COMMON PLACES,Normal/Others,Shri Amar Singh,Punjab,FATEHGARH SAHIB,LUDHIANA(DEPUTY COMMISSIONER LUDHIANA_IDA),Lok Sabha,16665,12562,-4103,0.7538,-24.62,2025-07-17T00:00:00.000Z,2026-04-13T00:00:00.000Z,270,FALSE,FALSE,
219269,219274,FOR FIXED CEMENTED BENCHES OF COMMON PLACES,Normal/Others,Shri Amar Singh,Punjab,FATEHGARH SAHIB,LUDHIANA(DEPUTY COMMISSIONER LUDHIANA_IDA),Lok Sabha,16665,16749,84,1.005,0.5,2025-07-17T00:00:00.000Z,2026-04-13T00:00:00.000Z,270,FALSE,FALSE,
219270,219275,FOR FIXED CEMENTED BENCHES OF COMMON PLACES,Normal/Others,Shri Amar Singh,Punjab,FATEHGARH SAHIB,LUDHIANA(DEPUTY COMMISSIONER LUDHIANA_IDA),Lok Sabha,16665,16749,84,1.005,0.5,2025-07-17T00:00:00.000Z,2026-04-13T00:00:00.000Z,270,FALSE,FALSE,
219271,219276,FOR FIXED CEMENTED BENCHES OF COMMON PLACES,Normal/Others,Shri Amar Singh,Punjab,FATEHGARH SAHIB,LUDHIANA(DEPUTY COMMISSIONER LUDHIANA_IDA),Lok Sabha,16665,12562,-4103,0.7538,-24.62,2025-07-17T00:00:00.000Z,2026-04-13T00:00:00.000Z,270,FALSE,FALSE,
219272,219277,FOR FIXED CEMENTED BENCHES OF COMMON PLACES,Normal/Others,Shri Amar Singh,Punjab,FATEHGARH SAHIB,LUDHIANA(DEPUTY COMMISSIONER LUDHIANA_IDA),Lok Sabha,16665,12562,-4103,0.7538,-24.62,2025-07-17T00:00:00.000Z,2026-04-13T00:00:00.000Z,270,FALSE,FALSE,
200958,200824,FOR FIXED GYM EQUIPMENTS,Normal/Others,Shri Amar Singh,Punjab,FATEHGARH SAHIB,LUDHIANA(DEPUTY COMMISSIONER LUDHIANA_IDA),Lok Sabha,200000,300000,100000,1.5,50,2025-05-19T00:00:00.000Z,2025-10-15T00:00:00.000Z,149,FALSE,FALSE,
216859,200797,FOR FIXED OPEN GYM,Normal/Others,Shri Amar Singh,Punjab,FATEHGARH SAHIB,LUDHIANA(DEPUTY COMMISSIONER LUDHIANA_IDA),Lok Sabha,300000,298634,-1366,0.9954,-0.46,2025-05-19T00:00:00.000Z,2025-11-17T00:00:00.000Z,182,TRUE,FALSE,
209174,279189,FOR GYM EQUIPMENTS,Normal/Others,Shri Amar Singh,Punjab,FATEHGARH SAHIB,LUDHIANA(DEPUTY COMMISSIONER LUDHIANA_IDA),Lok Sabha,200000,300000,100000,1.5,50,2026-04-28T00:00:00.000Z,2025-10-15T00:00:00.000Z,-195,FALSE,FALSE,
247587,279199,FOR GYM EQUIPMENTS,Normal/Others,Shri Amar Singh,Punjab,FATEHGARH SAHIB,MALERKOTLA(Deputy Commissioner Malerkotla_IDA),Lok Sabha,200000,300000,100000,1.5,50,2026-04-28T00:00:00.000Z,2026-03-31T00:00:00.000Z,-28,FALSE,FALSE,
193120,200807,FOR MOBILE WATER TANKER,Normal/Others,Shri Amar Singh,Punjab,FATEHGARH SAHIB,FATEHGARH SAHIB(DEPUTY COMMISSIONER FATEHGARH SAHIB_IDA),Lok Sabha,200000,200000,0,1,0,2025-05-19T00:00:00.000Z,2025-08-28T00:00:00.000Z,101,FALSE,FALSE,
193122,209155,FOR MOBILE WATER TANKER,Normal/Others,Shri Amar Singh,Punjab,FATEHGARH SAHIB,FATEHGARH SAHIB(DEPUTY COMMISSIONER FATEHGARH SAHIB_IDA),Lok Sabha,200000,200000,0,1,0,2025-06-16T00:00:00.000Z,2025-08-28T00:00:00.000Z,73,FALSE,FALSE,
199115,209157,FOR MOBILE WATER TANKER,Normal/Others,Shri Amar Singh,Punjab,FATEHGARH SAHIB,LUDHIANA(DEPUTY COMMISSIONER LUDHIANA_IDA),Lok Sabha,200000,200000,0,1,0,2025-06-16T00:00:00.000Z,2026-04-10T00:00:00.000Z,298,FALSE,FALSE,
200978,209160,FOR MOBILE WATER TANKER,Normal/Others,Shri Amar Singh,Punjab,FATEHGARH SAHIB,MALERKOTLA(Deputy Commissioner Malerkotla_IDA),Lok Sabha,200000,200000,0,1,0,2025-06-16T00:00:00.000Z,2026-04-22T00:00:00.000Z,310,TRUE,FALSE,
193124,193123,FOR SEWERAGE,Normal/Others,Shri Amar Singh,Punjab,FATEHGARH SAHIB,FATEHGARH SAHIB(DEPUTY COMMISSIONER FATEHGARH SAHIB_IDA),Lok Sabha,500000,500000,0,1,0,2025-04-22T00:00:00.000Z,2026-05-08T00:00:00.000Z,381,TRUE,FALSE,
192904,192907,FOR STREET AND DRAINS,Normal/Others,Shri Amar Singh,Punjab,FATEHGARH SAHIB,LUDHIANA(DEPUTY COMMISSIONER LUDHIANA_IDA),Lok Sabha,200000,200000,0,1,0,2025-04-21T00:00:00.000Z,2026-02-02T00:00:00.000Z,287,FALSE,FALSE,
192889,200802,FOR STREET LIGHTS,Normal/Others,Shri Amar Singh,Punjab,FATEHGARH SAHIB,LUDHIANA(DEPUTY COMMISSIONER LUDHIANA_IDA),Lok Sabha,200000,293025,93025,1.4651,46.51,2025-05-19T00:00:00.000Z,2025-11-13T00:00:00.000Z,178,TRUE,FALSE,
192891,200805,FOR STREET LIGHTS,Normal/Others,Shri Amar Singh,Punjab,FATEHGARH SAHIB,LUDHIANA(DEPUTY COMMISSIONER LUDHIANA_IDA),Lok Sabha,300000,140652,-159348,0.4688,-53.12,2025-05-19T00:00:00.000Z,2025-11-13T00:00:00.000Z,178,TRUE,FALSE,
192890,243214,FOR STREET LIGHTS,Normal/Others,Shri Amar Singh,Punjab,FATEHGARH SAHIB,LUDHIANA(DEPUTY COMMISSIONER LUDHIANA_IDA),Lok Sabha,140652,293025,152373,2.0833,108.33,2025-10-21T00:00:00.000Z,2025-11-14T00:00:00.000Z,24,TRUE,FALSE,
192908,294958,FOR STREET LIGHTS,Normal/Others,Shri Amar Singh,Punjab,FATEHGARH SAHIB,LUDHIANA(DEPUTY COMMISSIONER LUDHIANA_IDA),Lok Sabha,200000,199257,-743,0.9963,-0.37,2026-07-14T00:00:00.000Z,2025-11-14T00:00:00.000Z,-242,TRUE,FALSE,
192913,294960,FOR STREET LIGHTS,Normal/Others,Shri Amar Singh,Punjab,FATEHGARH SAHIB,LUDHIANA(DEPUTY COMMISSIONER LUDHIANA_IDA),Lok Sabha,200000,199257,-743,0.9963,-0.37,2026-07-14T00:00:00.000Z,2025-11-14T00:00:00.000Z,-242,TRUE,FALSE,
213876,301069,FOR STREET LIGHTS,Normal/Others,Shri Amar Singh,Punjab,FATEHGARH SAHIB,FATEHGARH SAHIB(DEPUTY COMMISSIONER FATEHGARH SAHIB_IDA),Lok Sabha,200000,200000,0,1,0,2026-08-04T00:00:00.000Z,2026-08-19T00:00:00.000Z,15,TRUE,FALSE,
221576,1458,"Constuction of Compound wall to Community hall at 19th ward, Hindupur",Normal/Others,AMBICA G LAKSHMINARAYANA VALMIKI,Andhra Pradesh,ANANTAPUR,Sri Sathya Sai(DISTRICT COLLECTOR SRI SATHYA SAI_IDA),Lok Sabha,2462396,2462396,0,1,0,2025-07-23T00:00:00.000Z,2026-04-09T00:00:00.000Z,260,TRUE,TRUE,
169462,1091,Construction of Street by laying Interlock tiles From House of Jarnail Singh to house of Gurdas Singh via house of Jagseer Singh and house of Gagandeep Singh in Vill. Gurri Sangar Distt. Sri Muktsar Sahib,Normal/Others,AMRINDER SINGH RAJA WARRING,Punjab,LUDHIANA,SRI MUKTSAR SAHIB(DEPUTY COMMISSIONER SRI MUKTSAR SAHIB_IDA),Lok Sabha,575000,285411,-289589,0.4964,-50.36,2025-01-28T00:00:00.000Z,2026-01-29T00:00:00.000Z,366,FALSE,FALSE,
181306,1163,"Provisioning of 5000Lt Water tank with fire extinguisher at Village Warring, Constituency Sri Muktsar sahib, Distt. Sri Muktsar Sahib",Normal/Others,AMRINDER SINGH RAJA WARRING,Punjab,LUDHIANA,SRI MUKTSAR SAHIB(DEPUTY COMMISSIONER SRI MUKTSAR SAHIB_IDA),Lok Sabha,250000,250000,0,1,0,2025-03-12T00:00:00.000Z,2025-06-12T00:00:00.000Z,92,FALSE,FALSE,
251538,1783,"Provisioning of Indoor Gym Machines in Vill. Khokhar, Sri Muktsar Sahib",Normal/Others,AMRINDER SINGH RAJA WARRING,Punjab,LUDHIANA,SRI MUKTSAR SAHIB(DEPUTY COMMISSIONER SRI MUKTSAR SAHIB_IDA),Lok Sabha,300000,300000,0,1,0,2025-12-01T00:00:00.000Z,2026-04-02T00:00:00.000Z,122,FALSE,FALSE,
234835,1665,"PVC pipes and other material for flood protection work in water-logged area of Vill. Khuia Sarwar, Distt. Fazilka",Normal/Others,AMRINDER SINGH RAJA WARRING,Punjab,LUDHIANA,FAZILKA(DEPUTY COMMISSIONER FAZILKA_IDA),Lok Sabha,249623,249623,0,1,0,2025-09-17T00:00:00.000Z,2025-10-23T00:00:00.000Z,36,TRUE,TRUE,
231977,1611,Purchase of ambulances,Normal/Others,ANGOMCHA BIMOL AKOIJAM,Manipur,INNER MANIPUR,KAKCHING(Deputy Commissioner Kakching_ida),Lok Sabha,800989,800989,0,1,0,2025-09-07T00:00:00.000Z,2026-02-18T00:00:00.000Z,164,TRUE,TRUE,
212993,1405,"Construction of Paver Block Public Street from the House of Sh. Pawan to the House of Sh. Ashok Sharma, Street No. - 7, Ward No. - 11, Kaithal, Distt Kaithal, Haryana",Normal/Others,Shri Anil Kumar Yadav Mandadi (2024-30),Telangana,Sitting Rajya Sabha,KAITHAL(DC CUM NODAL OFFICERS MPLADS),Rajya Sabha,500000,416831,-83169,0.8337,-16.63,2025-06-27T00:00:00.000Z,2026-03-07T00:00:00.000Z,253,TRUE,TRUE,
133667,229978,,Normal/Others,Dr. Anil Sukhdeorao Bonde (2022-28),Maharashtra,Sitting Rajya Sabha,AMRAVATI(DISTRICT COLLECTOR AMRAVATI_IDA),Rajya Sabha,2000000,493449,-1506551,0.2467,-75.33,2025-08-29T00:00:00.000Z,2024-10-01T00:00:00.000Z,-332,TRUE,FALSE,
133667,291619,,Normal/Others,Dr. Anil Sukhdeorao Bonde (2022-28),Maharashtra,Sitting Rajya Sabha,AMRAVATI(DISTRICT COLLECTOR AMRAVATI_IDA),Rajya Sabha,1000000,493449,-506551,0.4934,-50.66,2026-07-03T00:00:00.000Z,2024-10-01T00:00:00.000Z,-640,TRUE,FALSE,
133667,291622,,Normal/Others,Dr. Anil Sukhdeorao Bonde (2022-28),Maharashtra,Sitting Rajya Sabha,AMRAVATI(DISTRICT COLLECTOR AMRAVATI_IDA),Rajya Sabha,150000,493449,343449,3.2897,228.97,2026-07-03T00:00:00.000Z,2024-10-01T00:00:00.000Z,-640,TRUE,FALSE,
133667,2112,,Normal/Others,Dr. Anil Sukhdeorao Bonde (2022-28),Maharashtra,Sitting Rajya Sabha,AMRAVATI(DISTRICT COLLECTOR AMRAVATI_IDA),Rajya Sabha,1000000,493449,-506551,0.4934,-50.66,2026-07-06T00:00:00.000Z,2024-10-01T00:00:00.000Z,-643,TRUE,FALSE,
133667,292456,,Normal/Others,Dr. Anil Sukhdeorao Bonde (2022-28),Maharashtra,Sitting Rajya Sabha,AMRAVATI(DISTRICT COLLECTOR AMRAVATI_IDA),Rajya Sabha,2500000,493449,-2006551,0.1974,-80.26,2026-07-06T00:00:00.000Z,2024-10-01T00:00:00.000Z,-643,TRUE,FALSE,
133667,292470,,Normal/Others,Dr. Anil Sukhdeorao Bonde (2022-28),Maharashtra,Sitting Rajya Sabha,AMRAVATI(DISTRICT COLLECTOR AMRAVATI_IDA),Rajya Sabha,1500000,493449,-1006551,0.329,-67.1,2026-07-06T00:00:00.000Z,2024-10-01T00:00:00.000Z,-643,TRUE,FALSE,
133667,299048,,Normal/Others,Dr. Anil Sukhdeorao Bonde (2022-28),Maharashtra,Sitting Rajya Sabha,AMRAVATI(DISTRICT COLLECTOR AMRAVATI_IDA),Rajya Sabha,1195000,493449,-701551,0.4129,-58.71,2026-07-27T00:00:00.000Z,2024-10-01T00:00:00.000Z,-664,TRUE,FALSE,
133530,229978,,Normal/Others,Dr. Anil Sukhdeorao Bonde (2022-28),Maharashtra,Sitting Rajya Sabha,AMRAVATI(DISTRICT COLLECTOR AMRAVATI_IDA),Rajya Sabha,2000000,978265,-1021735,0.4891,-51.09,2025-08-29T00:00:00.000Z,2025-01-01T00:00:00.000Z,-240,TRUE,FALSE,
133530,291619,,Normal/Others,Dr. Anil Sukhdeorao Bonde (2022-28),Maharashtra,Sitting Rajya Sabha,AMRAVATI(DISTRICT COLLECTOR AMRAVATI_IDA),Rajya Sabha,1000000,978265,-21735,0.9783,-2.17,2026-07-03T00:00:00.000Z,2025-01-01T00:00:00.000Z,-548,TRUE,FALSE,
133530,291622,,Normal/Others,Dr. Anil Sukhdeorao Bonde (2022-28),Maharashtra,Sitting Rajya Sabha,AMRAVATI(DISTRICT COLLECTOR AMRAVATI_IDA),Rajya Sabha,150000,978265,828265,6.5218,552.18,2026-07-03T00:00:00.000Z,2025-01-01T00:00:00.000Z,-548,TRUE,FALSE,
133530,2112,,Normal/Others,Dr. Anil Sukhdeorao Bonde (2022-28),Maharashtra,Sitting Rajya Sabha,AMRAVATI(DISTRICT COLLECTOR AMRAVATI_IDA),Rajya Sabha,1000000,978265,-21735,0.9783,-2.17,2026-07-06T00:00:00.000Z,2025-01-01T00:00:00.000Z,-551,TRUE,FALSE,
133530,292456,,Normal/Others,Dr. Anil Sukhdeorao Bonde (2022-28),Maharashtra,Sitting Rajya Sabha,AMRAVATI(DISTRICT COLLECTOR AMRAVATI_IDA),Rajya Sabha,2500000,978265,-1521735,0.3913,-60.87,2026-07-06T00:00:00.000Z,2025-01-01T00:00:00.000Z,-551,TRUE,FALSE,
133530,292470,,Normal/Others,Dr. Anil Sukhdeorao Bonde (2022-28),Maharashtra,Sitting Rajya Sabha,AMRAVATI(DISTRICT COLLECTOR AMRAVATI_IDA),Rajya Sabha,1500000,978265,-521735,0.6522,-34.78,2026-07-06T00:00:00.000Z,2025-01-01T00:00:00.000Z,-551,TRUE,FALSE,
133530,299048,,Normal/Others,Dr. Anil Sukhdeorao Bonde (2022-28),Maharashtra,Sitting Rajya Sabha,AMRAVATI(DISTRICT COLLECTOR AMRAVATI_IDA),Rajya Sabha,1195000,978265,-216735,0.8186,-18.14,2026-07-27T00:00:00.000Z,2025-01-01T00:00:00.000Z,-572,TRUE,FALSE,
145622,229978,,Normal/Others,Dr. Anil Sukhdeorao Bonde (2022-28),Maharashtra,Sitting Rajya Sabha,BULDHANA(DISTRICT COLLECTOR BULDHANA_IDA),Rajya Sabha,2000000,840675,-1159325,0.4203,-57.97,2025-08-29T00:00:00.000Z,2025-05-22T00:00:00.000Z,-99,FALSE,FALSE,
145622,291619,,Normal/Others,Dr. Anil Sukhdeorao Bonde (2022-28),Maharashtra,Sitting Rajya Sabha,BULDHANA(DISTRICT COLLECTOR BULDHANA_IDA),Rajya Sabha,1000000,840675,-159325,0.8407,-15.93,2026-07-03T00:00:00.000Z,2025-05-22T00:00:00.000Z,-407,FALSE,FALSE,
145622,291622,,Normal/Others,Dr. Anil Sukhdeorao Bonde (2022-28),Maharashtra,Sitting Rajya Sabha,BULDHANA(DISTRICT COLLECTOR BULDHANA_IDA),Rajya Sabha,150000,840675,690675,5.6045,460.45,2026-07-03T00:00:00.000Z,2025-05-22T00:00:00.000Z,-407,FALSE,FALSE,
145622,2112,,Normal/Others,Dr. Anil Sukhdeorao Bonde (2022-28),Maharashtra,Sitting Rajya Sabha,BULDHANA(DISTRICT COLLECTOR BULDHANA_IDA),Rajya Sabha,1000000,840675,-159325,0.8407,-15.93,2026-07-06T00:00:00.000Z,2025-05-22T00:00:00.000Z,-410,FALSE,FALSE,
145622,292456,,Normal/Others,Dr. Anil Sukhdeorao Bonde (2022-28),Maharashtra,Sitting Rajya Sabha,BULDHANA(DISTRICT COLLECTOR BULDHANA_IDA),Rajya Sabha,2500000,840675,-1659325,0.3363,-66.37,2026-07-06T00:00:00.000Z,2025-05-22T00:00:00.000Z,-410,FALSE,FALSE,
145622,292470,,Normal/Others,Dr. Anil Sukhdeorao Bonde (2022-28),Maharashtra,Sitting Rajya Sabha,BULDHANA(DISTRICT COLLECTOR BULDHANA_IDA),Rajya Sabha,1500000,840675,-659325,0.5604,-43.96,2026-07-06T00:00:00.000Z,2025-05-22T00:00:00.000Z,-410,FALSE,FALSE,
145622,299048,,Normal/Others,Dr. Anil Sukhdeorao Bonde (2022-28),Maharashtra,Sitting Rajya Sabha,BULDHANA(DISTRICT COLLECTOR BULDHANA_IDA),Rajya Sabha,1195000,840675,-354325,0.7035,-29.65,2026-07-27T00:00:00.000Z,2025-05-22T00:00:00.000Z,-431,FALSE,FALSE,
161501,161498,Improvement of electricity distribution infrastructure,Normal/Others,ANITA NAGARSINGH CHOUHAN,Madhya Pradesh,RATLAM,ALIRAJPUR(District Collector Alirajpur_IDA),Lok Sabha,625019,498369,-126650,0.7974,-20.26,2024-12-25T00:00:00.000Z,2025-10-01T00:00:00.000Z,280,FALSE,FALSE,
161499,161502,Improvement of electricity distribution infrastructure,Normal/Others,ANITA NAGARSINGH CHOUHAN,Madhya Pradesh,RATLAM,ALIRAJPUR(District Collector Alirajpur_IDA),Lok Sabha,666552,666793,241,1.0004,0.04,2024-12-25T00:00:00.000Z,2026-02-21T00:00:00.000Z,423,TRUE,FALSE,
188019,187826,Construction of Boundary wall of Community Hall,Normal/Others,ANITA SUBHADARSHINI,Odisha,ASKA,GANJAM(DISTRICT COLLECTOR GANJAM_IDA),Lok Sabha,500000,400000,-100000,0.8,-20,2025-03-29T00:00:00.000Z,2026-02-06T00:00:00.000Z,314,TRUE,FALSE,
220841,221118,Construction of Paver road,Normal/Others,ANITA SUBHADARSHINI,Odisha,ASKA,GANJAM(DISTRICT COLLECTOR GANJAM_IDA),Lok Sabha,400000,700000,300000,1.75,75,2025-09-01T00:00:00.000Z,2026-03-25T00:00:00.000Z,205,TRUE,FALSE,
204859,1344,"Developmental Works of Intrepretation centre at Sri Alluri Seetharamaraju Memorial Park,Krishnadevipeta,Golugonda Mandal of Anakapalli District",Normal/Others,Appalanaidu Kalisetti,Andhra Pradesh,VIZIANAGARAM,Anakapalli(DISTRICT COLLECTOR ANAKAPALLI_IDA),Lok Sabha,992839,992839,0,1,0,2025-05-29T00:00:00.000Z,2025-11-30T00:00:00.000Z,185,TRUE,TRUE,
157989,933,"Construction of Public Library, Meghwal Samaaj Chaatrawas, Nimbahera, District Chittorgarh

Working Agency : NagarPalika Nimbahera 

Contact person : Dr. Tarachand Meghwal, Jila Parishad Sadsay, Chittorgarh +91-9636336699",Normal/Others,Shri Arjun Ram Meghwal,Rajasthan,BIKANER,CHITTORGARH(DISTRICT COLLECTOR CHITTORGARH_IDA),Lok Sabha,1000000,954701,-45299,0.9547,-4.53,2024-12-10T00:00:00.000Z,2026-08-19T00:00:00.000Z,617,TRUE,TRUE,
147618,880,"Sarwjanik Meghwal Samaj Hostal mein Hall Nirman Karya ; Working Agency : Gram Panchayat Barat, Panchayat Samiti Saakda",Normal/Others,Shri Arjun Ram Meghwal,Rajasthan,BIKANER,JAISALMER(DISTRICT COLLECTOR JAISLAMER_IDA),Lok Sabha,1495786,1495786,0,1,0,2024-10-16T00:00:00.000Z,2026-08-09T00:00:00.000Z,662,TRUE,TRUE,
160901,252418,Installation of High Mast Light,Normal/Others,ARUN BHARTI,Bihar,JAMUI,MUNGER(DISTRICT PLANNING OFFICER MUNGER_IDA),Lok Sabha,945000,940000,-5000,0.9947,-0.53,2025-12-06T00:00:00.000Z,2025-10-30T00:00:00.000Z,-37,TRUE,FALSE,
160900,252419,Installation of High Mast Light,Normal/Others,ARUN BHARTI,Bihar,JAMUI,MUNGER(DISTRICT PLANNING OFFICER MUNGER_IDA),Lok Sabha,945000,940000,-5000,0.9947,-0.53,2025-12-06T00:00:00.000Z,2025-11-10T00:00:00.000Z,-26,TRUE,FALSE,
160902,252420,Installation of High Mast Light,Normal/Others,ARUN BHARTI,Bihar,JAMUI,MUNGER(DISTRICT PLANNING OFFICER MUNGER_IDA),Lok Sabha,936818,940000,3182,1.0034,0.34,2025-12-06T00:00:00.000Z,2025-11-10T00:00:00.000Z,-26,TRUE,FALSE,
160903,252454,Installation of High Mast Light,Normal/Others,ARUN BHARTI,Bihar,JAMUI,MUNGER(DISTRICT PLANNING OFFICER MUNGER_IDA),Lok Sabha,936818,940000,3182,1.0034,0.34,2025-12-06T00:00:00.000Z,2025-11-10T00:00:00.000Z,-26,TRUE,FALSE,
160904,252456,Installation of High Mast Light,Normal/Others,ARUN BHARTI,Bihar,JAMUI,MUNGER(DISTRICT PLANNING OFFICER MUNGER_IDA),Lok Sabha,945000,940000,-5000,0.9947,-0.53,2025-12-06T00:00:00.000Z,2025-11-10T00:00:00.000Z,-26,TRUE,FALSE,
160887,285177,Installation of High Mast Light,Normal/Others,ARUN BHARTI,Bihar,JAMUI,JAMUI(DISTRICT PLANNING OFFICER JAMUI_IDA),Lok Sabha,940000,998721,58721,1.0625,6.25,2026-06-12T00:00:00.000Z,2026-01-21T00:00:00.000Z,-142,FALSE,FALSE,
160888,285182,Installation of High Mast Light,Normal/Others,ARUN BHARTI,Bihar,JAMUI,JAMUI(DISTRICT PLANNING OFFICER JAMUI_IDA),Lok Sabha,940000,998721,58721,1.0625,6.25,2026-06-12T00:00:00.000Z,2026-01-21T00:00:00.000Z,-142,FALSE,FALSE,
160889,285184,Installation of High Mast Light,Normal/Others,ARUN BHARTI,Bihar,JAMUI,JAMUI(DISTRICT PLANNING OFFICER JAMUI_IDA),Lok Sabha,940000,998721,58721,1.0625,6.25,2026-06-12T00:00:00.000Z,2026-01-21T00:00:00.000Z,-142,FALSE,FALSE,
160893,285197,Installation of High Mast Light,Normal/Others,ARUN BHARTI,Bihar,JAMUI,JAMUI(DISTRICT PLANNING OFFICER JAMUI_IDA),Lok Sabha,940000,998721,58721,1.0625,6.25,2026-06-12T00:00:00.000Z,2026-01-21T00:00:00.000Z,-142,FALSE,FALSE,
160894,285229,Installation of High Mast Light,Normal/Others,ARUN BHARTI,Bihar,JAMUI,JAMUI(DISTRICT PLANNING OFFICER JAMUI_IDA),Lok Sabha,940000,998721,58721,1.0625,6.25,2026-06-12T00:00:00.000Z,2026-01-21T00:00:00.000Z,-142,FALSE,FALSE,
160885,285236,Installation of High Mast Light,Normal/Others,ARUN BHARTI,Bihar,JAMUI,JAMUI(DISTRICT PLANNING OFFICER JAMUI_IDA),Lok Sabha,940000,998721,58721,1.0625,6.25,2026-06-12T00:00:00.000Z,2026-01-30T00:00:00.000Z,-133,FALSE,FALSE,
160890,285246,Installation of High Mast Light,Normal/Others,ARUN BHARTI,Bihar,JAMUI,JAMUI(DISTRICT PLANNING OFFICER JAMUI_IDA),Lok Sabha,940000,998721,58721,1.0625,6.25,2026-06-12T00:00:00.000Z,2026-01-30T00:00:00.000Z,-133,FALSE,FALSE,
160891,285248,Installation of High Mast Light,Normal/Others,ARUN BHARTI,Bihar,JAMUI,JAMUI(DISTRICT PLANNING OFFICER JAMUI_IDA),Lok Sabha,940000,998721,58721,1.0625,6.25,2026-06-12T00:00:00.000Z,2026-01-30T00:00:00.000Z,-133,FALSE,FALSE,
160892,285251,Installation of High Mast Light,Normal/Others,ARUN BHARTI,Bihar,JAMUI,JAMUI(DISTRICT PLANNING OFFICER JAMUI_IDA),Lok Sabha,940000,998721,58721,1.0625,6.25,2026-06-12T00:00:00.000Z,2026-01-30T00:00:00.000Z,-133,FALSE,FALSE,
160886,285263,Installation of High Mast Light,Normal/Others,ARUN BHARTI,Bihar,JAMUI,JAMUI(DISTRICT PLANNING OFFICER JAMUI_IDA),Lok Sabha,940000,998721,58721,1.0625,6.25,2026-06-12T00:00:00.000Z,2026-02-07T00:00:00.000Z,-125,FALSE,FALSE,
160895,285265,Installation of High Mast Light,Normal/Others,ARUN BHARTI,Bihar,JAMUI,SHEIKHPURA(DISTRICT PLANNING OFFICER SHEIKHPURA_IDA),Lok Sabha,940000,993453,53453,1.0569,5.69,2026-06-12T00:00:00.000Z,2026-02-26T00:00:00.000Z,-106,TRUE,FALSE,
168798,262232,Erection of High mast with LED Flood Lights at SC Colony,Normal/Others,ARUNA. D. K,Telangana,MAHABUBNAGAR,Narayanpet(DISTRICT COLLECTOR NARAYANPET_IDA),Lok Sabha,250000,200000,-50000,0.8,-20,2026-01-27T00:00:00.000Z,2025-05-01T00:00:00.000Z,-271,FALSE,FALSE,
168750,294124,Erection of High Mast with LED Flood Lights at SC Colony,Normal/Others,ARUNA. D. K,Telangana,MAHABUBNAGAR,MAHABUBNAGAR(DISTRICT COLLECTOR MAHABUBNAGAR_3),Lok Sabha,250000,199939,-50061,0.7998,-20.02,2026-07-11T00:00:00.000Z,2025-06-05T00:00:00.000Z,-401,FALSE,FALSE,
262196,291087,Erection of High Mast with LED Flood Lights near Pochamma Temple,Normal/Others,ARUNA. D. K,Telangana,MAHABUBNAGAR,RANGA REDDY(DISTRICT COLLECTOR RANGAREDDY_IDA),Lok Sabha,250000,249836,-164,0.9993,-0.07,2026-07-01T00:00:00.000Z,2026-08-06T00:00:00.000Z,36,TRUE,FALSE,
248685,1758,Formation of road from Elkur to Pudur upto Mandal limits of Elkur (V) of Maldakal (M),Normal/Others,ARUNA. D. K,Telangana,MAHABUBNAGAR,JOGULAMBA GADWAL(DISTRICT COLLECTOR JOGULAMBA GADWAL_IDA),Lok Sabha,500000,487215,-12785,0.9744,-2.56,2025-11-17T00:00:00.000Z,2026-05-14T00:00:00.000Z,178,TRUE,TRUE,
248686,1759,Formation of road from Pudur to Elkur upto Mandal limits of Pudur (V) of Gadwal (M),Normal/Others,ARUNA. D. K,Telangana,MAHABUBNAGAR,JOGULAMBA GADWAL(DISTRICT COLLECTOR JOGULAMBA GADWAL_IDA),Lok Sabha,500000,487215,-12785,0.9744,-2.56,2025-11-17T00:00:00.000Z,2026-05-14T00:00:00.000Z,178,TRUE,TRUE,
144956,220977,Construction of Community Hall,Normal/Others,Arvind Dharmapuri,Telangana,NIZAMABAD,NIZAMABAD(DISTRICT COLLECTOR NIZAMABAD_IDA),Lok Sabha,300000,486885,186885,1.6229,62.3,2025-07-23T00:00:00.000Z,2024-10-08T00:00:00.000Z,-288,FALSE,FALSE,
144938,297533,Construction of community hall,Normal/Others,Arvind Dharmapuri,Telangana,NIZAMABAD,NIZAMABAD(DISTRICT COLLECTOR NIZAMABAD_IDA),Lok Sabha,400000,399115,-885,0.9978,-0.22,2026-07-23T00:00:00.000Z,2024-10-09T00:00:00.000Z,-652,FALSE,FALSE,
144976,221188,Construction of Community Hall in Munnurukapu Wada,Normal/Others,Arvind Dharmapuri,Telangana,NIZAMABAD,NIZAMABAD(DISTRICT COLLECTOR NIZAMABAD_IDA),Lok Sabha,300000,400000,100000,1.3333,33.33,2025-07-23T00:00:00.000Z,2024-10-08T00:00:00.000Z,-288,FALSE,FALSE,
144962,221195,Construction of Community Hall in Munnurukapu wada,Normal/Others,Arvind Dharmapuri,Telangana,NIZAMABAD,NIZAMABAD(DISTRICT COLLECTOR NIZAMABAD_IDA),Lok Sabha,300000,450000,150000,1.5,50,2025-07-23T00:00:00.000Z,2024-10-10T00:00:00.000Z,-286,FALSE,FALSE,
146755,220957,Construction of Community hall in Padmashali wada,Normal/Others,Arvind Dharmapuri,Telangana,NIZAMABAD,Jagitial(DISTRICT COLLECTOR JAGTIAL_IDA),Lok Sabha,300000,312923,12923,1.0431,4.31,2025-07-23T00:00:00.000Z,2025-08-19T00:00:00.000Z,27,FALSE,FALSE,
153936,221187,Construction of community hall in Padmashali Wada,Normal/Others,Arvind Dharmapuri,Telangana,NIZAMABAD,Jagitial(DISTRICT COLLECTOR JAGTIAL_IDA),Lok Sabha,300000,357627,57627,1.1921,19.21,2025-07-23T00:00:00.000Z,2026-04-15T00:00:00.000Z,266,FALSE,FALSE,
144944,297687,Construction of Mahila Bhavan,Normal/Others,Arvind Dharmapuri,Telangana,NIZAMABAD,NIZAMABAD(DISTRICT COLLECTOR NIZAMABAD_IDA),Lok Sabha,200000,400000,200000,2,100,2026-07-23T00:00:00.000Z,2024-10-08T00:00:00.000Z,-653,FALSE,FALSE,
220937,169200,Providing LED High mast light near Ambedkar Statue,Normal/Others,Arvind Dharmapuri,Telangana,NIZAMABAD,Jagitial(DISTRICT COLLECTOR JAGTIAL_IDA),Lok Sabha,135000,135000,0,1,0,2025-01-27T00:00:00.000Z,2025-11-18T00:00:00.000Z,295,FALSE,FALSE,
169207,297205,Providing LED High Mast light near Hanuman Mandir,Normal/Others,Arvind Dharmapuri,Telangana,NIZAMABAD,NIZAMABAD(DISTRICT COLLECTOR NIZAMABAD_IDA),Lok Sabha,133000,134836,1836,1.0138,1.38,2026-07-23T00:00:00.000Z,2025-02-03T00:00:00.000Z,-535,FALSE,FALSE,
169176,296710,Providing LED High Mast light near Market,Normal/Others,Arvind Dharmapuri,Telangana,NIZAMABAD,NIZAMABAD(DISTRICT COLLECTOR NIZAMABAD_IDA),Lok Sabha,133000,135000,2000,1.015,1.5,2026-07-23T00:00:00.000Z,2025-01-30T00:00:00.000Z,-539,FALSE,FALSE,
169177,169187,Providing LED High Mast light near Ramalayam,Normal/Others,Arvind Dharmapuri,Telangana,NIZAMABAD,NIZAMABAD(DISTRICT COLLECTOR NIZAMABAD_IDA),Lok Sabha,135000,135000,0,1,0,2025-01-27T00:00:00.000Z,2025-01-30T00:00:00.000Z,3,FALSE,FALSE,
232218,1626,Construction of boundary walls of existing public and community building in Tilak ward.,Normal/Others,ASHISH DUBEY,Madhya Pradesh,JABALPUR,SEONI(District Collector Seoni_IDA),Lok Sabha,999999,999999,0,1,0,2025-09-08T00:00:00.000Z,2026-01-05T00:00:00.000Z,119,TRUE,TRUE,
232220,1628,Providing drains and gutters for public drainage in Hanuman ward.,Normal/Others,ASHISH DUBEY,Madhya Pradesh,JABALPUR,SEONI(District Collector Seoni_IDA),Lok Sabha,999986,999986,0,1,0,2025-09-08T00:00:00.000Z,2026-01-06T00:00:00.000Z,120,TRUE,TRUE,
163456,1035,Construction  of Open Gym at Khurana Village in Panchayt Herbal Park,Normal/Others,Shri Ashok Singh (2024-30),Madhya Pradesh,Sitting Rajya Sabha,KAITHAL(DC CUM NODAL OFFICERS MPLADS),Rajya Sabha,350000,237736,-112264,0.6792,-32.08,2025-01-03T00:00:00.000Z,2026-03-27T00:00:00.000Z,448,FALSE,FALSE,
163465,1038,Construction of Open Gym at Budhakhera Village Panchayt Park (Near Bus Stand),Normal/Others,Shri Ashok Singh (2024-30),Madhya Pradesh,Sitting Rajya Sabha,KAITHAL(DC CUM NODAL OFFICERS MPLADS),Rajya Sabha,350000,295052,-54948,0.843,-15.7,2025-01-03T00:00:00.000Z,2025-12-29T00:00:00.000Z,360,FALSE,FALSE,
163467,1040,Construction of Open Gym at Guhna Village in Panchayt Herbal Park,Normal/Others,Shri Ashok Singh (2024-30),Madhya Pradesh,Sitting Rajya Sabha,KAITHAL(DC CUM NODAL OFFICERS MPLADS),Rajya Sabha,350000,298116,-51884,0.8518,-14.82,2025-01-03T00:00:00.000Z,2025-12-29T00:00:00.000Z,360,FALSE,FALSE,
163461,1036,Construction of Open Gym at Manas Village in Panchayt Sport Stadium,Normal/Others,Shri Ashok Singh (2024-30),Madhya Pradesh,Sitting Rajya Sabha,KAITHAL(DC CUM NODAL OFFICERS MPLADS),Rajya Sabha,350000,281888,-68112,0.8054,-19.46,2025-01-03T00:00:00.000Z,2026-03-17T00:00:00.000Z,438,FALSE,FALSE,
163464,1037,Construction of Open Gym at Panchayat Akhad of Baba Ladana Village in the name of Baba Balak Nath,Normal/Others,Shri Ashok Singh (2024-30),Madhya Pradesh,Sitting Rajya Sabha,KAITHAL(DC CUM NODAL OFFICERS MPLADS),Rajya Sabha,350000,280139,-69861,0.8004,-19.96,2025-01-03T00:00:00.000Z,2026-03-17T00:00:00.000Z,438,FALSE,FALSE,
163466,1039,Construction of Open Gym at Sanghan Panchayt Ground (Near Sangatpura Road),Normal/Others,Shri Ashok Singh (2024-30),Madhya Pradesh,Sitting Rajya Sabha,KAITHAL(DC CUM NODAL OFFICERS MPLADS),Rajya Sabha,350000,289754,-60246,0.8279,-17.21,2025-01-03T00:00:00.000Z,2026-03-17T00:00:00.000Z,438,FALSE,FALSE,
183808,212780,Ajay Yadav ke makan ke pas,Normal/Others,BABU SINGH KUSHWAHA,Uttar Pradesh,JAUNPUR,JAUNPUR(DISTRICT MAGISTRATE JAUNPUR_IDA),Lok Sabha,20900,19992,-908,0.9566,-4.34,2025-07-03T00:00:00.000Z,2026-07-30T00:00:00.000Z,392,TRUE,FALSE,
183810,214105,Jitendra kumar Yadav ke makan ke pas,Normal/Others,BABU SINGH KUSHWAHA,Uttar Pradesh,JAUNPUR,JAUNPUR(DISTRICT MAGISTRATE JAUNPUR_IDA),Lok Sabha,20900,19992,-908,0.9566,-4.34,2025-07-03T00:00:00.000Z,2026-07-30T00:00:00.000Z,392,TRUE,FALSE,
171580,212846,mukesh yadav ke makan ke pas,Normal/Others,BABU SINGH KUSHWAHA,Uttar Pradesh,JAUNPUR,JAUNPUR(DISTRICT MAGISTRATE JAUNPUR_IDA),Lok Sabha,20900,19992,-908,0.9566,-4.34,2025-07-03T00:00:00.000Z,2026-07-29T00:00:00.000Z,391,TRUE,FALSE,
183687,214202,rajkumar yadav ke makan ke pas,Normal/Others,BABU SINGH KUSHWAHA,Uttar Pradesh,JAUNPUR,JAUNPUR(DISTRICT MAGISTRATE JAUNPUR_IDA),Lok Sabha,20900,19992,-908,0.9566,-4.34,2025-07-03T00:00:00.000Z,2026-07-30T00:00:00.000Z,392,TRUE,FALSE,
184266,212910,Shakeel Ahamad ke makan ke pas,Normal/Others,BABU SINGH KUSHWAHA,Uttar Pradesh,JAUNPUR,JAUNPUR(DISTRICT MAGISTRATE JAUNPUR_IDA),Lok Sabha,20900,19992,-908,0.9566,-4.34,2025-07-03T00:00:00.000Z,2026-07-30T00:00:00.000Z,392,TRUE,FALSE,
151033,160708,LED SEMI HIGH MAST LIGHT,Normal/Others,Shri Baburam Nishad (2022-28),Uttar Pradesh,Sitting Rajya Sabha,ETAWAH(DISTRICT MAGISTRATE ETAWAH_IDA),Rajya Sabha,170000,169703,-297,0.9983,-0.17,2024-12-21T00:00:00.000Z,2025-07-26T00:00:00.000Z,217,FALSE,FALSE,
151034,160709,LED SEMI HIGH MAST LIGHT,Normal/Others,Shri Baburam Nishad (2022-28),Uttar Pradesh,Sitting Rajya Sabha,ETAWAH(DISTRICT MAGISTRATE ETAWAH_IDA),Rajya Sabha,170000,169703,-297,0.9983,-0.17,2024-12-21T00:00:00.000Z,2025-07-26T00:00:00.000Z,217,FALSE,FALSE,
151035,160710,LED SEMI HIGH MAST LIGHT,Normal/Others,Shri Baburam Nishad (2022-28),Uttar Pradesh,Sitting Rajya Sabha,ETAWAH(DISTRICT MAGISTRATE ETAWAH_IDA),Rajya Sabha,170000,169703,-297,0.9983,-0.17,2024-12-21T00:00:00.000Z,2025-07-26T00:00:00.000Z,217,FALSE,FALSE,
160336,160348,Construction of classroom of Saraswati Sishu Mandir,Normal/Others,BAIJAYANT PANDA,Odisha,KENDRAPARA,Kendrapada(DISTRICT COLLECTOR KENDRAPARA_IDA),Lok Sabha,800000,800000,0,1,0,2024-12-20T00:00:00.000Z,2025-09-08T00:00:00.000Z,262,TRUE,FALSE,
160337,160338,Construction of classroom of Saraswati Sishu Vidya Mandir,Normal/Others,BAIJAYANT PANDA,Odisha,KENDRAPARA,Kendrapada(DISTRICT COLLECTOR KENDRAPARA_IDA),Lok Sabha,800000,800000,0,1,0,2024-12-20T00:00:00.000Z,2025-11-12T00:00:00.000Z,327,TRUE,FALSE,
160351,160355,Construction of classroom of Saraswati Sishu Vidya Mandir,Normal/Others,BAIJAYANT PANDA,Odisha,KENDRAPARA,Kendrapada(DISTRICT COLLECTOR KENDRAPARA_IDA),Lok Sabha,800000,800000,0,1,0,2024-12-20T00:00:00.000Z,2025-11-18T00:00:00.000Z,333,FALSE,FALSE,
157658,157647,Construction of Sabha Mandap in Dalit wasti on Gram Panchayat land.(Special Component Scheme),Normal/Others,BAJRANG MANOHAR SONWANE,Maharashtra,BEED,BEED(DISTRICT COLLECTOR BEED_IDA),Lok Sabha,1000000,898526,-101474,0.8985,-10.15,2024-12-09T00:00:00.000Z,2026-02-13T00:00:00.000Z,431,TRUE,FALSE,
157452,227483,Construction of Sabhamandap on Gram Panchayat land near Sri Kshetra Datta Temple.,Normal/Others,BAJRANG MANOHAR SONWANE,Maharashtra,BEED,BEED(DISTRICT COLLECTOR BEED_IDA),Lok Sabha,1000000,997293,-2707,0.9973,-0.27,2025-08-18T00:00:00.000Z,2026-03-17T00:00:00.000Z,211,TRUE,FALSE,
157492,166011,Construction of Sabhamandap on Gram Panchayat land near Sri Kshetra Ganpati Temple.,Normal/Others,BAJRANG MANOHAR SONWANE,Maharashtra,BEED,BEED(DISTRICT COLLECTOR BEED_IDA),Lok Sabha,1000000,995447,-4553,0.9954,-0.46,2025-01-16T00:00:00.000Z,2026-04-04T00:00:00.000Z,443,TRUE,FALSE,
157622,157542,Construction of Sabhamandap on Gram Panchayat land near Sri Kshetra Hanuman Temple.,Normal/Others,BAJRANG MANOHAR SONWANE,Maharashtra,BEED,BEED(DISTRICT COLLECTOR BEED_IDA),Lok Sabha,1000000,994717,-5283,0.9947,-0.53,2024-12-09T00:00:00.000Z,2025-12-18T00:00:00.000Z,374,TRUE,FALSE,
157475,157439,Construction of Sabhamandap on Gram Panchayat land near Sri Kshetra Mahadev Temple.,Normal/Others,BAJRANG MANOHAR SONWANE,Maharashtra,BEED,BEED(DISTRICT COLLECTOR BEED_IDA),Lok Sabha,1000000,998532,-1468,0.9985,-0.15,2024-12-09T00:00:00.000Z,2025-09-16T00:00:00.000Z,281,TRUE,FALSE,
157479,221146,Construction of Sabhamandap on Gram Panchayat land near Sri Kshetra Narsih Temple.,Normal/Others,BAJRANG MANOHAR SONWANE,Maharashtra,BEED,BEED(DISTRICT COLLECTOR BEED_IDA),Lok Sabha,1000000,699468,-300532,0.6995,-30.05,2025-07-22T00:00:00.000Z,2025-05-08T00:00:00.000Z,-75,TRUE,FALSE,
157447,157491,Construction of Sabhamandap on Gram Panchayat land.,Normal/Others,BAJRANG MANOHAR SONWANE,Maharashtra,BEED,BEED(DISTRICT COLLECTOR BEED_IDA),Lok Sabha,1000000,995218,-4782,0.9952,-0.48,2024-12-09T00:00:00.000Z,2025-12-11T00:00:00.000Z,367,TRUE,FALSE,
149689,896,"Installing community drinking water plant at Fransalian Vidyajyothi hostel, Nidadavolue, West Godavari District",Normal/Others,Balashowry Vallabbhaneni,Andhra Pradesh,MACHILIPATNAM,"EAST GODAVARI(DISTRICT COLLECTOR, EAST GODAVARI)",Lok Sabha,250000,243215,-6785,0.9729,-2.71,2024-10-28T00:00:00.000Z,2026-03-20T00:00:00.000Z,508,FALSE,FALSE,
192005,1248,"Construction of Reading Rooms at Dubbaka main Road, Bus Stand Neelakanta",Normal/Others,BALRAM NAIK PORIKA,Telangana,MAHABUBABAD,SIDDIPET(District Collector Siddipet_IDA),Lok Sabha,998000,982534,-15466,0.9845,-1.55,2025-04-17T00:00:00.000Z,2026-01-08T00:00:00.000Z,266,TRUE,TRUE,
186050,186083,as attached file,Normal/Others,Shri Banshilal Gurjar (2024-30),Madhya Pradesh,Sitting Rajya Sabha,SHAJAPUR(District Collector Shajapur_IDA),Rajya Sabha,600000,1500000,900000,2.5,150,2025-03-25T00:00:00.000Z,2026-04-08T00:00:00.000Z,379,TRUE,FALSE,
205223,186053,as attached letter,Normal/Others,Shri Banshilal Gurjar (2024-30),Madhya Pradesh,Sitting Rajya Sabha,UJJAIN(DISTRICT COLLECTOR UJJAIN_IDA),Rajya Sabha,1000000,1000000,0,1,0,2025-03-25T00:00:00.000Z,2026-04-09T00:00:00.000Z,380,TRUE,FALSE,
206183,186057,as attached letter,Normal/Others,Shri Banshilal Gurjar (2024-30),Madhya Pradesh,Sitting Rajya Sabha,MANDSAUR(DISTRICT COLLECTOR MANDSAUR_IDA),Rajya Sabha,700000,2195000,1495000,3.1357,213.57,2025-03-25T00:00:00.000Z,2026-08-09T00:00:00.000Z,502,TRUE,FALSE,
190011,189995,take action as per the instructions in the attached letter.,Normal/Others,Shri Banshilal Gurjar (2024-30),Madhya Pradesh,Sitting Rajya Sabha,MANDSAUR(DISTRICT COLLECTOR MANDSAUR_IDA),Rajya Sabha,875000,800000,-75000,0.9143,-8.57,2025-04-09T00:00:00.000Z,2026-01-22T00:00:00.000Z,288,TRUE,FALSE,
213606,213607,word as attached letter,Normal/Others,Shri Banshilal Gurjar (2024-30),Madhya Pradesh,Sitting Rajya Sabha,MANDSAUR(DISTRICT COLLECTOR MANDSAUR_IDA),Rajya Sabha,500000,300000,-200000,0.6,-40,2025-07-01T00:00:00.000Z,2026-01-22T00:00:00.000Z,205,TRUE,FALSE,
222213,194473,Installation of Boom barrier,Normal/Others,Bansuri Swaraj,Delhi,NEW DELHI,SOUTH(COMMISSIONER SOUTH),Lok Sabha,308007,108681,-199326,0.3529,-64.71,2025-04-25T00:00:00.000Z,2026-07-30T00:00:00.000Z,461,TRUE,FALSE,
189570,189572,Installation of Childrens Play Equipment,Repair and Renovation,Bansuri Swaraj,Delhi,NEW DELHI,SOUTH(COMMISSIONER SOUTH),Lok Sabha,180480,792490,612010,4.391,339.1,2025-04-08T00:00:00.000Z,2026-07-29T00:00:00.000Z,477,TRUE,FALSE,
189571,189573,Installation of Childrens Play Equipment,Repair and Renovation,Bansuri Swaraj,Delhi,NEW DELHI,SOUTH(COMMISSIONER SOUTH),Lok Sabha,269970,124495,-145475,0.4611,-53.89,2025-04-08T00:00:00.000Z,2026-07-29T00:00:00.000Z,477,TRUE,FALSE,
194995,189574,Installation of Childrens Play Equipment,Normal/Others,Bansuri Swaraj,Delhi,NEW DELHI,SOUTH(COMMISSIONER SOUTH),Lok Sabha,180480,186225,5745,1.0318,3.18,2025-04-08T00:00:00.000Z,2026-07-29T00:00:00.000Z,477,TRUE,FALSE,
212787,250043,Provision of lighting arrangement,Normal/Others,Bansuri Swaraj,Delhi,NEW DELHI,SOUTH(COMMISSIONER SOUTH),Lok Sabha,940201,490894,-449307,0.5221,-47.79,2025-11-25T00:00:00.000Z,2025-12-11T00:00:00.000Z,16,TRUE,FALSE,
222212,261144,Provision of lighting arrangement,Normal/Others,Bansuri Swaraj,Delhi,NEW DELHI,SOUTH(COMMISSIONER SOUTH),Lok Sabha,500000,575325,75325,1.1506,15.07,2026-01-31T00:00:00.000Z,2025-12-11T00:00:00.000Z,-51,TRUE,FALSE,
224814,261158,Provision of lighting arrangement,Normal/Others,Bansuri Swaraj,Delhi,NEW DELHI,CENTRAL(COMMISSIONER MCD (CENTRAL DISTRICT)),Lok Sabha,980561,424760,-555801,0.4332,-56.68,2026-01-31T00:00:00.000Z,2026-02-12T00:00:00.000Z,12,TRUE,FALSE,
230355,261225,Provision of lighting arrangement,Normal/Others,Bansuri Swaraj,Delhi,NEW DELHI,SOUTH(COMMISSIONER SOUTH),Lok Sabha,827143,327598,-499545,0.3961,-60.39,2026-01-31T00:00:00.000Z,2026-02-12T00:00:00.000Z,12,TRUE,FALSE,
230353,264762,Provision of lighting arrangement,Normal/Others,Bansuri Swaraj,Delhi,NEW DELHI,SOUTH(COMMISSIONER SOUTH),Lok Sabha,936709,367845,-568864,0.3927,-60.73,2026-02-10T00:00:00.000Z,2026-03-03T00:00:00.000Z,21,TRUE,FALSE,
231768,266758,Provision of lighting Arrangement,Repair and Renovation,Bansuri Swaraj,Delhi,NEW DELHI,SOUTH(COMMISSIONER SOUTH),Lok Sabha,959138,697948,-261190,0.7277,-27.23,2026-02-10T00:00:00.000Z,2026-03-13T00:00:00.000Z,31,TRUE,FALSE,
212783,275714,Provision of lighting arrangement,Normal/Others,Bansuri Swaraj,Delhi,NEW DELHI,SOUTH(COMMISSIONER SOUTH),Lok Sabha,1433070,792994,-640076,0.5534,-44.66,2026-03-25T00:00:00.000Z,2026-05-05T00:00:00.000Z,41,TRUE,FALSE,
248414,277944,Provision of lighting arrangement,Normal/Others,Bansuri Swaraj,Delhi,NEW DELHI,SOUTH(COMMISSIONER SOUTH),Lok Sabha,851452,346212,-505240,0.4066,-59.34,2026-04-23T00:00:00.000Z,2026-08-17T00:00:00.000Z,116,TRUE,FALSE,
189797,189800,Supply and Installation of kids play equipment,Repair and Renovation,Bansuri Swaraj,Delhi,NEW DELHI,CENTRAL(COMMISSIONER MCD (CENTRAL DISTRICT)),Lok Sabha,461445,186225,-275220,0.4036,-59.64,2025-04-08T00:00:00.000Z,2026-07-29T00:00:00.000Z,477,TRUE,FALSE,
175806,175692,GRAM DEVI SABHA BHAVAN,Normal/Others,BASAVARAJ BOMMAI,Karnataka,HAVERI,GADAG(Deputy Commsioner Gadag_ida),Lok Sabha,500000,1000000,500000,2,100,2025-02-15T00:00:00.000Z,2026-01-06T00:00:00.000Z,325,FALSE,FALSE,
179225,179037,KALMESHWAR SABHA BHAVAN,Normal/Others,BASAVARAJ BOMMAI,Karnataka,HAVERI,HAVERI(DEPUTY COMMISSIONER HAVERI_IDA),Lok Sabha,500000,500000,0,1,0,2025-03-04T00:00:00.000Z,2026-03-13T00:00:00.000Z,374,TRUE,FALSE,
179224,178980,MARUTI SABHA BHAVAN,Normal/Others,BASAVARAJ BOMMAI,Karnataka,HAVERI,HAVERI(DEPUTY COMMISSIONER HAVERI_IDA),Lok Sabha,1000000,300000,-700000,0.3,-70,2025-03-04T00:00:00.000Z,2026-03-13T00:00:00.000Z,374,TRUE,FALSE,
175361,1105,13 Camera for security purpose as per attched list,Normal/Others,BHAUSAHEB RAJARAM WAKCHAURE,Maharashtra,SHIRDI,SAHARSA(DISTRICT PLANNING OFFICER SAHARSA_IDA),Lok Sabha,198500,198500,0,1,0,2025-02-12T00:00:00.000Z,2025-09-27T00:00:00.000Z,227,FALSE,FALSE,
134642,134662,Construction work of 20 feet x 15 feet covered  Community Chaupal,Normal/Others,Dr. Bhim Singh (2024-30),Bihar,Sitting Rajya Sabha,JAMUI(DISTRICT PLANNING OFFICER JAMUI_IDA),Rajya Sabha,530000,516349,-13651,0.9742,-2.58,2024-08-05T00:00:00.000Z,2025-12-08T00:00:00.000Z,490,FALSE,FALSE,
134637,134664,Construction work of 20 feet x 15 feet covered  Community Chaupal,Normal/Others,Dr. Bhim Singh (2024-30),Bihar,Sitting Rajya Sabha,PATNA(DISTRICT PLANNING OFFICER PATNA_IDA),Rajya Sabha,530000,520774,-9226,0.9826,-1.74,2024-08-05T00:00:00.000Z,2025-12-12T00:00:00.000Z,494,FALSE,FALSE,
134540,134641,Construction work of 20 feet x 15 feet covered Community Chaupal,Normal/Others,Dr. Bhim Singh (2024-30),Bihar,Sitting Rajya Sabha,NALANDA(DISTRICT PLANNING OFFICER NALANDA_IDA),Rajya Sabha,530000,442475,-87525,0.8349,-16.51,2024-08-05T00:00:00.000Z,2025-03-27T00:00:00.000Z,234,FALSE,FALSE,
135850,134663,Construction work of 20 feet x 15 feet covered Community Chaupal,Normal/Others,Dr. Bhim Singh (2024-30),Bihar,Sitting Rajya Sabha,PATNA(DISTRICT PLANNING OFFICER PATNA_IDA),Rajya Sabha,530000,643136,113136,1.2135,21.35,2024-08-05T00:00:00.000Z,2025-04-07T00:00:00.000Z,245,TRUE,FALSE,
172323,135856,Construction work of 20 feet x 15 feet covered community Chaupal,Normal/Others,Dr. Bhim Singh (2024-30),Bihar,Sitting Rajya Sabha,AURANGABAD(DISTRICT PLANNING OFFICER AURANGABAD_IDA),Rajya Sabha,530000,524531,-5469,0.9897,-1.03,2024-08-16T00:00:00.000Z,2026-01-14T00:00:00.000Z,516,TRUE,FALSE,
145389,165183,Construction work of 20 feet x 15 feet covered Community Chaupal,Normal/Others,Dr. Bhim Singh (2024-30),Bihar,Sitting Rajya Sabha,KAIMUR (BHABUA)(DISTRICT PLANNING OFFICER KAIMUR BHABUA_IDA),Rajya Sabha,530000,479427,-50573,0.9046,-9.54,2025-01-13T00:00:00.000Z,2026-01-15T00:00:00.000Z,367,FALSE,FALSE,
134643,172320,Construction work of 20 feet x 15 feet covered Community Chaupal,Normal/Others,Dr. Bhim Singh (2024-30),Bihar,Sitting Rajya Sabha,JAMUI(DISTRICT PLANNING OFFICER JAMUI_IDA),Rajya Sabha,529900,522430,-7470,0.9859,-1.41,2025-02-04T00:00:00.000Z,2026-02-12T00:00:00.000Z,373,TRUE,FALSE,
157543,251287,Construction work of 20 feet x 15 feet covered Community Chaupal,Normal/Others,Dr. Bhim Singh (2024-30),Bihar,Sitting Rajya Sabha,NALANDA(DISTRICT PLANNING OFFICER NALANDA_IDA),Rajya Sabha,530000,527564,-2436,0.9954,-0.46,2025-11-29T00:00:00.000Z,2026-02-26T00:00:00.000Z,89,TRUE,FALSE,
139497,251293,Construction work of 20 feet x 15 feet covered Community Chaupal,Normal/Others,Dr. Bhim Singh (2024-30),Bihar,Sitting Rajya Sabha,JEHANABAD(DISTRICT PLANNING OFFICER JEHANABAD_IDA),Rajya Sabha,530000,528500,-1500,0.9972,-0.28,2025-11-29T00:00:00.000Z,2026-03-13T00:00:00.000Z,104,TRUE,FALSE,
134656,134650,"Construction work of 20 feet x 15 feet covered Community Chaupal
Rural",Normal/Others,Dr. Bhim Singh (2024-30),Bihar,Sitting Rajya Sabha,ARWAL(District Planning Officer Arwal_IDA),Rajya Sabha,530000,508791,-21209,0.96,-4,2024-08-05T00:00:00.000Z,2025-04-28T00:00:00.000Z,266,TRUE,FALSE,
134657,136531,Construction work of 20 feet x 15 feet covered Community Chaupal Rural,Normal/Others,Dr. Bhim Singh (2024-30),Bihar,Sitting Rajya Sabha,ARWAL(District Planning Officer Arwal_IDA),Rajya Sabha,530000,522080,-7920,0.9851,-1.49,2024-08-20T00:00:00.000Z,2025-12-17T00:00:00.000Z,484,TRUE,FALSE,
134482,149660,Construction work of 20 feet × 15 feet covered community chaupal.,Normal/Others,Dr. Bhim Singh (2024-30),Bihar,Sitting Rajya Sabha,PATNA(DISTRICT PLANNING OFFICER PATNA_IDA),Rajya Sabha,530000,529451,-549,0.999,-0.1,2024-10-28T00:00:00.000Z,2025-07-21T00:00:00.000Z,266,TRUE,FALSE,
258973,172319,Construction work of 20 x feet 15 feet covered community Chaupal,Normal/Others,Dr. Bhim Singh (2024-30),Bihar,Sitting Rajya Sabha,MADHUBANI(DISTRICT PLANNING OFFICER MADHUBANI_IDA),Rajya Sabha,530000,521730,-8270,0.9844,-1.56,2025-02-04T00:00:00.000Z,2026-03-13T00:00:00.000Z,402,FALSE,FALSE,
192258,216905,Installing a big hand pump (India Mark III) at a public place,Normal/Others,Dr. Bhim Singh (2024-30),Bihar,Sitting Rajya Sabha,PATNA(DISTRICT PLANNING OFFICER PATNA_IDA),Rajya Sabha,85000,81757,-3243,0.9618,-3.82,2025-07-10T00:00:00.000Z,2025-07-22T00:00:00.000Z,12,TRUE,FALSE,
192260,216907,Installing a big hand pump (India Mark III) at a public place,Normal/Others,Dr. Bhim Singh (2024-30),Bihar,Sitting Rajya Sabha,PATNA(DISTRICT PLANNING OFFICER PATNA_IDA),Rajya Sabha,85000,81782,-3218,0.9621,-3.79,2025-07-10T00:00:00.000Z,2025-07-22T00:00:00.000Z,12,TRUE,FALSE,
192262,216911,Installing a big hand pump (India Mark III) at a public place,Normal/Others,Dr. Bhim Singh (2024-30),Bihar,Sitting Rajya Sabha,PATNA(DISTRICT PLANNING OFFICER PATNA_IDA),Rajya Sabha,85000,81782,-3218,0.9621,-3.79,2025-07-10T00:00:00.000Z,2025-07-22T00:00:00.000Z,12,TRUE,FALSE,
192265,216922,Installing a big hand pump (India Mark III) at a public place,Normal/Others,Dr. Bhim Singh (2024-30),Bihar,Sitting Rajya Sabha,PATNA(DISTRICT PLANNING OFFICER PATNA_IDA),Rajya Sabha,85000,81782,-3218,0.9621,-3.79,2025-07-10T00:00:00.000Z,2025-07-22T00:00:00.000Z,12,TRUE,FALSE,
192275,255353,Installing a big hand pump (India Mark III) at a public place,Normal/Others,Dr. Bhim Singh (2024-30),Bihar,Sitting Rajya Sabha,PATNA(DISTRICT PLANNING OFFICER PATNA_IDA),Rajya Sabha,85000,81782,-3218,0.9621,-3.79,2025-12-24T00:00:00.000Z,2025-07-22T00:00:00.000Z,-155,TRUE,FALSE,
179358,179361,samudayik bhawan,Normal/Others,BHOJRAJ NAG,Chhattisgarh,KANKER,BALOD(Collector Balod_IDA),Lok Sabha,700000,693300,-6700,0.9904,-0.96,2025-03-06T00:00:00.000Z,2026-02-27T00:00:00.000Z,358,TRUE,FALSE,
187283,190267,Construction of CC Road,Normal/Others,BIBHU PRASAD TARAI,Odisha,JAGATSINGHPUR,JAGATSINGHAPUR(DISTRICT COLLECTOR JAGATSINGHPUR_IDA),Lok Sabha,150000,200000,50000,1.3333,33.33,2025-04-09T00:00:00.000Z,2025-12-01T00:00:00.000Z,236,FALSE,FALSE,
153099,147607,Letter as per attached.,Normal/Others,Shri Brij Lal (2020-26),Uttar Pradesh,Sitting Rajya Sabha,LUCKNOW(DISTRICT MAGISTRAE LUCKNOW_IDA),Rajya Sabha,780000,244561,-535439,0.3135,-68.65,2024-10-16T00:00:00.000Z,2026-01-18T00:00:00.000Z,459,TRUE,FALSE,
158085,158087,"Establishment of Mineral Water Plants in Nandikotkur Municipality

Scope of Work:
The project involves the establishment and operationalization of 04 mineral water plants across four designated wards in Nandikotkur Municipality, located within Nandikotkur Mandal. The primary objective of these plants is to provide access to clean and safe drinking water for the residents in the respective areas.

Location Details:

Ward 23

Ward 16

Ward 20

Ward 12


Estimated Cost:
The total estimated cost for",Normal/Others,DR BYREDDY SHABARI,Andhra Pradesh,NANDYAL,Nandyal(DISTRICT COLLECTOR NANDYAL_IDA),Lok Sabha,500000,494221,-5779,0.9884,-1.16,2024-12-11T00:00:00.000Z,2025-12-04T00:00:00.000Z,358,TRUE,FALSE,
158792,962,"Repairs to the sluice of Appala Reddy Cheruvu in Palakolanu Village, Orvakal Mandal. The proposed work includes restoration and strengthening of the sluice structure to ensure proper water flow management, prevent leakage, and enhance the irrigation potential of the tank, benefiting the local agricultural community.",Repair and Renovation,DR BYREDDY SHABARI,Andhra Pradesh,NANDYAL,KURNOOL(DISTRICT COLLECTOR KURNOOL_IDA),Lok Sabha,500000,499988,-12,1,0,2024-12-15T00:00:00.000Z,2026-08-15T00:00:00.000Z,608,TRUE,TRUE,
210473,1377,"Construction of community Hall at Bolamaranahalli Village, Anegola Grama Panchayath, Kikkeri Hobli, Krishnarajpet Taluk, Mandya District, Karnataka State.",Normal/Others,DR C N MANJUNATH,Karnataka,BANGALORE RURAL,MANDYA(DEPUTY COMMISSIONER MANDYA_IDA),Lok Sabha,490000,490000,0,1,0,2025-06-19T00:00:00.000Z,2026-08-10T00:00:00.000Z,417,TRUE,TRUE,
212960,1403,"Providing of RCC Drain near apartment (RTPP Main road), in Potladurthy village of Yerraguntla Mandal.",Normal/Others,C.M.RAMESH,Andhra Pradesh,ANAKAPALLE,Y.S.R. Kadapa(DISTRICT COLLECTOR CUDDAPAH_IDA),Lok Sabha,998255,998255,0,1,0,2025-06-27T00:00:00.000Z,2025-10-18T00:00:00.000Z,113,TRUE,TRUE,
197316,1294,Urgent repairs to Kamalapuram - Potladurthi road from KM 18-110 - 18-200 near Potladurthi Village of Yerraguntla Mandal in YSR Kadapa District,Repair and Renovation,C.M.RAMESH,Andhra Pradesh,ANAKAPALLE,Y.S.R. Kadapa(DISTRICT COLLECTOR CUDDAPAH_IDA),Lok Sabha,2480752,2480752,0,1,0,2025-05-07T00:00:00.000Z,2025-10-15T00:00:00.000Z,161,TRUE,TRUE,
214862,215223,HIGH MAST LIGHT WITH FOUR LED RECOMMENDED IN MY CONSTITUENCY NAGINA BY IMPLEMNETING AGENCY PCCD BIJNORE,Normal/Others,CHANDRA SHEKHAR,Uttar Pradesh,NAGINA,BIJNOR(DISTRICT MAGISTRATE BIJNOR_IDA),Lok Sabha,106900,106850,-50,0.9995,-0.05,2025-07-05T00:00:00.000Z,2025-12-17T00:00:00.000Z,165,TRUE,FALSE,
214863,215261,HIGH MAST LIGHT WITH FOUR LED RECOMMENDED IN MY CONSTITUENCY NAGINA BY IMPLEMNETING AGENCY PCCD BIJNORE,Normal/Others,CHANDRA SHEKHAR,Uttar Pradesh,NAGINA,BIJNOR(DISTRICT MAGISTRATE BIJNOR_IDA),Lok Sabha,106900,106850,-50,0.9995,-0.05,2025-07-05T00:00:00.000Z,2025-12-17T00:00:00.000Z,165,TRUE,FALSE,
214864,215262,HIGH MAST LIGHT WITH FOUR LED RECOMMENDED IN MY CONSTITUENCY NAGINA BY IMPLEMNETING AGENCY PCCD BIJNORE,Normal/Others,CHANDRA SHEKHAR,Uttar Pradesh,NAGINA,BIJNOR(DISTRICT MAGISTRATE BIJNOR_IDA),Lok Sabha,106900,106850,-50,0.9995,-0.05,2025-07-05T00:00:00.000Z,2025-12-17T00:00:00.000Z,165,TRUE,FALSE,
214865,251592,HIGH MAST LIGHT WITH FOUR LED RECOMMENDED IN MY CONSTITUENCY NAGINA BY IMPLEMNETING AGENCY PCCD BIJNORE,Normal/Others,CHANDRA SHEKHAR,Uttar Pradesh,NAGINA,BIJNOR(DISTRICT MAGISTRATE BIJNOR_IDA),Lok Sabha,106900,106850,-50,0.9995,-0.05,2025-12-01T00:00:00.000Z,2025-12-17T00:00:00.000Z,16,TRUE,FALSE,
214866,251593,HIGH MAST LIGHT WITH FOUR LED RECOMMENDED IN MY CONSTITUENCY NAGINA BY IMPLEMNETING AGENCY PCCD BIJNORE,Normal/Others,CHANDRA SHEKHAR,Uttar Pradesh,NAGINA,BIJNOR(DISTRICT MAGISTRATE BIJNOR_IDA),Lok Sabha,106900,106850,-50,0.9995,-0.05,2025-12-01T00:00:00.000Z,2025-12-17T00:00:00.000Z,16,TRUE,FALSE,
214867,251594,HIGH MAST LIGHT WITH FOUR LED RECOMMENDED IN MY CONSTITUENCY NAGINA BY IMPLEMNETING AGENCY PCCD BIJNORE,Normal/Others,CHANDRA SHEKHAR,Uttar Pradesh,NAGINA,BIJNOR(DISTRICT MAGISTRATE BIJNOR_IDA),Lok Sabha,106900,106850,-50,0.9995,-0.05,2025-12-01T00:00:00.000Z,2025-12-17T00:00:00.000Z,16,TRUE,FALSE,
214868,251595,HIGH MAST LIGHT WITH FOUR LED RECOMMENDED IN MY CONSTITUENCY NAGINA BY IMPLEMNETING AGENCY PCCD BIJNORE,Normal/Others,CHANDRA SHEKHAR,Uttar Pradesh,NAGINA,BIJNOR(DISTRICT MAGISTRATE BIJNOR_IDA),Lok Sabha,106900,106850,-50,0.9995,-0.05,2025-12-01T00:00:00.000Z,2025-12-17T00:00:00.000Z,16,TRUE,FALSE,
214869,251596,HIGH MAST LIGHT WITH FOUR LED RECOMMENDED IN MY CONSTITUENCY NAGINA BY IMPLEMNETING AGENCY PCCD BIJNORE,Normal/Others,CHANDRA SHEKHAR,Uttar Pradesh,NAGINA,BIJNOR(DISTRICT MAGISTRATE BIJNOR_IDA),Lok Sabha,106900,106850,-50,0.9995,-0.05,2025-12-01T00:00:00.000Z,2025-12-17T00:00:00.000Z,16,TRUE,FALSE,
214870,251597,HIGH MAST LIGHT WITH FOUR LED RECOMMENDED IN MY CONSTITUENCY NAGINA BY IMPLEMNETING AGENCY PCCD BIJNORE,Normal/Others,CHANDRA SHEKHAR,Uttar Pradesh,NAGINA,BIJNOR(DISTRICT MAGISTRATE BIJNOR_IDA),Lok Sabha,106900,106850,-50,0.9995,-0.05,2025-12-01T00:00:00.000Z,2025-12-17T00:00:00.000Z,16,TRUE,FALSE,
214871,251598,HIGH MAST LIGHT WITH FOUR LED RECOMMENDED IN MY CONSTITUENCY NAGINA BY IMPLEMNETING AGENCY PCCD BIJNORE,Normal/Others,CHANDRA SHEKHAR,Uttar Pradesh,NAGINA,BIJNOR(DISTRICT MAGISTRATE BIJNOR_IDA),Lok Sabha,106900,106850,-50,0.9995,-0.05,2025-12-01T00:00:00.000Z,2025-12-17T00:00:00.000Z,16,TRUE,FALSE,
214872,251599,HIGH MAST LIGHT WITH FOUR LED RECOMMENDED IN MY CONSTITUENCY NAGINA BY IMPLEMNETING AGENCY PCCD BIJNORE,Normal/Others,CHANDRA SHEKHAR,Uttar Pradesh,NAGINA,BIJNOR(DISTRICT MAGISTRATE BIJNOR_IDA),Lok Sabha,106900,106850,-50,0.9995,-0.05,2025-12-01T00:00:00.000Z,2025-12-17T00:00:00.000Z,16,TRUE,FALSE,
214873,251600,HIGH MAST LIGHT WITH FOUR LED RECOMMENDED IN MY CONSTITUENCY NAGINA BY IMPLEMNETING AGENCY PCCD BIJNORE,Normal/Others,CHANDRA SHEKHAR,Uttar Pradesh,NAGINA,BIJNOR(DISTRICT MAGISTRATE BIJNOR_IDA),Lok Sabha,106900,106850,-50,0.9995,-0.05,2025-12-01T00:00:00.000Z,2025-12-17T00:00:00.000Z,16,TRUE,FALSE,
214874,251601,HIGH MAST LIGHT WITH FOUR LED RECOMMENDED IN MY CONSTITUENCY NAGINA BY IMPLEMNETING AGENCY PCCD BIJNORE,Normal/Others,CHANDRA SHEKHAR,Uttar Pradesh,NAGINA,BIJNOR(DISTRICT MAGISTRATE BIJNOR_IDA),Lok Sabha,106900,106850,-50,0.9995,-0.05,2025-12-01T00:00:00.000Z,2025-12-17T00:00:00.000Z,16,TRUE,FALSE,
214875,251602,HIGH MAST LIGHT WITH FOUR LED RECOMMENDED IN MY CONSTITUENCY NAGINA BY IMPLEMNETING AGENCY PCCD BIJNORE,Normal/Others,CHANDRA SHEKHAR,Uttar Pradesh,NAGINA,BIJNOR(DISTRICT MAGISTRATE BIJNOR_IDA),Lok Sabha,106900,106850,-50,0.9995,-0.05,2025-12-01T00:00:00.000Z,2025-12-17T00:00:00.000Z,16,TRUE,FALSE,
214876,251603,HIGH MAST LIGHT WITH FOUR LED RECOMMENDED IN MY CONSTITUENCY NAGINA BY IMPLEMNETING AGENCY PCCD BIJNORE,Normal/Others,CHANDRA SHEKHAR,Uttar Pradesh,NAGINA,BIJNOR(DISTRICT MAGISTRATE BIJNOR_IDA),Lok Sabha,106900,106850,-50,0.9995,-0.05,2025-12-01T00:00:00.000Z,2025-12-17T00:00:00.000Z,16,TRUE,FALSE,
214877,251604,HIGH MAST LIGHT WITH FOUR LED RECOMMENDED IN MY CONSTITUENCY NAGINA BY IMPLEMNETING AGENCY PCCD BIJNORE,Normal/Others,CHANDRA SHEKHAR,Uttar Pradesh,NAGINA,BIJNOR(DISTRICT MAGISTRATE BIJNOR_IDA),Lok Sabha,106900,106850,-50,0.9995,-0.05,2025-12-01T00:00:00.000Z,2025-12-17T00:00:00.000Z,16,TRUE,FALSE,
214878,251605,HIGH MAST LIGHT WITH FOUR LED RECOMMENDED IN MY CONSTITUENCY NAGINA BY IMPLEMNETING AGENCY PCCD BIJNORE,Normal/Others,CHANDRA SHEKHAR,Uttar Pradesh,NAGINA,BIJNOR(DISTRICT MAGISTRATE BIJNOR_IDA),Lok Sabha,106900,106850,-50,0.9995,-0.05,2025-12-01T00:00:00.000Z,2025-12-17T00:00:00.000Z,16,TRUE,FALSE,
214879,251606,HIGH MAST LIGHT WITH FOUR LED RECOMMENDED IN MY CONSTITUENCY NAGINA BY IMPLEMNETING AGENCY PCCD BIJNORE,Normal/Others,CHANDRA SHEKHAR,Uttar Pradesh,NAGINA,BIJNOR(DISTRICT MAGISTRATE BIJNOR_IDA),Lok Sabha,106900,106850,-50,0.9995,-0.05,2025-12-01T00:00:00.000Z,2025-12-17T00:00:00.000Z,16,TRUE,FALSE,
214880,251607,HIGH MAST LIGHT WITH FOUR LED RECOMMENDED IN MY CONSTITUENCY NAGINA BY IMPLEMNETING AGENCY PCCD BIJNORE,Normal/Others,CHANDRA SHEKHAR,Uttar Pradesh,NAGINA,BIJNOR(DISTRICT MAGISTRATE BIJNOR_IDA),Lok Sabha,106900,106850,-50,0.9995,-0.05,2025-12-01T00:00:00.000Z,2025-12-17T00:00:00.000Z,16,TRUE,FALSE,
214881,251608,HIGH MAST LIGHT WITH FOUR LED RECOMMENDED IN MY CONSTITUENCY NAGINA BY IMPLEMNETING AGENCY PCCD BIJNORE,Normal/Others,CHANDRA SHEKHAR,Uttar Pradesh,NAGINA,BIJNOR(DISTRICT MAGISTRATE BIJNOR_IDA),Lok Sabha,106900,106850,-50,0.9995,-0.05,2025-12-01T00:00:00.000Z,2025-12-17T00:00:00.000Z,16,TRUE,FALSE,
214882,251609,HIGH MAST LIGHT WITH FOUR LED RECOMMENDED IN MY CONSTITUENCY NAGINA BY IMPLEMNETING AGENCY PCCD BIJNORE,Normal/Others,CHANDRA SHEKHAR,Uttar Pradesh,NAGINA,BIJNOR(DISTRICT MAGISTRATE BIJNOR_IDA),Lok Sabha,106900,106850,-50,0.9995,-0.05,2025-12-01T00:00:00.000Z,2025-12-17T00:00:00.000Z,16,TRUE,FALSE,
215085,251610,HIGH MAST LIGHT WITH FOUR LED RECOMMENDED IN MY CONSTITUENCY NAGINA BY IMPLEMNETING AGENCY PCCD BIJNORE,Normal/Others,CHANDRA SHEKHAR,Uttar Pradesh,NAGINA,BIJNOR(DISTRICT MAGISTRATE BIJNOR_IDA),Lok Sabha,106900,106850,-50,0.9995,-0.05,2025-12-01T00:00:00.000Z,2025-12-17T00:00:00.000Z,16,TRUE,FALSE,
215086,251611,HIGH MAST LIGHT WITH FOUR LED RECOMMENDED IN MY CONSTITUENCY NAGINA BY IMPLEMNETING AGENCY PCCD BIJNORE,Normal/Others,CHANDRA SHEKHAR,Uttar Pradesh,NAGINA,BIJNOR(DISTRICT MAGISTRATE BIJNOR_IDA),Lok Sabha,106900,106850,-50,0.9995,-0.05,2025-12-01T00:00:00.000Z,2025-12-17T00:00:00.000Z,16,TRUE,FALSE,
215087,251612,HIGH MAST LIGHT WITH FOUR LED RECOMMENDED IN MY CONSTITUENCY NAGINA BY IMPLEMNETING AGENCY PCCD BIJNORE,Normal/Others,CHANDRA SHEKHAR,Uttar Pradesh,NAGINA,BIJNOR(DISTRICT MAGISTRATE BIJNOR_IDA),Lok Sabha,106900,106850,-50,0.9995,-0.05,2025-12-01T00:00:00.000Z,2025-12-17T00:00:00.000Z,16,TRUE,FALSE,
215088,251613,HIGH MAST LIGHT WITH FOUR LED RECOMMENDED IN MY CONSTITUENCY NAGINA BY IMPLEMNETING AGENCY PCCD BIJNORE,Normal/Others,CHANDRA SHEKHAR,Uttar Pradesh,NAGINA,BIJNOR(DISTRICT MAGISTRATE BIJNOR_IDA),Lok Sabha,106900,106850,-50,0.9995,-0.05,2025-12-01T00:00:00.000Z,2025-12-17T00:00:00.000Z,16,TRUE,FALSE,
215089,251614,HIGH MAST LIGHT WITH FOUR LED RECOMMENDED IN MY CONSTITUENCY NAGINA BY IMPLEMNETING AGENCY PCCD BIJNORE,Normal/Others,CHANDRA SHEKHAR,Uttar Pradesh,NAGINA,BIJNOR(DISTRICT MAGISTRATE BIJNOR_IDA),Lok Sabha,106900,106850,-50,0.9995,-0.05,2025-12-01T00:00:00.000Z,2025-12-17T00:00:00.000Z,16,TRUE,FALSE,
215090,251615,HIGH MAST LIGHT WITH FOUR LED RECOMMENDED IN MY CONSTITUENCY NAGINA BY IMPLEMNETING AGENCY PCCD BIJNORE,Normal/Others,CHANDRA SHEKHAR,Uttar Pradesh,NAGINA,BIJNOR(DISTRICT MAGISTRATE BIJNOR_IDA),Lok Sabha,106900,106850,-50,0.9995,-0.05,2025-12-01T00:00:00.000Z,2025-12-17T00:00:00.000Z,16,TRUE,FALSE,
215091,251616,HIGH MAST LIGHT WITH FOUR LED RECOMMENDED IN MY CONSTITUENCY NAGINA BY IMPLEMNETING AGENCY PCCD BIJNORE,Normal/Others,CHANDRA SHEKHAR,Uttar Pradesh,NAGINA,BIJNOR(DISTRICT MAGISTRATE BIJNOR_IDA),Lok Sabha,106900,106850,-50,0.9995,-0.05,2025-12-01T00:00:00.000Z,2025-12-17T00:00:00.000Z,16,TRUE,FALSE,
215092,251617,HIGH MAST LIGHT WITH FOUR LED RECOMMENDED IN MY CONSTITUENCY NAGINA BY IMPLEMNETING AGENCY PCCD BIJNORE,Normal/Others,CHANDRA SHEKHAR,Uttar Pradesh,NAGINA,BIJNOR(DISTRICT MAGISTRATE BIJNOR_IDA),Lok Sabha,106900,106850,-50,0.9995,-0.05,2025-12-01T00:00:00.000Z,2025-12-17T00:00:00.000Z,16,TRUE,FALSE,
215093,251618,HIGH MAST LIGHT WITH FOUR LED RECOMMENDED IN MY CONSTITUENCY NAGINA BY IMPLEMNETING AGENCY PCCD BIJNORE,Normal/Others,CHANDRA SHEKHAR,Uttar Pradesh,NAGINA,BIJNOR(DISTRICT MAGISTRATE BIJNOR_IDA),Lok Sabha,106900,106850,-50,0.9995,-0.05,2025-12-01T00:00:00.000Z,2025-12-17T00:00:00.000Z,16,TRUE,FALSE,
215094,251619,HIGH MAST LIGHT WITH FOUR LED RECOMMENDED IN MY CONSTITUENCY NAGINA BY IMPLEMNETING AGENCY PCCD BIJNORE,Normal/Others,CHANDRA SHEKHAR,Uttar Pradesh,NAGINA,BIJNOR(DISTRICT MAGISTRATE BIJNOR_IDA),Lok Sabha,106900,106850,-50,0.9995,-0.05,2025-12-01T00:00:00.000Z,2025-12-17T00:00:00.000Z,16,TRUE,FALSE,
215095,251620,HIGH MAST LIGHT WITH FOUR LED RECOMMENDED IN MY CONSTITUENCY NAGINA BY IMPLEMNETING AGENCY PCCD BIJNORE,Normal/Others,CHANDRA SHEKHAR,Uttar Pradesh,NAGINA,BIJNOR(DISTRICT MAGISTRATE BIJNOR_IDA),Lok Sabha,106900,106850,-50,0.9995,-0.05,2025-12-01T00:00:00.000Z,2025-12-17T00:00:00.000Z,16,TRUE,FALSE,
215096,251621,HIGH MAST LIGHT WITH FOUR LED RECOMMENDED IN MY CONSTITUENCY NAGINA BY IMPLEMNETING AGENCY PCCD BIJNORE,Normal/Others,CHANDRA SHEKHAR,Uttar Pradesh,NAGINA,BIJNOR(DISTRICT MAGISTRATE BIJNOR_IDA),Lok Sabha,106900,106850,-50,0.9995,-0.05,2025-12-01T00:00:00.000Z,2025-12-17T00:00:00.000Z,16,TRUE,FALSE,
215097,251622,HIGH MAST LIGHT WITH FOUR LED RECOMMENDED IN MY CONSTITUENCY NAGINA BY IMPLEMNETING AGENCY PCCD BIJNORE,Normal/Others,CHANDRA SHEKHAR,Uttar Pradesh,NAGINA,BIJNOR(DISTRICT MAGISTRATE BIJNOR_IDA),Lok Sabha,106900,106850,-50,0.9995,-0.05,2025-12-01T00:00:00.000Z,2025-12-17T00:00:00.000Z,16,TRUE,FALSE,
215098,251627,HIGH MAST LIGHT WITH FOUR LED RECOMMENDED IN MY CONSTITUENCY NAGINA BY IMPLEMNETING AGENCY PCCD BIJNORE,Normal/Others,CHANDRA SHEKHAR,Uttar Pradesh,NAGINA,BIJNOR(DISTRICT MAGISTRATE BIJNOR_IDA),Lok Sabha,106900,106850,-50,0.9995,-0.05,2025-12-01T00:00:00.000Z,2025-12-17T00:00:00.000Z,16,TRUE,FALSE,
215099,251628,HIGH MAST LIGHT WITH FOUR LED RECOMMENDED IN MY CONSTITUENCY NAGINA BY IMPLEMNETING AGENCY PCCD BIJNORE,Normal/Others,CHANDRA SHEKHAR,Uttar Pradesh,NAGINA,BIJNOR(DISTRICT MAGISTRATE BIJNOR_IDA),Lok Sabha,106900,106850,-50,0.9995,-0.05,2025-12-01T00:00:00.000Z,2025-12-17T00:00:00.000Z,16,TRUE,FALSE,
215100,251629,HIGH MAST LIGHT WITH FOUR LED RECOMMENDED IN MY CONSTITUENCY NAGINA BY IMPLEMNETING AGENCY PCCD BIJNORE,Normal/Others,CHANDRA SHEKHAR,Uttar Pradesh,NAGINA,BIJNOR(DISTRICT MAGISTRATE BIJNOR_IDA),Lok Sabha,106900,106850,-50,0.9995,-0.05,2025-12-01T00:00:00.000Z,2025-12-17T00:00:00.000Z,16,TRUE,FALSE,
215101,251630,HIGH MAST LIGHT WITH FOUR LED RECOMMENDED IN MY CONSTITUENCY NAGINA BY IMPLEMNETING AGENCY PCCD BIJNORE,Normal/Others,CHANDRA SHEKHAR,Uttar Pradesh,NAGINA,BIJNOR(DISTRICT MAGISTRATE BIJNOR_IDA),Lok Sabha,106900,106850,-50,0.9995,-0.05,2025-12-01T00:00:00.000Z,2025-12-17T00:00:00.000Z,16,TRUE,FALSE,
215102,251631,HIGH MAST LIGHT WITH FOUR LED RECOMMENDED IN MY CONSTITUENCY NAGINA BY IMPLEMNETING AGENCY PCCD BIJNORE,Normal/Others,CHANDRA SHEKHAR,Uttar Pradesh,NAGINA,BIJNOR(DISTRICT MAGISTRATE BIJNOR_IDA),Lok Sabha,106900,106850,-50,0.9995,-0.05,2025-12-01T00:00:00.000Z,2025-12-17T00:00:00.000Z,16,TRUE,FALSE,
215103,251632,HIGH MAST LIGHT WITH FOUR LED RECOMMENDED IN MY CONSTITUENCY NAGINA BY IMPLEMNETING AGENCY PCCD BIJNORE,Normal/Others,CHANDRA SHEKHAR,Uttar Pradesh,NAGINA,BIJNOR(DISTRICT MAGISTRATE BIJNOR_IDA),Lok Sabha,106900,106850,-50,0.9995,-0.05,2025-12-01T00:00:00.000Z,2025-12-17T00:00:00.000Z,16,TRUE,FALSE,
215104,251633,HIGH MAST LIGHT WITH FOUR LED RECOMMENDED IN MY CONSTITUENCY NAGINA BY IMPLEMNETING AGENCY PCCD BIJNORE,Normal/Others,CHANDRA SHEKHAR,Uttar Pradesh,NAGINA,BIJNOR(DISTRICT MAGISTRATE BIJNOR_IDA),Lok Sabha,106900,106850,-50,0.9995,-0.05,2025-12-01T00:00:00.000Z,2025-12-17T00:00:00.000Z,16,TRUE,FALSE,
215105,251634,HIGH MAST LIGHT WITH FOUR LED RECOMMENDED IN MY CONSTITUENCY NAGINA BY IMPLEMNETING AGENCY PCCD BIJNORE,Normal/Others,CHANDRA SHEKHAR,Uttar Pradesh,NAGINA,BIJNOR(DISTRICT MAGISTRATE BIJNOR_IDA),Lok Sabha,106900,106850,-50,0.9995,-0.05,2025-12-01T00:00:00.000Z,2025-12-17T00:00:00.000Z,16,TRUE,FALSE,
215106,251635,HIGH MAST LIGHT WITH FOUR LED RECOMMENDED IN MY CONSTITUENCY NAGINA BY IMPLEMNETING AGENCY PCCD BIJNORE,Normal/Others,CHANDRA SHEKHAR,Uttar Pradesh,NAGINA,BIJNOR(DISTRICT MAGISTRATE BIJNOR_IDA),Lok Sabha,106900,106850,-50,0.9995,-0.05,2025-12-01T00:00:00.000Z,2025-12-17T00:00:00.000Z,16,TRUE,FALSE,
215107,251636,HIGH MAST LIGHT WITH FOUR LED RECOMMENDED IN MY CONSTITUENCY NAGINA BY IMPLEMNETING AGENCY PCCD BIJNORE,Normal/Others,CHANDRA SHEKHAR,Uttar Pradesh,NAGINA,BIJNOR(DISTRICT MAGISTRATE BIJNOR_IDA),Lok Sabha,106900,106850,-50,0.9995,-0.05,2025-12-01T00:00:00.000Z,2025-12-17T00:00:00.000Z,16,TRUE,FALSE,
215108,251637,HIGH MAST LIGHT WITH FOUR LED RECOMMENDED IN MY CONSTITUENCY NAGINA BY IMPLEMNETING AGENCY PCCD BIJNORE,Normal/Others,CHANDRA SHEKHAR,Uttar Pradesh,NAGINA,BIJNOR(DISTRICT MAGISTRATE BIJNOR_IDA),Lok Sabha,106900,106850,-50,0.9995,-0.05,2025-12-01T00:00:00.000Z,2025-12-17T00:00:00.000Z,16,TRUE,FALSE,
215109,251638,HIGH MAST LIGHT WITH FOUR LED RECOMMENDED IN MY CONSTITUENCY NAGINA BY IMPLEMNETING AGENCY PCCD BIJNORE,Normal/Others,CHANDRA SHEKHAR,Uttar Pradesh,NAGINA,BIJNOR(DISTRICT MAGISTRATE BIJNOR_IDA),Lok Sabha,106900,106850,-50,0.9995,-0.05,2025-12-01T00:00:00.000Z,2025-12-17T00:00:00.000Z,16,TRUE,FALSE,
215110,251639,HIGH MAST LIGHT WITH FOUR LED RECOMMENDED IN MY CONSTITUENCY NAGINA BY IMPLEMNETING AGENCY PCCD BIJNORE,Normal/Others,CHANDRA SHEKHAR,Uttar Pradesh,NAGINA,BIJNOR(DISTRICT MAGISTRATE BIJNOR_IDA),Lok Sabha,106900,106850,-50,0.9995,-0.05,2025-12-01T00:00:00.000Z,2025-12-17T00:00:00.000Z,16,TRUE,FALSE,
215111,251640,HIGH MAST LIGHT WITH FOUR LED RECOMMENDED IN MY CONSTITUENCY NAGINA BY IMPLEMNETING AGENCY PCCD BIJNORE,Normal/Others,CHANDRA SHEKHAR,Uttar Pradesh,NAGINA,BIJNOR(DISTRICT MAGISTRATE BIJNOR_IDA),Lok Sabha,106900,106850,-50,0.9995,-0.05,2025-12-01T00:00:00.000Z,2025-12-17T00:00:00.000Z,16,TRUE,FALSE,
215112,251641,HIGH MAST LIGHT WITH FOUR LED RECOMMENDED IN MY CONSTITUENCY NAGINA BY IMPLEMNETING AGENCY PCCD BIJNORE,Normal/Others,CHANDRA SHEKHAR,Uttar Pradesh,NAGINA,BIJNOR(DISTRICT MAGISTRATE BIJNOR_IDA),Lok Sabha,106900,106850,-50,0.9995,-0.05,2025-12-01T00:00:00.000Z,2025-12-17T00:00:00.000Z,16,TRUE,FALSE,
215113,251642,HIGH MAST LIGHT WITH FOUR LED RECOMMENDED IN MY CONSTITUENCY NAGINA BY IMPLEMNETING AGENCY PCCD BIJNORE,Normal/Others,CHANDRA SHEKHAR,Uttar Pradesh,NAGINA,BIJNOR(DISTRICT MAGISTRATE BIJNOR_IDA),Lok Sabha,106900,106850,-50,0.9995,-0.05,2025-12-01T00:00:00.000Z,2025-12-17T00:00:00.000Z,16,TRUE,FALSE,
215114,251643,HIGH MAST LIGHT WITH FOUR LED RECOMMENDED IN MY CONSTITUENCY NAGINA BY IMPLEMNETING AGENCY PCCD BIJNORE,Normal/Others,CHANDRA SHEKHAR,Uttar Pradesh,NAGINA,BIJNOR(DISTRICT MAGISTRATE BIJNOR_IDA),Lok Sabha,106900,106850,-50,0.9995,-0.05,2025-12-01T00:00:00.000Z,2025-12-17T00:00:00.000Z,16,TRUE,FALSE,
215115,251644,HIGH MAST LIGHT WITH FOUR LED RECOMMENDED IN MY CONSTITUENCY NAGINA BY IMPLEMNETING AGENCY PCCD BIJNORE,Normal/Others,CHANDRA SHEKHAR,Uttar Pradesh,NAGINA,BIJNOR(DISTRICT MAGISTRATE BIJNOR_IDA),Lok Sabha,106900,106850,-50,0.9995,-0.05,2025-12-01T00:00:00.000Z,2025-12-17T00:00:00.000Z,16,TRUE,FALSE,
215116,251645,HIGH MAST LIGHT WITH FOUR LED RECOMMENDED IN MY CONSTITUENCY NAGINA BY IMPLEMNETING AGENCY PCCD BIJNORE,Normal/Others,CHANDRA SHEKHAR,Uttar Pradesh,NAGINA,BIJNOR(DISTRICT MAGISTRATE BIJNOR_IDA),Lok Sabha,106900,106850,-50,0.9995,-0.05,2025-12-01T00:00:00.000Z,2025-12-17T00:00:00.000Z,16,TRUE,FALSE,
215117,251646,HIGH MAST LIGHT WITH FOUR LED RECOMMENDED IN MY CONSTITUENCY NAGINA BY IMPLEMNETING AGENCY PCCD BIJNORE,Normal/Others,CHANDRA SHEKHAR,Uttar Pradesh,NAGINA,BIJNOR(DISTRICT MAGISTRATE BIJNOR_IDA),Lok Sabha,106900,106850,-50,0.9995,-0.05,2025-12-01T00:00:00.000Z,2025-12-17T00:00:00.000Z,16,TRUE,FALSE,
215118,251647,HIGH MAST LIGHT WITH FOUR LED RECOMMENDED IN MY CONSTITUENCY NAGINA BY IMPLEMNETING AGENCY PCCD BIJNORE,Normal/Others,CHANDRA SHEKHAR,Uttar Pradesh,NAGINA,BIJNOR(DISTRICT MAGISTRATE BIJNOR_IDA),Lok Sabha,106900,106850,-50,0.9995,-0.05,2025-12-01T00:00:00.000Z,2025-12-17T00:00:00.000Z,16,TRUE,FALSE,
215191,251655,HIGH MAST LIGHT WITH FOUR LED RECOMMENDED IN MY CONSTITUENCY NAGINA BY IMPLEMNETING AGENCY PCCD BIJNORE,Normal/Others,CHANDRA SHEKHAR,Uttar Pradesh,NAGINA,BIJNOR(DISTRICT MAGISTRATE BIJNOR_IDA),Lok Sabha,106900,106850,-50,0.9995,-0.05,2025-12-01T00:00:00.000Z,2025-12-18T00:00:00.000Z,17,TRUE,FALSE,
215192,251656,HIGH MAST LIGHT WITH FOUR LED RECOMMENDED IN MY CONSTITUENCY NAGINA BY IMPLEMNETING AGENCY PCCD BIJNORE,Normal/Others,CHANDRA SHEKHAR,Uttar Pradesh,NAGINA,BIJNOR(DISTRICT MAGISTRATE BIJNOR_IDA),Lok Sabha,106900,106850,-50,0.9995,-0.05,2025-12-01T00:00:00.000Z,2025-12-18T00:00:00.000Z,17,TRUE,FALSE,
215193,251657,HIGH MAST LIGHT WITH FOUR LED RECOMMENDED IN MY CONSTITUENCY NAGINA BY IMPLEMNETING AGENCY PCCD BIJNORE,Normal/Others,CHANDRA SHEKHAR,Uttar Pradesh,NAGINA,BIJNOR(DISTRICT MAGISTRATE BIJNOR_IDA),Lok Sabha,106900,106850,-50,0.9995,-0.05,2025-12-01T00:00:00.000Z,2025-12-18T00:00:00.000Z,17,TRUE,FALSE,
215194,251658,HIGH MAST LIGHT WITH FOUR LED RECOMMENDED IN MY CONSTITUENCY NAGINA BY IMPLEMNETING AGENCY PCCD BIJNORE,Normal/Others,CHANDRA SHEKHAR,Uttar Pradesh,NAGINA,BIJNOR(DISTRICT MAGISTRATE BIJNOR_IDA),Lok Sabha,106900,106850,-50,0.9995,-0.05,2025-12-01T00:00:00.000Z,2025-12-18T00:00:00.000Z,17,TRUE,FALSE,
215195,251659,HIGH MAST LIGHT WITH FOUR LED RECOMMENDED IN MY CONSTITUENCY NAGINA BY IMPLEMNETING AGENCY PCCD BIJNORE,Normal/Others,CHANDRA SHEKHAR,Uttar Pradesh,NAGINA,BIJNOR(DISTRICT MAGISTRATE BIJNOR_IDA),Lok Sabha,106900,106850,-50,0.9995,-0.05,2025-12-01T00:00:00.000Z,2025-12-18T00:00:00.000Z,17,TRUE,FALSE,
215196,251660,HIGH MAST LIGHT WITH FOUR LED RECOMMENDED IN MY CONSTITUENCY NAGINA BY IMPLEMNETING AGENCY PCCD BIJNORE,Normal/Others,CHANDRA SHEKHAR,Uttar Pradesh,NAGINA,BIJNOR(DISTRICT MAGISTRATE BIJNOR_IDA),Lok Sabha,106900,106850,-50,0.9995,-0.05,2025-12-01T00:00:00.000Z,2025-12-18T00:00:00.000Z,17,TRUE,FALSE,
215197,251661,HIGH MAST LIGHT WITH FOUR LED RECOMMENDED IN MY CONSTITUENCY NAGINA BY IMPLEMNETING AGENCY PCCD BIJNORE,Normal/Others,CHANDRA SHEKHAR,Uttar Pradesh,NAGINA,BIJNOR(DISTRICT MAGISTRATE BIJNOR_IDA),Lok Sabha,106900,106850,-50,0.9995,-0.05,2025-12-01T00:00:00.000Z,2025-12-18T00:00:00.000Z,17,TRUE,FALSE,
215198,251662,HIGH MAST LIGHT WITH FOUR LED RECOMMENDED IN MY CONSTITUENCY NAGINA BY IMPLEMNETING AGENCY PCCD BIJNORE,Normal/Others,CHANDRA SHEKHAR,Uttar Pradesh,NAGINA,BIJNOR(DISTRICT MAGISTRATE BIJNOR_IDA),Lok Sabha,106900,106850,-50,0.9995,-0.05,2025-12-01T00:00:00.000Z,2025-12-18T00:00:00.000Z,17,TRUE,FALSE,
215199,251663,HIGH MAST LIGHT WITH FOUR LED RECOMMENDED IN MY CONSTITUENCY NAGINA BY IMPLEMNETING AGENCY PCCD BIJNORE,Normal/Others,CHANDRA SHEKHAR,Uttar Pradesh,NAGINA,BIJNOR(DISTRICT MAGISTRATE BIJNOR_IDA),Lok Sabha,106900,106850,-50,0.9995,-0.05,2025-12-01T00:00:00.000Z,2025-12-18T00:00:00.000Z,17,TRUE,FALSE,
215200,251664,HIGH MAST LIGHT WITH FOUR LED RECOMMENDED IN MY CONSTITUENCY NAGINA BY IMPLEMNETING AGENCY PCCD BIJNORE,Normal/Others,CHANDRA SHEKHAR,Uttar Pradesh,NAGINA,BIJNOR(DISTRICT MAGISTRATE BIJNOR_IDA),Lok Sabha,106900,106850,-50,0.9995,-0.05,2025-12-01T00:00:00.000Z,2025-12-18T00:00:00.000Z,17,TRUE,FALSE,
215201,251665,HIGH MAST LIGHT WITH FOUR LED RECOMMENDED IN MY CONSTITUENCY NAGINA BY IMPLEMNETING AGENCY PCCD BIJNORE,Normal/Others,CHANDRA SHEKHAR,Uttar Pradesh,NAGINA,BIJNOR(DISTRICT MAGISTRATE BIJNOR_IDA),Lok Sabha,106900,106850,-50,0.9995,-0.05,2025-12-01T00:00:00.000Z,2025-12-18T00:00:00.000Z,17,TRUE,FALSE,
215202,251666,HIGH MAST LIGHT WITH FOUR LED RECOMMENDED IN MY CONSTITUENCY NAGINA BY IMPLEMNETING AGENCY PCCD BIJNORE,Normal/Others,CHANDRA SHEKHAR,Uttar Pradesh,NAGINA,BIJNOR(DISTRICT MAGISTRATE BIJNOR_IDA),Lok Sabha,106900,106850,-50,0.9995,-0.05,2025-12-01T00:00:00.000Z,2025-12-18T00:00:00.000Z,17,TRUE,FALSE,
215203,251667,HIGH MAST LIGHT WITH FOUR LED RECOMMENDED IN MY CONSTITUENCY NAGINA BY IMPLEMNETING AGENCY PCCD BIJNORE,Normal/Others,CHANDRA SHEKHAR,Uttar Pradesh,NAGINA,BIJNOR(DISTRICT MAGISTRATE BIJNOR_IDA),Lok Sabha,106900,106850,-50,0.9995,-0.05,2025-12-01T00:00:00.000Z,2025-12-18T00:00:00.000Z,17,TRUE,FALSE,
215204,251668,HIGH MAST LIGHT WITH FOUR LED RECOMMENDED IN MY CONSTITUENCY NAGINA BY IMPLEMNETING AGENCY PCCD BIJNORE,Normal/Others,CHANDRA SHEKHAR,Uttar Pradesh,NAGINA,BIJNOR(DISTRICT MAGISTRATE BIJNOR_IDA),Lok Sabha,106900,106850,-50,0.9995,-0.05,2025-12-01T00:00:00.000Z,2025-12-18T00:00:00.000Z,17,TRUE,FALSE,
215205,251669,HIGH MAST LIGHT WITH FOUR LED RECOMMENDED IN MY CONSTITUENCY NAGINA BY IMPLEMNETING AGENCY PCCD BIJNORE,Normal/Others,CHANDRA SHEKHAR,Uttar Pradesh,NAGINA,BIJNOR(DISTRICT MAGISTRATE BIJNOR_IDA),Lok Sabha,106900,106850,-50,0.9995,-0.05,2025-12-01T00:00:00.000Z,2025-12-18T00:00:00.000Z,17,TRUE,FALSE,
215206,251670,HIGH MAST LIGHT WITH FOUR LED RECOMMENDED IN MY CONSTITUENCY NAGINA BY IMPLEMNETING AGENCY PCCD BIJNORE,Normal/Others,CHANDRA SHEKHAR,Uttar Pradesh,NAGINA,BIJNOR(DISTRICT MAGISTRATE BIJNOR_IDA),Lok Sabha,106900,106850,-50,0.9995,-0.05,2025-12-01T00:00:00.000Z,2025-12-18T00:00:00.000Z,17,TRUE,FALSE,
215207,251671,HIGH MAST LIGHT WITH FOUR LED RECOMMENDED IN MY CONSTITUENCY NAGINA BY IMPLEMNETING AGENCY PCCD BIJNORE,Normal/Others,CHANDRA SHEKHAR,Uttar Pradesh,NAGINA,BIJNOR(DISTRICT MAGISTRATE BIJNOR_IDA),Lok Sabha,106900,106850,-50,0.9995,-0.05,2025-12-01T00:00:00.000Z,2025-12-18T00:00:00.000Z,17,TRUE,FALSE,
215208,251672,HIGH MAST LIGHT WITH FOUR LED RECOMMENDED IN MY CONSTITUENCY NAGINA BY IMPLEMNETING AGENCY PCCD BIJNORE,Normal/Others,CHANDRA SHEKHAR,Uttar Pradesh,NAGINA,BIJNOR(DISTRICT MAGISTRATE BIJNOR_IDA),Lok Sabha,106900,106850,-50,0.9995,-0.05,2025-12-01T00:00:00.000Z,2025-12-18T00:00:00.000Z,17,TRUE,FALSE,
215210,251673,HIGH MAST LIGHT WITH FOUR LED RECOMMENDED IN MY CONSTITUENCY NAGINA BY IMPLEMNETING AGENCY PCCD BIJNORE,Normal/Others,CHANDRA SHEKHAR,Uttar Pradesh,NAGINA,BIJNOR(DISTRICT MAGISTRATE BIJNOR_IDA),Lok Sabha,106900,106850,-50,0.9995,-0.05,2025-12-01T00:00:00.000Z,2025-12-18T00:00:00.000Z,17,TRUE,FALSE,
215213,251674,HIGH MAST LIGHT WITH FOUR LED RECOMMENDED IN MY CONSTITUENCY NAGINA BY IMPLEMNETING AGENCY PCCD BIJNORE,Normal/Others,CHANDRA SHEKHAR,Uttar Pradesh,NAGINA,BIJNOR(DISTRICT MAGISTRATE BIJNOR_IDA),Lok Sabha,106900,106850,-50,0.9995,-0.05,2025-12-01T00:00:00.000Z,2025-12-18T00:00:00.000Z,17,TRUE,FALSE,
215214,251675,HIGH MAST LIGHT WITH FOUR LED RECOMMENDED IN MY CONSTITUENCY NAGINA BY IMPLEMNETING AGENCY PCCD BIJNORE,Normal/Others,CHANDRA SHEKHAR,Uttar Pradesh,NAGINA,BIJNOR(DISTRICT MAGISTRATE BIJNOR_IDA),Lok Sabha,106900,106850,-50,0.9995,-0.05,2025-12-01T00:00:00.000Z,2025-12-18T00:00:00.000Z,17,TRUE,FALSE,
215215,251676,HIGH MAST LIGHT WITH FOUR LED RECOMMENDED IN MY CONSTITUENCY NAGINA BY IMPLEMNETING AGENCY PCCD BIJNORE,Normal/Others,CHANDRA SHEKHAR,Uttar Pradesh,NAGINA,BIJNOR(DISTRICT MAGISTRATE BIJNOR_IDA),Lok Sabha,106900,106850,-50,0.9995,-0.05,2025-12-01T00:00:00.000Z,2025-12-18T00:00:00.000Z,17,TRUE,FALSE,
215216,251677,HIGH MAST LIGHT WITH FOUR LED RECOMMENDED IN MY CONSTITUENCY NAGINA BY IMPLEMNETING AGENCY PCCD BIJNORE,Normal/Others,CHANDRA SHEKHAR,Uttar Pradesh,NAGINA,BIJNOR(DISTRICT MAGISTRATE BIJNOR_IDA),Lok Sabha,106900,106850,-50,0.9995,-0.05,2025-12-01T00:00:00.000Z,2025-12-18T00:00:00.000Z,17,TRUE,FALSE,
215217,251678,HIGH MAST LIGHT WITH FOUR LED RECOMMENDED IN MY CONSTITUENCY NAGINA BY IMPLEMNETING AGENCY PCCD BIJNORE,Normal/Others,CHANDRA SHEKHAR,Uttar Pradesh,NAGINA,BIJNOR(DISTRICT MAGISTRATE BIJNOR_IDA),Lok Sabha,106900,106850,-50,0.9995,-0.05,2025-12-01T00:00:00.000Z,2025-12-18T00:00:00.000Z,17,TRUE,FALSE,
215211,251679,HIGH MAST LIGHT WITH FOUR LED RECOMMENDED IN MY CONSTITUENCY NAGINA BY IMPLEMNETING AGENCY PCCD BIJNORE,Normal/Others,CHANDRA SHEKHAR,Uttar Pradesh,NAGINA,BIJNOR(DISTRICT MAGISTRATE BIJNOR_IDA),Lok Sabha,106900,106850,-50,0.9995,-0.05,2025-12-01T00:00:00.000Z,2026-01-05T00:00:00.000Z,35,TRUE,FALSE,
215212,251680,HIGH MAST LIGHT WITH FOUR LED RECOMMENDED IN MY CONSTITUENCY NAGINA BY IMPLEMNETING AGENCY PCCD BIJNORE,Normal/Others,CHANDRA SHEKHAR,Uttar Pradesh,NAGINA,BIJNOR(DISTRICT MAGISTRATE BIJNOR_IDA),Lok Sabha,106900,106850,-50,0.9995,-0.05,2025-12-01T00:00:00.000Z,2026-01-05T00:00:00.000Z,35,TRUE,FALSE,
215218,251687,HIGH MAST LIGHT WITH FOUR LED RECOMMENDED IN MY CONSTITUENCY NAGINA BY IMPLEMNETING AGENCY PCCD BIJNORE,Normal/Others,CHANDRA SHEKHAR,Uttar Pradesh,NAGINA,BIJNOR(DISTRICT MAGISTRATE BIJNOR_IDA),Lok Sabha,106900,106850,-50,0.9995,-0.05,2025-12-01T00:00:00.000Z,2026-01-05T00:00:00.000Z,35,TRUE,FALSE,
215219,251688,HIGH MAST LIGHT WITH FOUR LED RECOMMENDED IN MY CONSTITUENCY NAGINA BY IMPLEMNETING AGENCY PCCD BIJNORE,Normal/Others,CHANDRA SHEKHAR,Uttar Pradesh,NAGINA,BIJNOR(DISTRICT MAGISTRATE BIJNOR_IDA),Lok Sabha,106900,106850,-50,0.9995,-0.05,2025-12-01T00:00:00.000Z,2026-01-05T00:00:00.000Z,35,TRUE,FALSE,
215220,251689,HIGH MAST LIGHT WITH FOUR LED RECOMMENDED IN MY CONSTITUENCY NAGINA BY IMPLEMNETING AGENCY PCCD BIJNORE,Normal/Others,CHANDRA SHEKHAR,Uttar Pradesh,NAGINA,BIJNOR(DISTRICT MAGISTRATE BIJNOR_IDA),Lok Sabha,106900,106850,-50,0.9995,-0.05,2025-12-01T00:00:00.000Z,2026-01-05T00:00:00.000Z,35,TRUE,FALSE,
215221,251690,HIGH MAST LIGHT WITH FOUR LED RECOMMENDED IN MY CONSTITUENCY NAGINA BY IMPLEMNETING AGENCY PCCD BIJNORE,Normal/Others,CHANDRA SHEKHAR,Uttar Pradesh,NAGINA,BIJNOR(DISTRICT MAGISTRATE BIJNOR_IDA),Lok Sabha,106900,106850,-50,0.9995,-0.05,2025-12-01T00:00:00.000Z,2026-01-05T00:00:00.000Z,35,TRUE,FALSE,
215222,251691,HIGH MAST LIGHT WITH FOUR LED RECOMMENDED IN MY CONSTITUENCY NAGINA BY IMPLEMNETING AGENCY PCCD BIJNORE,Normal/Others,CHANDRA SHEKHAR,Uttar Pradesh,NAGINA,BIJNOR(DISTRICT MAGISTRATE BIJNOR_IDA),Lok Sabha,106900,106850,-50,0.9995,-0.05,2025-12-01T00:00:00.000Z,2026-01-05T00:00:00.000Z,35,TRUE,FALSE,
215224,251692,HIGH MAST LIGHT WITH FOUR LED RECOMMENDED IN MY CONSTITUENCY NAGINA BY IMPLEMNETING AGENCY PCCD BIJNORE,Normal/Others,CHANDRA SHEKHAR,Uttar Pradesh,NAGINA,BIJNOR(DISTRICT MAGISTRATE BIJNOR_IDA),Lok Sabha,106900,106850,-50,0.9995,-0.05,2025-12-01T00:00:00.000Z,2026-01-05T00:00:00.000Z,35,TRUE,FALSE,
215225,251693,HIGH MAST LIGHT WITH FOUR LED RECOMMENDED IN MY CONSTITUENCY NAGINA BY IMPLEMNETING AGENCY PCCD BIJNORE,Normal/Others,CHANDRA SHEKHAR,Uttar Pradesh,NAGINA,BIJNOR(DISTRICT MAGISTRATE BIJNOR_IDA),Lok Sabha,106900,106850,-50,0.9995,-0.05,2025-12-01T00:00:00.000Z,2026-01-05T00:00:00.000Z,35,TRUE,FALSE,
215226,251694,HIGH MAST LIGHT WITH FOUR LED RECOMMENDED IN MY CONSTITUENCY NAGINA BY IMPLEMNETING AGENCY PCCD BIJNORE,Normal/Others,CHANDRA SHEKHAR,Uttar Pradesh,NAGINA,BIJNOR(DISTRICT MAGISTRATE BIJNOR_IDA),Lok Sabha,106900,106850,-50,0.9995,-0.05,2025-12-01T00:00:00.000Z,2026-01-05T00:00:00.000Z,35,TRUE,FALSE,
215231,251695,HIGH MAST LIGHT WITH FOUR LED RECOMMENDED IN MY CONSTITUENCY NAGINA BY IMPLEMNETING AGENCY PCCD BIJNORE,Normal/Others,CHANDRA SHEKHAR,Uttar Pradesh,NAGINA,BIJNOR(DISTRICT MAGISTRATE BIJNOR_IDA),Lok Sabha,106900,106850,-50,0.9995,-0.05,2025-12-01T00:00:00.000Z,2026-01-05T00:00:00.000Z,35,TRUE,FALSE,
215232,251696,HIGH MAST LIGHT WITH FOUR LED RECOMMENDED IN MY CONSTITUENCY NAGINA BY IMPLEMNETING AGENCY PCCD BIJNORE,Normal/Others,CHANDRA SHEKHAR,Uttar Pradesh,NAGINA,BIJNOR(DISTRICT MAGISTRATE BIJNOR_IDA),Lok Sabha,106900,106850,-50,0.9995,-0.05,2025-12-01T00:00:00.000Z,2026-01-05T00:00:00.000Z,35,TRUE,FALSE,
215233,251697,HIGH MAST LIGHT WITH FOUR LED RECOMMENDED IN MY CONSTITUENCY NAGINA BY IMPLEMNETING AGENCY PCCD BIJNORE,Normal/Others,CHANDRA SHEKHAR,Uttar Pradesh,NAGINA,BIJNOR(DISTRICT MAGISTRATE BIJNOR_IDA),Lok Sabha,106900,106850,-50,0.9995,-0.05,2025-12-01T00:00:00.000Z,2026-01-05T00:00:00.000Z,35,TRUE,FALSE,
215234,251698,HIGH MAST LIGHT WITH FOUR LED RECOMMENDED IN MY CONSTITUENCY NAGINA BY IMPLEMNETING AGENCY PCCD BIJNORE,Normal/Others,CHANDRA SHEKHAR,Uttar Pradesh,NAGINA,BIJNOR(DISTRICT MAGISTRATE BIJNOR_IDA),Lok Sabha,106900,106850,-50,0.9995,-0.05,2025-12-01T00:00:00.000Z,2026-01-05T00:00:00.000Z,35,TRUE,FALSE,
215235,251699,HIGH MAST LIGHT WITH FOUR LED RECOMMENDED IN MY CONSTITUENCY NAGINA BY IMPLEMNETING AGENCY PCCD BIJNORE,Normal/Others,CHANDRA SHEKHAR,Uttar Pradesh,NAGINA,BIJNOR(DISTRICT MAGISTRATE BIJNOR_IDA),Lok Sabha,106900,106850,-50,0.9995,-0.05,2025-12-01T00:00:00.000Z,2026-01-05T00:00:00.000Z,35,TRUE,FALSE,
215236,251700,HIGH MAST LIGHT WITH FOUR LED RECOMMENDED IN MY CONSTITUENCY NAGINA BY IMPLEMNETING AGENCY PCCD BIJNORE,Normal/Others,CHANDRA SHEKHAR,Uttar Pradesh,NAGINA,BIJNOR(DISTRICT MAGISTRATE BIJNOR_IDA),Lok Sabha,106900,106850,-50,0.9995,-0.05,2025-12-01T00:00:00.000Z,2026-01-05T00:00:00.000Z,35,TRUE,FALSE,
215237,251701,HIGH MAST LIGHT WITH FOUR LED RECOMMENDED IN MY CONSTITUENCY NAGINA BY IMPLEMNETING AGENCY PCCD BIJNORE,Normal/Others,CHANDRA SHEKHAR,Uttar Pradesh,NAGINA,BIJNOR(DISTRICT MAGISTRATE BIJNOR_IDA),Lok Sabha,106900,106850,-50,0.9995,-0.05,2025-12-01T00:00:00.000Z,2026-01-05T00:00:00.000Z,35,TRUE,FALSE,
215238,251702,HIGH MAST LIGHT WITH FOUR LED RECOMMENDED IN MY CONSTITUENCY NAGINA BY IMPLEMNETING AGENCY PCCD BIJNORE,Normal/Others,CHANDRA SHEKHAR,Uttar Pradesh,NAGINA,BIJNOR(DISTRICT MAGISTRATE BIJNOR_IDA),Lok Sabha,106900,106850,-50,0.9995,-0.05,2025-12-01T00:00:00.000Z,2026-01-05T00:00:00.000Z,35,TRUE,FALSE,
215239,251703,HIGH MAST LIGHT WITH FOUR LED RECOMMENDED IN MY CONSTITUENCY NAGINA BY IMPLEMNETING AGENCY PCCD BIJNORE,Normal/Others,CHANDRA SHEKHAR,Uttar Pradesh,NAGINA,BIJNOR(DISTRICT MAGISTRATE BIJNOR_IDA),Lok Sabha,106900,106850,-50,0.9995,-0.05,2025-12-01T00:00:00.000Z,2026-01-05T00:00:00.000Z,35,TRUE,FALSE,
215240,251704,HIGH MAST LIGHT WITH FOUR LED RECOMMENDED IN MY CONSTITUENCY NAGINA BY IMPLEMNETING AGENCY PCCD BIJNORE,Normal/Others,CHANDRA SHEKHAR,Uttar Pradesh,NAGINA,BIJNOR(DISTRICT MAGISTRATE BIJNOR_IDA),Lok Sabha,106900,106850,-50,0.9995,-0.05,2025-12-01T00:00:00.000Z,2026-01-05T00:00:00.000Z,35,TRUE,FALSE,
215241,251705,HIGH MAST LIGHT WITH FOUR LED RECOMMENDED IN MY CONSTITUENCY NAGINA BY IMPLEMNETING AGENCY PCCD BIJNORE,Normal/Others,CHANDRA SHEKHAR,Uttar Pradesh,NAGINA,BIJNOR(DISTRICT MAGISTRATE BIJNOR_IDA),Lok Sabha,106900,106850,-50,0.9995,-0.05,2025-12-01T00:00:00.000Z,2026-01-05T00:00:00.000Z,35,TRUE,FALSE,
215242,251706,HIGH MAST LIGHT WITH FOUR LED RECOMMENDED IN MY CONSTITUENCY NAGINA BY IMPLEMNETING AGENCY PCCD BIJNORE,Normal/Others,CHANDRA SHEKHAR,Uttar Pradesh,NAGINA,BIJNOR(DISTRICT MAGISTRATE BIJNOR_IDA),Lok Sabha,106900,106850,-50,0.9995,-0.05,2025-12-01T00:00:00.000Z,2026-01-05T00:00:00.000Z,35,TRUE,FALSE,
215243,251707,HIGH MAST LIGHT WITH FOUR LED RECOMMENDED IN MY CONSTITUENCY NAGINA BY IMPLEMNETING AGENCY PCCD BIJNORE,Normal/Others,CHANDRA SHEKHAR,Uttar Pradesh,NAGINA,BIJNOR(DISTRICT MAGISTRATE BIJNOR_IDA),Lok Sabha,106900,106850,-50,0.9995,-0.05,2025-12-01T00:00:00.000Z,2026-01-05T00:00:00.000Z,35,TRUE,FALSE,
215246,251708,HIGH MAST LIGHT WITH FOUR LED RECOMMENDED IN MY CONSTITUENCY NAGINA BY IMPLEMNETING AGENCY PCCD BIJNORE,Normal/Others,CHANDRA SHEKHAR,Uttar Pradesh,NAGINA,BIJNOR(DISTRICT MAGISTRATE BIJNOR_IDA),Lok Sabha,106900,106850,-50,0.9995,-0.05,2025-12-01T00:00:00.000Z,2026-01-05T00:00:00.000Z,35,TRUE,FALSE,
215247,251709,HIGH MAST LIGHT WITH FOUR LED RECOMMENDED IN MY CONSTITUENCY NAGINA BY IMPLEMNETING AGENCY PCCD BIJNORE,Normal/Others,CHANDRA SHEKHAR,Uttar Pradesh,NAGINA,BIJNOR(DISTRICT MAGISTRATE BIJNOR_IDA),Lok Sabha,106900,106850,-50,0.9995,-0.05,2025-12-01T00:00:00.000Z,2026-01-05T00:00:00.000Z,35,TRUE,FALSE,
215248,251710,HIGH MAST LIGHT WITH FOUR LED RECOMMENDED IN MY CONSTITUENCY NAGINA BY IMPLEMNETING AGENCY PCCD BIJNORE,Normal/Others,CHANDRA SHEKHAR,Uttar Pradesh,NAGINA,BIJNOR(DISTRICT MAGISTRATE BIJNOR_IDA),Lok Sabha,106900,106850,-50,0.9995,-0.05,2025-12-01T00:00:00.000Z,2026-01-05T00:00:00.000Z,35,TRUE,FALSE,
215249,251711,HIGH MAST LIGHT WITH FOUR LED RECOMMENDED IN MY CONSTITUENCY NAGINA BY IMPLEMNETING AGENCY PCCD BIJNORE,Normal/Others,CHANDRA SHEKHAR,Uttar Pradesh,NAGINA,BIJNOR(DISTRICT MAGISTRATE BIJNOR_IDA),Lok Sabha,106900,106850,-50,0.9995,-0.05,2025-12-01T00:00:00.000Z,2026-01-05T00:00:00.000Z,35,TRUE,FALSE,
215250,251729,HIGH MAST LIGHT WITH FOUR LED RECOMMENDED IN MY CONSTITUENCY NAGINA BY IMPLEMNETING AGENCY PCCD BIJNORE,Normal/Others,CHANDRA SHEKHAR,Uttar Pradesh,NAGINA,BIJNOR(DISTRICT MAGISTRATE BIJNOR_IDA),Lok Sabha,106900,106850,-50,0.9995,-0.05,2025-12-01T00:00:00.000Z,2026-01-05T00:00:00.000Z,35,TRUE,FALSE,
215251,251730,HIGH MAST LIGHT WITH FOUR LED RECOMMENDED IN MY CONSTITUENCY NAGINA BY IMPLEMNETING AGENCY PCCD BIJNORE,Normal/Others,CHANDRA SHEKHAR,Uttar Pradesh,NAGINA,BIJNOR(DISTRICT MAGISTRATE BIJNOR_IDA),Lok Sabha,106900,106850,-50,0.9995,-0.05,2025-12-01T00:00:00.000Z,2026-01-05T00:00:00.000Z,35,TRUE,FALSE,
215252,251731,HIGH MAST LIGHT WITH FOUR LED RECOMMENDED IN MY CONSTITUENCY NAGINA BY IMPLEMNETING AGENCY PCCD BIJNORE,Normal/Others,CHANDRA SHEKHAR,Uttar Pradesh,NAGINA,BIJNOR(DISTRICT MAGISTRATE BIJNOR_IDA),Lok Sabha,106900,106850,-50,0.9995,-0.05,2025-12-01T00:00:00.000Z,2026-01-05T00:00:00.000Z,35,TRUE,FALSE,
215256,251732,HIGH MAST LIGHT WITH FOUR LED RECOMMENDED IN MY CONSTITUENCY NAGINA BY IMPLEMNETING AGENCY PCCD BIJNORE,Normal/Others,CHANDRA SHEKHAR,Uttar Pradesh,NAGINA,BIJNOR(DISTRICT MAGISTRATE BIJNOR_IDA),Lok Sabha,106900,106850,-50,0.9995,-0.05,2025-12-01T00:00:00.000Z,2026-01-05T00:00:00.000Z,35,TRUE,FALSE,
215257,251733,HIGH MAST LIGHT WITH FOUR LED RECOMMENDED IN MY CONSTITUENCY NAGINA BY IMPLEMNETING AGENCY PCCD BIJNORE,Normal/Others,CHANDRA SHEKHAR,Uttar Pradesh,NAGINA,BIJNOR(DISTRICT MAGISTRATE BIJNOR_IDA),Lok Sabha,106900,106850,-50,0.9995,-0.05,2025-12-01T00:00:00.000Z,2026-01-05T00:00:00.000Z,35,TRUE,FALSE,
215253,251734,HIGH MAST LIGHT WITH FOUR LED RECOMMENDED IN MY CONSTITUENCY NAGINA BY IMPLEMNETING AGENCY PCCD BIJNORE,Normal/Others,CHANDRA SHEKHAR,Uttar Pradesh,NAGINA,BIJNOR(DISTRICT MAGISTRATE BIJNOR_IDA),Lok Sabha,106900,106850,-50,0.9995,-0.05,2025-12-01T00:00:00.000Z,2026-01-06T00:00:00.000Z,36,TRUE,FALSE,
215254,251735,HIGH MAST LIGHT WITH FOUR LED RECOMMENDED IN MY CONSTITUENCY NAGINA BY IMPLEMNETING AGENCY PCCD BIJNORE,Normal/Others,CHANDRA SHEKHAR,Uttar Pradesh,NAGINA,BIJNOR(DISTRICT MAGISTRATE BIJNOR_IDA),Lok Sabha,106900,106850,-50,0.9995,-0.05,2025-12-01T00:00:00.000Z,2026-01-06T00:00:00.000Z,36,TRUE,FALSE,
215255,251736,HIGH MAST LIGHT WITH FOUR LED RECOMMENDED IN MY CONSTITUENCY NAGINA BY IMPLEMNETING AGENCY PCCD BIJNORE,Normal/Others,CHANDRA SHEKHAR,Uttar Pradesh,NAGINA,BIJNOR(DISTRICT MAGISTRATE BIJNOR_IDA),Lok Sabha,106900,106850,-50,0.9995,-0.05,2025-12-01T00:00:00.000Z,2026-01-06T00:00:00.000Z,36,TRUE,FALSE,
215260,251737,HIGH MAST LIGHT WITH FOUR LED RECOMMENDED IN MY CONSTITUENCY NAGINA BY IMPLEMNETING AGENCY PCCD BIJNORE,Normal/Others,CHANDRA SHEKHAR,Uttar Pradesh,NAGINA,BIJNOR(DISTRICT MAGISTRATE BIJNOR_IDA),Lok Sabha,106900,106850,-50,0.9995,-0.05,2025-12-01T00:00:00.000Z,2026-01-06T00:00:00.000Z,36,TRUE,FALSE,
215258,251738,HIGH MAST LIGHT WITH FOUR LED RECOMMENDED IN MY CONSTITUENCY NAGINA BY IMPLEMNETING AGENCY PCCD BIJNORE,Normal/Others,CHANDRA SHEKHAR,Uttar Pradesh,NAGINA,BIJNOR(DISTRICT MAGISTRATE BIJNOR_IDA),Lok Sabha,106900,106850,-50,0.9995,-0.05,2025-12-01T00:00:00.000Z,2026-01-08T00:00:00.000Z,38,TRUE,FALSE,
215259,251739,HIGH MAST LIGHT WITH FOUR LED RECOMMENDED IN MY CONSTITUENCY NAGINA BY IMPLEMNETING AGENCY PCCD BIJNORE,Normal/Others,CHANDRA SHEKHAR,Uttar Pradesh,NAGINA,BIJNOR(DISTRICT MAGISTRATE BIJNOR_IDA),Lok Sabha,106900,106850,-50,0.9995,-0.05,2025-12-01T00:00:00.000Z,2026-01-08T00:00:00.000Z,38,TRUE,FALSE,
215263,251740,HIGH MAST LIGHT WITH FOUR LED RECOMMENDED IN MY CONSTITUENCY NAGINA BY IMPLEMNETING AGENCY PCCD BIJNORE,Normal/Others,CHANDRA SHEKHAR,Uttar Pradesh,NAGINA,BIJNOR(DISTRICT MAGISTRATE BIJNOR_IDA),Lok Sabha,106900,106850,-50,0.9995,-0.05,2025-12-01T00:00:00.000Z,2026-01-08T00:00:00.000Z,38,TRUE,FALSE,
219878,219867,Installation of  an outdoor gym,Normal/Others,CHARANJIT SINGH CHANNI,Punjab,JALANDHAR,JALANDHAR(DEPUTY COMMISSIONER JALANDHAR_IDA),Lok Sabha,100000,96846,-3154,0.9685,-3.15,2025-07-18T00:00:00.000Z,2026-01-11T00:00:00.000Z,177,TRUE,FALSE,
219879,219875,Installation of  an outdoor gym,Normal/Others,CHARANJIT SINGH CHANNI,Punjab,JALANDHAR,JALANDHAR(DEPUTY COMMISSIONER JALANDHAR_IDA),Lok Sabha,100000,96846,-3154,0.9685,-3.15,2025-07-18T00:00:00.000Z,2026-01-11T00:00:00.000Z,177,TRUE,FALSE,
185309,1179,"Installation of Gym Equipment at  Mussa(84), Tehsil Mansa Dist Mansa Punjab 151508",Normal/Others,CHARANJIT SINGH CHANNI,Punjab,JALANDHAR,MANSA(DEPUTY COMMISSIONER MANSA_IDA),Lok Sabha,499966,499966,0,1,0,2025-03-21T00:00:00.000Z,2025-09-15T00:00:00.000Z,178,TRUE,TRUE,
185308,1178,Installation of Gym Equipment at Gram Karandi (201)Gram Karandi,Normal/Others,CHARANJIT SINGH CHANNI,Punjab,JALANDHAR,MANSA(DEPUTY COMMISSIONER MANSA_IDA),Lok Sabha,200000,200000,0,1,0,2025-03-21T00:00:00.000Z,2026-01-23T00:00:00.000Z,308,TRUE,TRUE,
212921,212923,"BHOJIPURA KE GRAM ABHAYPUR KESHOPUR, CHAUPARA SHUMALI ME BITHRI KE NAVADIYA ILAKA SINGHAI OR SINGHAI KAYASTHAN ME SHAMSHAN SHED KA NIRMAN",Normal/Others,CHHATRA PAL SINGH GANGWAR,Uttar Pradesh,BAREILLY,BAREILLY(DISTRICT MAGISTRAE BAREILLY_IDA),Lok Sabha,351973,344815,-7158,0.9797,-2.03,2025-06-27T00:00:00.000Z,2026-02-24T00:00:00.000Z,242,TRUE,FALSE,
212922,212924,"BHOJIPURA KE GRAM ABHAYPUR KESHOPUR, CHAUPARA SHUMALI ME BITHRI KE NAVADIYA ILAKA SINGHAI OR SINGHAI KAYASTHAN ME SHAMSHAN SHED KA NIRMAN",Normal/Others,CHHATRA PAL SINGH GANGWAR,Uttar Pradesh,BAREILLY,BAREILLY(DISTRICT MAGISTRAE BAREILLY_IDA),Lok Sabha,351973,348307,-3666,0.9896,-1.04,2025-06-27T00:00:00.000Z,2026-02-24T00:00:00.000Z,242,TRUE,FALSE,
190896,232859,Construction of Internal Road,Normal/Others,CHHATRAPATI SHAHU SHAHAJI,Maharashtra,KOLHAPUR,KOLHAPUR(DISTRICT COLLECTOR KOLHAPUR_IDA),Lok Sabha,1000000,1500000,500000,1.5,50,2025-09-16T00:00:00.000Z,2025-10-07T00:00:00.000Z,21,TRUE,FALSE,
228594,207781,Construction of road,Normal/Others,CHHATRAPATI SHAHU SHAHAJI,Maharashtra,KOLHAPUR,KOLHAPUR(DISTRICT COLLECTOR KOLHAPUR_IDA),Lok Sabha,1500000,1000000,-500000,0.6667,-33.33,2025-06-10T00:00:00.000Z,2026-04-17T00:00:00.000Z,311,TRUE,FALSE,
242705,248083,Construction of Road,Normal/Others,CHHATRAPATI SHAHU SHAHAJI,Maharashtra,KOLHAPUR,KOLHAPUR(DISTRICT COLLECTOR KOLHAPUR_IDA),Lok Sabha,1000000,1499618,499618,1.4996,49.96,2025-11-13T00:00:00.000Z,2026-04-17T00:00:00.000Z,155,TRUE,FALSE,
238167,220023,Internal road,Normal/Others,CHHATRAPATI SHAHU SHAHAJI,Maharashtra,KOLHAPUR,KOLHAPUR(DISTRICT COLLECTOR KOLHAPUR_IDA),Lok Sabha,1200000,800000,-400000,0.6667,-33.33,2025-07-19T00:00:00.000Z,2026-03-11T00:00:00.000Z,235,TRUE,FALSE,
190484,1231,"For installing LED high mast lights at various places in district Pilibhit, Uttar Pradesh",Normal/Others,Shri Chunnilal Garasiya (2024-30),Rajasthan,Sitting Rajya Sabha,PILIBHIT(DISTRICT MAGISTRAE PILIBHIT_IDA),Rajya Sabha,4969990,4969990,0,1,0,2025-04-10T00:00:00.000Z,2025-11-06T00:00:00.000Z,210,TRUE,TRUE,
176063,1122,"Regarding installation of 20 cm LED high mast lights at various places in Shahjahanpur district, Uttar Pradesh.",Normal/Others,Shri Chunnilal Garasiya (2024-30),Rajasthan,Sitting Rajya Sabha,SHAHJAHANPUR(DISTRICT MAGISTRAE SHAHJAHANAPUR_IDA),Rajya Sabha,4860000,4860000,0,1,0,2025-02-17T00:00:00.000Z,2025-04-22T00:00:00.000Z,64,TRUE,TRUE,
166961,155356,High Mast Light,Normal/Others,Shri Deepak (Dev) Adhikari ,West Bengal,GHATAL,Paschim Medinipur(DISTRICT MAGISTRATE PASCHIM MEDINIPUR_IDA),Lok Sabha,349000,349994,994,1.0028,0.28,2025-01-20T00:00:00.000Z,2025-07-08T00:00:00.000Z,169,TRUE,FALSE,
166962,155357,High Mast Light,Normal/Others,Shri Deepak (Dev) Adhikari ,West Bengal,GHATAL,Paschim Medinipur(DISTRICT MAGISTRATE PASCHIM MEDINIPUR_IDA),Lok Sabha,349000,349994,994,1.0028,0.28,2025-01-20T00:00:00.000Z,2025-07-08T00:00:00.000Z,169,TRUE,FALSE,
166963,155358,High Mast Light,Normal/Others,Shri Deepak (Dev) Adhikari ,West Bengal,GHATAL,Paschim Medinipur(DISTRICT MAGISTRATE PASCHIM MEDINIPUR_IDA),Lok Sabha,349000,349994,994,1.0028,0.28,2025-01-20T00:00:00.000Z,2025-07-08T00:00:00.000Z,169,TRUE,FALSE,
166964,155359,High Mast Light,Normal/Others,Shri Deepak (Dev) Adhikari ,West Bengal,GHATAL,Paschim Medinipur(DISTRICT MAGISTRATE PASCHIM MEDINIPUR_IDA),Lok Sabha,349000,349994,994,1.0028,0.28,2025-01-20T00:00:00.000Z,2025-07-08T00:00:00.000Z,169,TRUE,FALSE,
166967,155360,High Mast Light,Normal/Others,Shri Deepak (Dev) Adhikari ,West Bengal,GHATAL,Paschim Medinipur(DISTRICT MAGISTRATE PASCHIM MEDINIPUR_IDA),Lok Sabha,349000,349994,994,1.0028,0.28,2025-01-20T00:00:00.000Z,2025-07-08T00:00:00.000Z,169,TRUE,FALSE,
166968,155363,High Mast Light,Normal/Others,Shri Deepak (Dev) Adhikari ,West Bengal,GHATAL,Paschim Medinipur(DISTRICT MAGISTRATE PASCHIM MEDINIPUR_IDA),Lok Sabha,349000,349994,994,1.0028,0.28,2025-01-20T00:00:00.000Z,2025-07-08T00:00:00.000Z,169,TRUE,FALSE,
166969,155366,High Mast Light,Normal/Others,Shri Deepak (Dev) Adhikari ,West Bengal,GHATAL,Paschim Medinipur(DISTRICT MAGISTRATE PASCHIM MEDINIPUR_IDA),Lok Sabha,349000,349994,994,1.0028,0.28,2025-01-20T00:00:00.000Z,2025-07-08T00:00:00.000Z,169,TRUE,FALSE,
166970,155378,High Mast Light,Normal/Others,Shri Deepak (Dev) Adhikari ,West Bengal,GHATAL,Paschim Medinipur(DISTRICT MAGISTRATE PASCHIM MEDINIPUR_IDA),Lok Sabha,349000,349994,994,1.0028,0.28,2025-01-20T00:00:00.000Z,2025-07-08T00:00:00.000Z,169,TRUE,FALSE,
166971,166914,High Mast Light,Normal/Others,Shri Deepak (Dev) Adhikari ,West Bengal,GHATAL,Paschim Medinipur(DISTRICT MAGISTRATE PASCHIM MEDINIPUR_IDA),Lok Sabha,350000,349994,-6,1,0,2025-01-20T00:00:00.000Z,2025-07-08T00:00:00.000Z,169,TRUE,FALSE,
166972,166923,High Mast Light,Normal/Others,Shri Deepak (Dev) Adhikari ,West Bengal,GHATAL,Paschim Medinipur(DISTRICT MAGISTRATE PASCHIM MEDINIPUR_IDA),Lok Sabha,349470,349994,524,1.0015,0.15,2025-01-20T00:00:00.000Z,2025-07-08T00:00:00.000Z,169,TRUE,FALSE,
173393,166928,HIGH MAST LIGHT,Normal/Others,Shri Deepak (Dev) Adhikari ,West Bengal,GHATAL,Paschim Medinipur(DISTRICT MAGISTRATE PASCHIM MEDINIPUR_IDA),Lok Sabha,349470,349994,524,1.0015,0.15,2025-01-20T00:00:00.000Z,2025-07-08T00:00:00.000Z,169,TRUE,FALSE,
173394,166929,HIGH MAST LIGHT,Normal/Others,Shri Deepak (Dev) Adhikari ,West Bengal,GHATAL,Paschim Medinipur(DISTRICT MAGISTRATE PASCHIM MEDINIPUR_IDA),Lok Sabha,349470,349994,524,1.0015,0.15,2025-01-20T00:00:00.000Z,2025-07-08T00:00:00.000Z,169,TRUE,FALSE,
173395,166981,HIGH MAST LIGHT,Normal/Others,Shri Deepak (Dev) Adhikari ,West Bengal,GHATAL,Paschim Medinipur(DISTRICT MAGISTRATE PASCHIM MEDINIPUR_IDA),Lok Sabha,349470,349994,524,1.0015,0.15,2025-01-20T00:00:00.000Z,2025-07-08T00:00:00.000Z,169,TRUE,FALSE,
173396,173404,HIGH MAST LIGHT,Normal/Others,Shri Deepak (Dev) Adhikari ,West Bengal,GHATAL,Paschim Medinipur(DISTRICT MAGISTRATE PASCHIM MEDINIPUR_IDA),Lok Sabha,349470,349994,524,1.0015,0.15,2025-02-05T00:00:00.000Z,2025-07-08T00:00:00.000Z,153,TRUE,FALSE,
171796,304465,Development works in Brahaman Choupal,Normal/Others,DEEPENDER SINGH HOODA,Haryana,ROHTAK,JHAJJAR(DEPUTY COMMISSIONER cum NODAL OFFICER MPLADS JHAJJAR),Lok Sabha,251000,499910,248910,1.9917,99.17,2026-08-17T00:00:00.000Z,2025-06-13T00:00:00.000Z,-430,TRUE,FALSE,
135799,135798,Development works in Harijan Choupal,Normal/Others,DEEPENDER SINGH HOODA,Haryana,ROHTAK,JHAJJAR(DEPUTY COMMISSIONER cum NODAL OFFICER MPLADS JHAJJAR),Lok Sabha,500000,498149,-1851,0.9963,-0.37,2024-08-16T00:00:00.000Z,2025-06-13T00:00:00.000Z,301,TRUE,FALSE,
186496,1207,07 CCTV Camera,Normal/Others,DEVESH CHANDRA THAKUR,Bihar,SITAMARHI,SITAMARHI(DISTRICT PLANNING OFFICER SITAMARHI_IDA),Lok Sabha,875000,875000,0,1,0,2025-03-25T00:00:00.000Z,2025-07-08T00:00:00.000Z,105,TRUE,TRUE,
186487,1203,1 Camera,Normal/Others,DEVESH CHANDRA THAKUR,Bihar,SITAMARHI,SITAMARHI(DISTRICT PLANNING OFFICER SITAMARHI_IDA),Lok Sabha,125000,125000,0,1,0,2025-03-25T00:00:00.000Z,2025-08-09T00:00:00.000Z,137,TRUE,TRUE,
186485,1201,1 CCTV Camera,Normal/Others,DEVESH CHANDRA THAKUR,Bihar,SITAMARHI,SITAMARHI(DISTRICT PLANNING OFFICER SITAMARHI_IDA),Lok Sabha,125000,125000,0,1,0,2025-03-25T00:00:00.000Z,2025-08-09T00:00:00.000Z,137,TRUE,TRUE,
186489,1204,1 CCTV Camera,Normal/Others,DEVESH CHANDRA THAKUR,Bihar,SITAMARHI,SITAMARHI(DISTRICT PLANNING OFFICER SITAMARHI_IDA),Lok Sabha,125000,125000,0,1,0,2025-03-25T00:00:00.000Z,2025-08-09T00:00:00.000Z,137,TRUE,TRUE,
186490,1205,1 CCTV Camera,Normal/Others,DEVESH CHANDRA THAKUR,Bihar,SITAMARHI,SITAMARHI(DISTRICT PLANNING OFFICER SITAMARHI_IDA),Lok Sabha,125000,125000,0,1,0,2025-03-25T00:00:00.000Z,2025-08-09T00:00:00.000Z,137,TRUE,TRUE,
186491,1206,1 CCTV Camera,Normal/Others,DEVESH CHANDRA THAKUR,Bihar,SITAMARHI,SITAMARHI(DISTRICT PLANNING OFFICER SITAMARHI_IDA),Lok Sabha,125000,125000,0,1,0,2025-03-25T00:00:00.000Z,2025-08-09T00:00:00.000Z,137,TRUE,TRUE,
186497,1208,1 CCTV Camera,Normal/Others,DEVESH CHANDRA THAKUR,Bihar,SITAMARHI,SITAMARHI(DISTRICT PLANNING OFFICER SITAMARHI_IDA),Lok Sabha,125000,125000,0,1,0,2025-03-25T00:00:00.000Z,2025-08-09T00:00:00.000Z,137,TRUE,TRUE,
186498,1209,1 CCTV Camera,Normal/Others,DEVESH CHANDRA THAKUR,Bihar,SITAMARHI,SITAMARHI(DISTRICT PLANNING OFFICER SITAMARHI_IDA),Lok Sabha,125000,125000,0,1,0,2025-03-25T00:00:00.000Z,2025-08-09T00:00:00.000Z,137,TRUE,TRUE,
186501,1202,2 CCTV Camera,Normal/Others,DEVESH CHANDRA THAKUR,Bihar,SITAMARHI,SITAMARHI(DISTRICT PLANNING OFFICER SITAMARHI_IDA),Lok Sabha,250000,250000,0,1,0,2025-03-25T00:00:00.000Z,2025-07-08T00:00:00.000Z,105,TRUE,TRUE,
186486,1210,2 CCTV Camera,Normal/Others,DEVESH CHANDRA THAKUR,Bihar,SITAMARHI,SITAMARHI(DISTRICT PLANNING OFFICER SITAMARHI_IDA),Lok Sabha,250000,250000,0,1,0,2025-03-25T00:00:00.000Z,2025-08-09T00:00:00.000Z,137,TRUE,TRUE,
186500,1211,2 CCTV Camera,Normal/Others,DEVESH CHANDRA THAKUR,Bihar,SITAMARHI,SITAMARHI(DISTRICT PLANNING OFFICER SITAMARHI_IDA),Lok Sabha,250000,250000,0,1,0,2025-03-25T00:00:00.000Z,2025-08-09T00:00:00.000Z,137,TRUE,TRUE,
186607,1212,4 CCTV Camera install under the area of Dumra Police station.,Normal/Others,DEVESH CHANDRA THAKUR,Bihar,SITAMARHI,SITAMARHI(DISTRICT PLANNING OFFICER SITAMARHI_IDA),Lok Sabha,500000,500000,0,1,0,2025-03-26T00:00:00.000Z,2025-08-09T00:00:00.000Z,136,TRUE,TRUE,
186609,1213,4 CCTV Camera install under the area of Town Police station,Normal/Others,DEVESH CHANDRA THAKUR,Bihar,SITAMARHI,SITAMARHI(DISTRICT PLANNING OFFICER SITAMARHI_IDA),Lok Sabha,500000,500000,0,1,0,2025-03-26T00:00:00.000Z,2025-08-09T00:00:00.000Z,136,TRUE,TRUE,
185274,1176,Area under Sursand police station 2 Camera,Normal/Others,DEVESH CHANDRA THAKUR,Bihar,SITAMARHI,SITAMARHI(DISTRICT PLANNING OFFICER SITAMARHI_IDA),Lok Sabha,250000,250000,0,1,0,2025-03-21T00:00:00.000Z,2025-07-08T00:00:00.000Z,109,TRUE,TRUE,
185278,1177,Install 04 CCTV camera,Normal/Others,DEVESH CHANDRA THAKUR,Bihar,SITAMARHI,SITAMARHI(DISTRICT PLANNING OFFICER SITAMARHI_IDA),Lok Sabha,500000,500000,0,1,0,2025-03-21T00:00:00.000Z,2025-07-08T00:00:00.000Z,109,TRUE,TRUE,
186482,1200,,Normal/Others,DEVESH CHANDRA THAKUR,Bihar,SITAMARHI,SITAMARHI(DISTRICT PLANNING OFFICER SITAMARHI_IDA),Lok Sabha,250000,250000,0,1,0,2025-03-25T00:00:00.000Z,2025-08-09T00:00:00.000Z,137,TRUE,TRUE,
145314,851,"Construction of Drainage in front of Belva Middle School  in Belva Khas, Under Turkaulia Block, Dist. East Champaran, Bihar",Normal/Others,Shri Dhananjay Bhimrao Mahadik (2022-28),Maharashtra,Sitting Rajya Sabha,PURBI CHAMPARAN(DISTRICT PLANNING OFFICER MOTHIHARI EAST CHAMPARAN_IDA),Rajya Sabha,1490039,1490039,0,1,0,2024-10-03T00:00:00.000Z,2025-04-28T00:00:00.000Z,207,FALSE,FALSE,
223393,1478,"Construction of PCC Road from house of Shri Ajay Sah towards Nahar Khand in Village and Panchayat Patkholi, Block Kateya, District Gopalganj, Bihar.",Normal/Others,Shri Dhananjay Bhimrao Mahadik (2022-28),Maharashtra,Sitting Rajya Sabha,GOPALGANJ(DISTRICT PLANNING OFFICER GOPALGANJ_IDA),Rajya Sabha,1095754,1095754,0,1,0,2025-07-30T00:00:00.000Z,2025-09-27T00:00:00.000Z,59,TRUE,TRUE,
145310,849,"Construction of PCC Road from Shri Gobardhan Rai Chimney to residence of Kabil Mahotoo in Village Bela Chapra, Panchayat Semra, under Banjariya Prakhand, District East Champaran, Bihar",Normal/Others,Shri Dhananjay Bhimrao Mahadik (2022-28),Maharashtra,Sitting Rajya Sabha,PURBI CHAMPARAN(DISTRICT PLANNING OFFICER MOTHIHARI EAST CHAMPARAN_IDA),Rajya Sabha,1497154,1497154,0,1,0,2024-10-03T00:00:00.000Z,2025-01-16T00:00:00.000Z,105,FALSE,FALSE,
223390,1475,"Construction of PCC Road from the field of Shri Kamleshwar Rai to field of Shri Subhash Rai in Village and Panchayat Patkholi, Block Kateya, District Gopalganj, Bihar.",Normal/Others,Shri Dhananjay Bhimrao Mahadik (2022-28),Maharashtra,Sitting Rajya Sabha,GOPALGANJ(DISTRICT PLANNING OFFICER GOPALGANJ_IDA),Rajya Sabha,1297991,1297991,0,1,0,2025-07-30T00:00:00.000Z,2025-10-18T00:00:00.000Z,80,TRUE,TRUE,
223392,1477,"Construction of PCC Road from the field of Shri Rumali Baitha towards Rupachak in Village and Panchayat Patkholi, Block Kateya, District Gopalganj, Bihar.",Normal/Others,Shri Dhananjay Bhimrao Mahadik (2022-28),Maharashtra,Sitting Rajya Sabha,GOPALGANJ(DISTRICT PLANNING OFFICER GOPALGANJ_IDA),Rajya Sabha,1298116,1298116,0,1,0,2025-07-30T00:00:00.000Z,2025-10-18T00:00:00.000Z,80,TRUE,TRUE,
223391,1476,"Construction of PCC Road from the Residence of Shri Johi Miya to Shri Haider Miya in Village and Panchayat Patkholi, Block Kateya, District Gopalganj, Bihar.",Normal/Others,Shri Dhananjay Bhimrao Mahadik (2022-28),Maharashtra,Sitting Rajya Sabha,GOPALGANJ(DISTRICT PLANNING OFFICER GOPALGANJ_IDA),Rajya Sabha,1297928,1297928,0,1,0,2025-07-30T00:00:00.000Z,2025-10-03T00:00:00.000Z,65,TRUE,TRUE,
145311,850,"Part -2 PCC Construction work of Brick Soling Road from Shri Gobardhan Rai Chimney to residence of Kabil Mahotoo in Village Bela Chapra, Panchayat Semra, under Banjariya Prakhand, District East Champaran, Bihar",Normal/Others,Shri Dhananjay Bhimrao Mahadik (2022-28),Maharashtra,Sitting Rajya Sabha,PURBI CHAMPARAN(DISTRICT PLANNING OFFICER MOTHIHARI EAST CHAMPARAN_IDA),Rajya Sabha,994403,994403,0,1,0,2024-10-03T00:00:00.000Z,2025-01-16T00:00:00.000Z,105,FALSE,FALSE,
145315,852,"PCC Road Construction work of Brick Soling Road in Village Jhakiya to Khagaon Road in Village Bela Chapra, Panchayat Semra, under Banjariya Prakhand, District East Champaran, Bihar",Normal/Others,Shri Dhananjay Bhimrao Mahadik (2022-28),Maharashtra,Sitting Rajya Sabha,PURBI CHAMPARAN(DISTRICT PLANNING OFFICER MOTHIHARI EAST CHAMPARAN_IDA),Rajya Sabha,998138,998138,0,1,0,2024-10-03T00:00:00.000Z,2025-02-27T00:00:00.000Z,147,FALSE,FALSE,
228869,1543,Construction of under ground Nali from A.K. Shreewastav house to Ashok Singh house at Sultanpur,Normal/Others,Shri  Dharambir Singh,Haryana,BHIWANI MAHENDRAGARH,VARANASI(DISTRICT MAGISTRAE VARANASI_IDA),Lok Sabha,729948,729948,0,1,0,2025-08-25T00:00:00.000Z,2026-01-14T00:00:00.000Z,142,TRUE,TRUE,
243525,243526,Purchase and providing of sports equipments to GP,Normal/Others,Shri  Dharambir Singh,Haryana,BHIWANI MAHENDRAGARH,Charkhi Dadri(Deputy Commissioner Charkhi Dadri_IDA),Lok Sabha,500000,498786,-1214,0.9976,-0.24,2025-10-24T00:00:00.000Z,2025-12-31T00:00:00.000Z,68,FALSE,FALSE,
189740,189741,Purchase and providing one Ambulance to GP for Sick and injured animals for use of Gaushala,Normal/Others,Shri  Dharambir Singh,Haryana,BHIWANI MAHENDRAGARH,BHIWANI(DC Cum Nodal Officer MPLADS Bhiwani),Lok Sabha,1000000,1000000,0,1,0,2025-04-07T00:00:00.000Z,2025-09-03T00:00:00.000Z,149,FALSE,FALSE,
228833,255136,Purchase and providing one tractor (21-25 HP) to GP for sanitation purposes,Normal/Others,Shri  Dharambir Singh,Haryana,BHIWANI MAHENDRAGARH,BHIWANI(DC Cum Nodal Officer MPLADS Bhiwani),Lok Sabha,400000,380000,-20000,0.95,-5,2025-12-23T00:00:00.000Z,2025-12-14T00:00:00.000Z,-9,FALSE,FALSE,
243503,262184,Purchase and providing one tractor (21-25 HP) to GP for sanitation purposes,Normal/Others,Shri  Dharambir Singh,Haryana,BHIWANI MAHENDRAGARH,BHIWANI(DC Cum Nodal Officer MPLADS Bhiwani),Lok Sabha,400000,380000,-20000,0.95,-5,2026-01-27T00:00:00.000Z,2025-12-15T00:00:00.000Z,-43,FALSE,FALSE,
243505,262185,Purchase and providing one tractor (21-25 HP) to GP for sanitation purposes,Normal/Others,Shri  Dharambir Singh,Haryana,BHIWANI MAHENDRAGARH,BHIWANI(DC Cum Nodal Officer MPLADS Bhiwani),Lok Sabha,400000,380000,-20000,0.95,-5,2026-01-27T00:00:00.000Z,2025-12-15T00:00:00.000Z,-43,FALSE,FALSE,
231526,243561,Purchase and providing one tractor (21-25) HP to GP for sanitation purposes,Normal/Others,Shri  Dharambir Singh,Haryana,BHIWANI MAHENDRAGARH,BHIWANI(DC Cum Nodal Officer MPLADS Bhiwani),Lok Sabha,400000,380000,-20000,0.95,-5,2025-10-24T00:00:00.000Z,2025-12-14T00:00:00.000Z,51,FALSE,FALSE,
244093,253595,Purchase and providing one tractor (21-25) HP to GP for sanitation purposes,Normal/Others,Shri  Dharambir Singh,Haryana,BHIWANI MAHENDRAGARH,BHIWANI(DC Cum Nodal Officer MPLADS Bhiwani),Lok Sabha,400000,380000,-20000,0.95,-5,2025-12-12T00:00:00.000Z,2025-12-15T00:00:00.000Z,3,FALSE,FALSE,
253596,262159,Purchase and providing one tractor (21-25) HP to GP for sanitation purposes,Normal/Others,Shri  Dharambir Singh,Haryana,BHIWANI MAHENDRAGARH,Charkhi Dadri(Deputy Commissioner Charkhi Dadri_IDA),Lok Sabha,400000,380000,-20000,0.95,-5,2026-01-27T00:00:00.000Z,2025-12-31T00:00:00.000Z,-27,FALSE,FALSE,
253598,262161,Purchase and providing one tractor (21-25) HP to GP for sanitation purposes,Normal/Others,Shri  Dharambir Singh,Haryana,BHIWANI MAHENDRAGARH,MAHENDRAGARH(DEPUTY COMMISSIONER MAHENDRAGARH_IDA),Lok Sabha,400000,380000,-20000,0.95,-5,2026-01-27T00:00:00.000Z,2026-01-29T00:00:00.000Z,2,FALSE,FALSE,
253591,262162,Purchase and providing one tractor (21-25) HP to GP for sanitation purposes,Normal/Others,Shri  Dharambir Singh,Haryana,BHIWANI MAHENDRAGARH,MAHENDRAGARH(DEPUTY COMMISSIONER MAHENDRAGARH_IDA),Lok Sabha,400000,380000,-20000,0.95,-5,2026-01-27T00:00:00.000Z,2026-01-30T00:00:00.000Z,3,FALSE,FALSE,
237315,262163,Purchase and providing one tractor (21-25) HP to GP for sanitation purposes,Normal/Others,Shri  Dharambir Singh,Haryana,BHIWANI MAHENDRAGARH,MAHENDRAGARH(DEPUTY COMMISSIONER MAHENDRAGARH_IDA),Lok Sabha,400000,380000,-20000,0.95,-5,2026-01-27T00:00:00.000Z,2026-02-02T00:00:00.000Z,6,FALSE,FALSE,
197753,253593,Purchase and providing one water tanker to GP for drinking water purposes,Normal/Others,Shri  Dharambir Singh,Haryana,BHIWANI MAHENDRAGARH,BHIWANI(DC Cum Nodal Officer MPLADS Bhiwani),Lok Sabha,200000,180000,-20000,0.9,-10,2025-12-12T00:00:00.000Z,2025-10-16T00:00:00.000Z,-57,FALSE,FALSE,
197754,253594,Purchase and providing one water tanker to GP for drinking water purposes,Normal/Others,Shri  Dharambir Singh,Haryana,BHIWANI MAHENDRAGARH,Charkhi Dadri(Deputy Commissioner Charkhi Dadri_IDA),Lok Sabha,200000,190000,-10000,0.95,-5,2025-12-12T00:00:00.000Z,2025-12-12T00:00:00.000Z,0,FALSE,FALSE,
243522,253597,Purchase and providing one water tanker to GP for drinking water purposes,Normal/Others,Shri  Dharambir Singh,Haryana,BHIWANI MAHENDRAGARH,BHIWANI(DC Cum Nodal Officer MPLADS Bhiwani),Lok Sabha,200000,180000,-20000,0.9,-10,2025-12-12T00:00:00.000Z,2025-12-14T00:00:00.000Z,2,FALSE,FALSE,
262167,262166,Purchase and providing one water tanker to GP for drinking water purposes,Normal/Others,Shri  Dharambir Singh,Haryana,BHIWANI MAHENDRAGARH,BHIWANI(DC Cum Nodal Officer MPLADS Bhiwani),Lok Sabha,200000,180000,-20000,0.9,-10,2026-01-27T00:00:00.000Z,2026-04-21T00:00:00.000Z,84,FALSE,FALSE,
272333,255635,Purchase of Kabddi Mats for GP,Normal/Others,Shri  Dharambir Singh,Haryana,BHIWANI MAHENDRAGARH,BHIWANI(DC Cum Nodal Officer MPLADS Bhiwani),Lok Sabha,500000,399885,-100115,0.7998,-20.02,2025-12-26T00:00:00.000Z,2026-04-21T00:00:00.000Z,116,FALSE,FALSE,
169455,1089,"Repair and renovation of Old Buildings at Shri Bhagwat Bhakti Ashram, Rampura, Rewari",Trust and Society,Shri  Dharambir Singh,Haryana,BHIWANI MAHENDRAGARH,REWARI(District Commissioner Rewari),Lok Sabha,800000,800000,0,1,0,2025-01-28T00:00:00.000Z,2026-02-12T00:00:00.000Z,380,TRUE,TRUE,
186022,1189,"Construction of road, link road in village Shamaspur, Tehsil Samrala, District Ludhiana",Normal/Others,DR DHARAMVIRA GANDHI,Punjab,PATIALA,LUDHIANA(DEPUTY COMMISSIONER LUDHIANA_IDA),Lok Sabha,500000,500000,0,1,0,2025-03-24T00:00:00.000Z,2025-11-12T00:00:00.000Z,233,TRUE,TRUE,
80191,80200,Construction of Community Hall,Normal/Others,Dr. Dharmasthala Veerendra Heggade (2022-28),Karnataka,Nominated Rajya Sabha,MYSURU(DEPUTY COMMISSIONER MYSORE_IDA),Rajya Sabha,1500000,986986,-513014,0.658,-34.2,2024-01-11T00:00:00.000Z,2025-03-12T00:00:00.000Z,426,TRUE,FALSE,
174586,1102,Installation of 25 KVA DP with 2 poles with wire in land of shri Musafir Yadav.,Normal/Others,DHARMENDRA YADAV,Uttar Pradesh,AZAMGARH,MAU(DISTRICT MAGISTRATE MAU_IDA),Lok Sabha,199546,199546,0,1,0,2025-02-08T00:00:00.000Z,2026-01-19T00:00:00.000Z,345,TRUE,TRUE,
139574,199190,HIGH MAST LIGHT KA ADHISTHAPAN,Normal/Others,Dileshwar Kamait ,Bihar,SUPAUL,SUPAUL(DISTRICT PLANNING OFFICER SUPAUL_IDA),Lok Sabha,921000,921000,0,1,0,2025-05-13T00:00:00.000Z,2025-04-02T00:00:00.000Z,-41,FALSE,FALSE,
150410,199191,HIGH MAST LIGHT KA ADHISTHAPAN,Normal/Others,Dileshwar Kamait ,Bihar,SUPAUL,SUPAUL(DISTRICT PLANNING OFFICER SUPAUL_IDA),Lok Sabha,921000,921000,0,1,0,2025-05-13T00:00:00.000Z,2025-04-04T00:00:00.000Z,-39,FALSE,FALSE,
165926,199192,HIGH MAST LIGHT KA ADHISTHAPAN,Normal/Others,Dileshwar Kamait ,Bihar,SUPAUL,SUPAUL(DISTRICT PLANNING OFFICER SUPAUL_IDA),Lok Sabha,921000,921000,0,1,0,2025-05-13T00:00:00.000Z,2025-04-04T00:00:00.000Z,-39,FALSE,FALSE,
139608,199193,HIGH MAST LIGHT KA ADHISTHAPAN,Normal/Others,Dileshwar Kamait ,Bihar,SUPAUL,SUPAUL(DISTRICT PLANNING OFFICER SUPAUL_IDA),Lok Sabha,921000,921000,0,1,0,2025-05-13T00:00:00.000Z,2025-04-22T00:00:00.000Z,-21,FALSE,FALSE,
139576,199194,HIGH MAST LIGHT KA ADHISTHAPAN,Normal/Others,Dileshwar Kamait ,Bihar,SUPAUL,SUPAUL(DISTRICT PLANNING OFFICER SUPAUL_IDA),Lok Sabha,921000,921000,0,1,0,2025-05-13T00:00:00.000Z,2025-06-25T00:00:00.000Z,43,FALSE,FALSE,
139607,139597,HIGH MAST LIGHT KA ADHISTHAPAN-1,Normal/Others,Dileshwar Kamait ,Bihar,SUPAUL,SUPAUL(DISTRICT PLANNING OFFICER SUPAUL_IDA),Lok Sabha,925000,921000,-4000,0.9957,-0.43,2024-09-07T00:00:00.000Z,2025-04-04T00:00:00.000Z,209,FALSE,FALSE,
165927,227333,HIGH MAST LIGHT KA ADHISTHAPAN-1,Normal/Others,Dileshwar Kamait ,Bihar,SUPAUL,SUPAUL(DISTRICT PLANNING OFFICER SUPAUL_IDA),Lok Sabha,921000,921000,0,1,0,2025-08-16T00:00:00.000Z,2025-04-04T00:00:00.000Z,-134,FALSE,FALSE,
139604,227334,HIGH MAST LIGHT KA ADHISTHAPAN-1,Normal/Others,Dileshwar Kamait ,Bihar,SUPAUL,SUPAUL(DISTRICT PLANNING OFFICER SUPAUL_IDA),Lok Sabha,921000,921000,0,1,0,2025-08-16T00:00:00.000Z,2025-04-22T00:00:00.000Z,-116,FALSE,FALSE,
139605,227335,HIGH MAST LIGHT KA ADHISTHAPAN-1,Normal/Others,Dileshwar Kamait ,Bihar,SUPAUL,SUPAUL(DISTRICT PLANNING OFFICER SUPAUL_IDA),Lok Sabha,921000,921000,0,1,0,2025-08-16T00:00:00.000Z,2025-04-22T00:00:00.000Z,-116,FALSE,FALSE,
139606,227351,HIGH MAST LIGHT KA ADHISTHAPAN-1,Normal/Others,Dileshwar Kamait ,Bihar,SUPAUL,SUPAUL(DISTRICT PLANNING OFFICER SUPAUL_IDA),Lok Sabha,921000,921000,0,1,0,2025-08-16T00:00:00.000Z,2025-05-02T00:00:00.000Z,-106,FALSE,FALSE,
165923,288982,PCC DHALAI KARYA,Normal/Others,Dileshwar Kamait ,Bihar,SUPAUL,MADHEPURA(DISTRICT PLANNING OFFICER MADHEPURA_IDA),Lok Sabha,1400000,1371604,-28396,0.9797,-2.03,2026-06-24T00:00:00.000Z,2026-01-14T00:00:00.000Z,-161,FALSE,FALSE,
142412,282762,SADAK KA NIRMAN TATHA PCC DHALAI KARYA,Normal/Others,Dileshwar Kamait ,Bihar,SUPAUL,SUPAUL(DISTRICT PLANNING OFFICER SUPAUL_IDA),Lok Sabha,1000000,1171823,171823,1.1718,17.18,2026-05-21T00:00:00.000Z,2025-06-30T00:00:00.000Z,-325,FALSE,FALSE,
234585,234584,Providing High Mast Light near Santa Bazar,Normal/Others,DR.MALLU RAVI,Telangana,NAGARKURNOOL,JOGULAMBA GADWAL(DISTRICT COLLECTOR JOGULAMBA GADWAL_IDA),Lok Sabha,200000,198482,-1518,0.9924,-0.76,2025-09-16T00:00:00.000Z,2026-01-01T00:00:00.000Z,107,TRUE,FALSE,
200013,200021,tenkar,Normal/Others,Durga Das Uikey ,Madhya Pradesh,BETUL,BETUL(DISTRICT COLLECTOR BETUL_IDA),Lok Sabha,190930,190546,-384,0.998,-0.2,2025-05-16T00:00:00.000Z,2026-05-14T00:00:00.000Z,363,TRUE,FALSE,
199965,199966,Yatri Pratikshlaya,Normal/Others,Durga Das Uikey ,Madhya Pradesh,BETUL,BETUL(DISTRICT COLLECTOR BETUL_IDA),Lok Sabha,259942,259942,0,1,0,2025-05-16T00:00:00.000Z,2026-01-05T00:00:00.000Z,234,TRUE,FALSE,
199969,282323,Yatri Pratikshlaya,Normal/Others,Durga Das Uikey ,Madhya Pradesh,BETUL,BETUL(DISTRICT COLLECTOR BETUL_IDA),Lok Sabha,240064,259942,19878,1.0828,8.28,2026-05-23T00:00:00.000Z,2026-01-05T00:00:00.000Z,-138,TRUE,FALSE,
199972,282324,Yatri Pratikshlaya,Normal/Others,Durga Das Uikey ,Madhya Pradesh,BETUL,BETUL(DISTRICT COLLECTOR BETUL_IDA),Lok Sabha,240064,259942,19878,1.0828,8.28,2026-05-23T00:00:00.000Z,2026-01-05T00:00:00.000Z,-138,TRUE,FALSE,
199948,199975,YATRI PRTIKSHALAYA,Normal/Others,Durga Das Uikey ,Madhya Pradesh,BETUL,BETUL(DISTRICT COLLECTOR BETUL_IDA),Lok Sabha,259942,259942,0,1,0,2025-05-16T00:00:00.000Z,2026-01-05T00:00:00.000Z,234,TRUE,FALSE,
199947,282530,YATRI PRTIKSHALAYA,Normal/Others,Durga Das Uikey ,Madhya Pradesh,BETUL,BETUL(DISTRICT COLLECTOR BETUL_IDA),Lok Sabha,240064,259942,19878,1.0828,8.28,2026-05-23T00:00:00.000Z,2026-01-06T00:00:00.000Z,-137,TRUE,FALSE,
199950,282531,YATRI PRTIKSHALAYA,Normal/Others,Durga Das Uikey ,Madhya Pradesh,BETUL,BETUL(DISTRICT COLLECTOR BETUL_IDA),Lok Sabha,240064,259942,19878,1.0828,8.28,2026-05-23T00:00:00.000Z,2026-01-06T00:00:00.000Z,-137,TRUE,FALSE,
199951,282532,YATRI PRTIKSHALAYA,Normal/Others,Durga Das Uikey ,Madhya Pradesh,BETUL,BETUL(DISTRICT COLLECTOR BETUL_IDA),Lok Sabha,240064,259942,19878,1.0828,8.28,2026-05-23T00:00:00.000Z,2026-01-06T00:00:00.000Z,-137,TRUE,FALSE,
200242,282533,Yatri Prtikshalaya,Normal/Others,Durga Das Uikey ,Madhya Pradesh,BETUL,HARDA(District Collector Harda_IDA),Lok Sabha,240064,259942,19878,1.0828,8.28,2026-05-23T00:00:00.000Z,2026-01-07T00:00:00.000Z,-136,TRUE,FALSE,
200246,282622,Yatri Prtikshalaya,Normal/Others,Durga Das Uikey ,Madhya Pradesh,BETUL,HARDA(District Collector Harda_IDA),Lok Sabha,240064,259942,19878,1.0828,8.28,2026-05-23T00:00:00.000Z,2026-01-07T00:00:00.000Z,-136,TRUE,FALSE,
200247,282623,Yatri Prtikshalaya,Normal/Others,Durga Das Uikey ,Madhya Pradesh,BETUL,HARDA(District Collector Harda_IDA),Lok Sabha,240064,259942,19878,1.0828,8.28,2026-05-23T00:00:00.000Z,2026-01-07T00:00:00.000Z,-136,TRUE,FALSE,
200248,282624,Yatri Prtikshalaya,Normal/Others,Durga Das Uikey ,Madhya Pradesh,BETUL,HARDA(District Collector Harda_IDA),Lok Sabha,240064,259942,19878,1.0828,8.28,2026-05-23T00:00:00.000Z,2026-01-07T00:00:00.000Z,-136,TRUE,FALSE,
200249,282625,Yatri Prtikshalaya,Normal/Others,Durga Das Uikey ,Madhya Pradesh,BETUL,HARDA(District Collector Harda_IDA),Lok Sabha,240064,259942,19878,1.0828,8.28,2026-05-23T00:00:00.000Z,2026-01-07T00:00:00.000Z,-136,TRUE,FALSE,
200243,282626,Yatri Prtikshalaya,Normal/Others,Durga Das Uikey ,Madhya Pradesh,BETUL,HARDA(District Collector Harda_IDA),Lok Sabha,240064,259942,19878,1.0828,8.28,2026-05-23T00:00:00.000Z,2026-01-08T00:00:00.000Z,-135,TRUE,FALSE,
200244,282627,Yatri Prtikshalaya,Normal/Others,Durga Das Uikey ,Madhya Pradesh,BETUL,HARDA(District Collector Harda_IDA),Lok Sabha,240064,259942,19878,1.0828,8.28,2026-05-23T00:00:00.000Z,2026-01-08T00:00:00.000Z,-135,TRUE,FALSE,
200245,282628,Yatri Prtikshalaya,Normal/Others,Durga Das Uikey ,Madhya Pradesh,BETUL,HARDA(District Collector Harda_IDA),Lok Sabha,240064,259942,19878,1.0828,8.28,2026-05-23T00:00:00.000Z,2026-01-08T00:00:00.000Z,-135,TRUE,FALSE,
200251,282629,Yatri Prtikshalaya,Normal/Others,Durga Das Uikey ,Madhya Pradesh,BETUL,HARDA(District Collector Harda_IDA),Lok Sabha,240064,259942,19878,1.0828,8.28,2026-05-23T00:00:00.000Z,2026-01-08T00:00:00.000Z,-135,TRUE,FALSE,
200252,282630,Yatri Prtikshalaya,Normal/Others,Durga Das Uikey ,Madhya Pradesh,BETUL,HARDA(District Collector Harda_IDA),Lok Sabha,240064,259942,19878,1.0828,8.28,2026-05-23T00:00:00.000Z,2026-01-08T00:00:00.000Z,-135,TRUE,FALSE,
199949,282631,YATRI PRTIKSHALAYA,Normal/Others,Durga Das Uikey ,Madhya Pradesh,BETUL,BETUL(DISTRICT COLLECTOR BETUL_IDA),Lok Sabha,240064,259942,19878,1.0828,8.28,2026-05-23T00:00:00.000Z,2026-01-16T00:00:00.000Z,-127,TRUE,FALSE,
199952,282632,YATRI PRTIKSHALAYA,Normal/Others,Durga Das Uikey ,Madhya Pradesh,BETUL,BETUL(DISTRICT COLLECTOR BETUL_IDA),Lok Sabha,240064,259942,19878,1.0828,8.28,2026-05-23T00:00:00.000Z,2026-01-21T00:00:00.000Z,-122,TRUE,FALSE,
199961,282633,Yatri Prtikshalaya,Normal/Others,Durga Das Uikey ,Madhya Pradesh,BETUL,BETUL(DISTRICT COLLECTOR BETUL_IDA),Lok Sabha,240064,259942,19878,1.0828,8.28,2026-05-23T00:00:00.000Z,2026-01-21T00:00:00.000Z,-122,TRUE,FALSE,
199962,282634,Yatri Prtikshalaya,Normal/Others,Durga Das Uikey ,Madhya Pradesh,BETUL,BETUL(DISTRICT COLLECTOR BETUL_IDA),Lok Sabha,240064,259942,19878,1.0828,8.28,2026-05-23T00:00:00.000Z,2026-01-21T00:00:00.000Z,-122,TRUE,FALSE,
200250,282635,Yatri Prtikshalaya,Normal/Others,Durga Das Uikey ,Madhya Pradesh,BETUL,HARDA(District Collector Harda_IDA),Lok Sabha,240064,259942,19878,1.0828,8.28,2026-05-23T00:00:00.000Z,2026-03-10T00:00:00.000Z,-74,FALSE,FALSE,
166610,1064,Construction of Boundary wall of cremation Centre at Chak Padla Village,Normal/Others,Shri G.C. Chandrashekhar (2024-30),Karnataka,Sitting Rajya Sabha,KAITHAL(DC CUM NODAL OFFICERS MPLADS),Rajya Sabha,250000,207829,-42171,0.8313,-16.87,2025-01-20T00:00:00.000Z,2025-12-31T00:00:00.000Z,345,FALSE,FALSE,
166595,1060,"Construction of community wall at Friends Colony, Kaithal",Normal/Others,Shri G.C. Chandrashekhar (2024-30),Karnataka,Sitting Rajya Sabha,KAITHAL(DC CUM NODAL OFFICERS MPLADS),Rajya Sabha,500000,500000,0,1,0,2025-01-20T00:00:00.000Z,2026-02-21T00:00:00.000Z,397,TRUE,TRUE,
159255,967,Construction of Open Gym at Panchayat Khel stadium of Padla Village,Normal/Others,Shri G.C. Chandrashekhar (2024-30),Karnataka,Sitting Rajya Sabha,KAITHAL(DC CUM NODAL OFFICERS MPLADS),Rajya Sabha,350000,299774,-50226,0.8565,-14.35,2024-12-17T00:00:00.000Z,2025-12-29T00:00:00.000Z,377,FALSE,FALSE,
160668,989,Construction of Open Gym at Panchayat Play Ground (near on Main firni) of Village Naina,Normal/Others,Shri G.C. Chandrashekhar (2024-30),Karnataka,Sitting Rajya Sabha,KAITHAL(DC CUM NODAL OFFICERS MPLADS),Rajya Sabha,350000,294987,-55013,0.8428,-15.72,2024-12-21T00:00:00.000Z,2025-12-29T00:00:00.000Z,373,FALSE,FALSE,
195673,195675,Gram Panchayat me Pani tankers hetu,Normal/Others,Ganesh Singh,Madhya Pradesh,SATNA,SATNA(DISTRICT COLLECTOR SATNA_IDA),Lok Sabha,163424,163424,0,1,0,2025-05-02T00:00:00.000Z,2026-03-26T00:00:00.000Z,328,TRUE,FALSE,
195692,195685,Gram panchayat me pani tankers hetu,Normal/Others,Ganesh Singh,Madhya Pradesh,SATNA,SATNA(DISTRICT COLLECTOR SATNA_IDA),Lok Sabha,163424,163424,0,1,0,2025-05-02T00:00:00.000Z,2026-03-26T00:00:00.000Z,328,TRUE,FALSE,
195674,195686,Gram Panchayat me Pani tankers hetu,Normal/Others,Ganesh Singh,Madhya Pradesh,SATNA,SATNA(DISTRICT COLLECTOR SATNA_IDA),Lok Sabha,163424,163424,0,1,0,2025-05-02T00:00:00.000Z,2026-03-27T00:00:00.000Z,329,TRUE,FALSE,
195676,195688,Gram Panchayat me Pani tankers hetu,Normal/Others,Ganesh Singh,Madhya Pradesh,SATNA,SATNA(DISTRICT COLLECTOR SATNA_IDA),Lok Sabha,163424,163424,0,1,0,2025-05-02T00:00:00.000Z,2026-03-27T00:00:00.000Z,329,TRUE,FALSE,
195677,195929,Gram panchayat me pani tankers hetu,Normal/Others,Ganesh Singh,Madhya Pradesh,SATNA,SATNA(DISTRICT COLLECTOR SATNA_IDA),Lok Sabha,163424,163424,0,1,0,2025-05-02T00:00:00.000Z,2026-03-27T00:00:00.000Z,329,TRUE,FALSE,
195678,195930,Gram panchayat me pani tankers hetu,Normal/Others,Ganesh Singh,Madhya Pradesh,SATNA,SATNA(DISTRICT COLLECTOR SATNA_IDA),Lok Sabha,163424,163424,0,1,0,2025-05-02T00:00:00.000Z,2026-03-27T00:00:00.000Z,329,TRUE,FALSE,
195679,196551,Gram panchayat me pani tankers hetu,Normal/Others,Ganesh Singh,Madhya Pradesh,SATNA,SATNA(DISTRICT COLLECTOR SATNA_IDA),Lok Sabha,163424,163424,0,1,0,2025-05-04T00:00:00.000Z,2026-03-27T00:00:00.000Z,327,TRUE,FALSE,
196570,196571,Gram panchayat me PCC Road hetu,Normal/Others,Ganesh Singh,Madhya Pradesh,SATNA,SATNA(DISTRICT COLLECTOR SATNA_IDA),Lok Sabha,500000,499500,-500,0.999,-0.1,2025-05-09T00:00:00.000Z,2025-12-19T00:00:00.000Z,224,TRUE,FALSE,
196572,196573,Gram panchayat me PCC Road hetu,Normal/Others,Ganesh Singh,Madhya Pradesh,SATNA,SATNA(DISTRICT COLLECTOR SATNA_IDA),Lok Sabha,500000,499800,-200,0.9996,-0.04,2025-05-09T00:00:00.000Z,2026-02-17T00:00:00.000Z,284,TRUE,FALSE,
197107,197108,Gram panchayat me PCC ROAD Nirman hetu,Normal/Others,Ganesh Singh,Madhya Pradesh,SATNA,SATNA(DISTRICT COLLECTOR SATNA_IDA),Lok Sabha,500000,500000,0,1,0,2025-05-15T00:00:00.000Z,2025-12-14T00:00:00.000Z,213,TRUE,FALSE,
200938,197109,Gram Panchayat me PCC Road Nirman hetu,Normal/Others,Ganesh Singh,Madhya Pradesh,SATNA,Maihar(District Collector Maihar_IDA),Lok Sabha,500000,500000,0,1,0,2025-05-15T00:00:00.000Z,2025-12-18T00:00:00.000Z,217,TRUE,FALSE,
199902,197110,Gram panchayat me PCC Road Nirman hetu,Normal/Others,Ganesh Singh,Madhya Pradesh,SATNA,SATNA(DISTRICT COLLECTOR SATNA_IDA),Lok Sabha,500000,499600,-400,0.9992,-0.08,2025-05-15T00:00:00.000Z,2026-01-27T00:00:00.000Z,257,TRUE,FALSE,
200940,199901,Gram Panchayat me PCC Road Nirman hetu,Normal/Others,Ganesh Singh,Madhya Pradesh,SATNA,Maihar(District Collector Maihar_IDA),Lok Sabha,500000,500000,0,1,0,2025-06-09T00:00:00.000Z,2026-01-27T00:00:00.000Z,232,TRUE,FALSE,
199813,199814,Gram panchayat me PCC Road Nrman hetu,Normal/Others,Ganesh Singh,Madhya Pradesh,SATNA,SATNA(DISTRICT COLLECTOR SATNA_IDA),Lok Sabha,500000,500000,0,1,0,2025-06-09T00:00:00.000Z,2026-02-07T00:00:00.000Z,243,TRUE,FALSE,
198156,198154,Gram Panchayat PCC Road  Nirman hetu,Normal/Others,Ganesh Singh,Madhya Pradesh,SATNA,SATNA(DISTRICT COLLECTOR SATNA_IDA),Lok Sabha,500000,500000,0,1,0,2025-05-15T00:00:00.000Z,2025-12-09T00:00:00.000Z,208,TRUE,FALSE,
198158,198157,Gram Panchayat PCC Road Nirman hetu,Normal/Others,Ganesh Singh,Madhya Pradesh,SATNA,SATNA(DISTRICT COLLECTOR SATNA_IDA),Lok Sabha,500000,500000,0,1,0,2025-05-15T00:00:00.000Z,2026-05-13T00:00:00.000Z,363,TRUE,FALSE,
199639,1306,"Construction of a Museum at 2 No. Tupsinga Gaon, Sadiya, Tinsukia District, Assam.",Normal/Others,GAURAV GOGOI,Assam,JORHAT,TINSUKIA(DC Tinsukia),Lok Sabha,999998,999998,0,1,0,2025-05-14T00:00:00.000Z,2026-04-28T00:00:00.000Z,349,TRUE,TRUE,
137725,137717,12 solar lights at different public places amount 50000 par light,Normal/Others,Smt. Geeta alias Chandraprabha (2020-26),Uttar Pradesh,Sitting Rajya Sabha,AURAIYA(DISTRICT MAGISTRATE AURAIYA_IDA),Rajya Sabha,600000,599941,-59,0.9999,-0.01,2024-08-29T00:00:00.000Z,2026-02-12T00:00:00.000Z,532,TRUE,TRUE,
136177,136172,"3 high mast light at different public places 
Amount 280000 per light",Normal/Others,Smt. Geeta alias Chandraprabha (2020-26),Uttar Pradesh,Sitting Rajya Sabha,AURAIYA(DISTRICT MAGISTRATE AURAIYA_IDA),Rajya Sabha,840000,840000,0,1,0,2024-08-18T00:00:00.000Z,2026-02-14T00:00:00.000Z,545,TRUE,FALSE,
60007,60010,Multi purpose waiting hall for passengers and police personnel etc,Normal/Others,Smt. Geeta alias Chandraprabha (2020-26),Uttar Pradesh,Sitting Rajya Sabha,AURAIYA(DISTRICT MAGISTRATE AURAIYA_IDA),Rajya Sabha,990000,989705,-295,0.9997,-0.03,2023-12-09T00:00:00.000Z,2026-01-23T00:00:00.000Z,776,TRUE,FALSE,
60003,60002,Multi purpose waiting hall i.e for passengers and police etc,Normal/Others,Smt. Geeta alias Chandraprabha (2020-26),Uttar Pradesh,Sitting Rajya Sabha,AURAIYA(DISTRICT MAGISTRATE AURAIYA_IDA),Rajya Sabha,990000,989705,-295,0.9997,-0.03,2023-12-09T00:00:00.000Z,2026-01-24T00:00:00.000Z,777,TRUE,FALSE,
243014,1717,PROVIDING ELECTRICAL POLES AND POWER CONNECTION TO REGI BHADAVA HABITATION IN KUYYERU VILLAGE OF KAJULURU MANDAL,Normal/Others,GM Harish Balayogi,Andhra Pradesh,AMALAPURAM,Kakinada(DISTRICT COLLECTOR KAKINADA_IDA),Lok Sabha,123000,123000,0,1,0,2025-10-19T00:00:00.000Z,2026-04-18T00:00:00.000Z,181,TRUE,TRUE,
176649,283971,manigachhi prakhand antargat balaur panchayat ke balaur chowk ke nikat sarvajanik sthal par mini high mast electric light ka adhisthapan karya,Normal/Others,Mr Gopal Jee Thakur,Bihar,DARBHANGA,DARBHANGA(DISTRICT PLANNING OFFICER DARBANGA_IDA),Lok Sabha,495500,495000,-500,0.999,-0.1,2026-05-26T00:00:00.000Z,2026-02-26T00:00:00.000Z,-89,FALSE,FALSE,
186328,1199,"Construction of CC drainage at M.Mallavaram village, Gokavaram Mandal",Normal/Others,Gumma Thanuja Rani,Andhra Pradesh,ARAKU,"EAST GODAVARI(DISTRICT COLLECTOR, EAST GODAVARI)",Lok Sabha,500000,403053,-96947,0.8061,-19.39,2025-03-25T00:00:00.000Z,2025-11-27T00:00:00.000Z,247,TRUE,TRUE,
185780,1184,construction of cc drains,Normal/Others,Gumma Thanuja Rani,Andhra Pradesh,ARAKU,"EAST GODAVARI(DISTRICT COLLECTOR, EAST GODAVARI)",Lok Sabha,500000,427822,-72178,0.8556,-14.44,2025-03-24T00:00:00.000Z,2025-11-27T00:00:00.000Z,248,TRUE,TRUE,
161331,161333,Construction of community centers and community halls,Normal/Others,Gumma Thanuja Rani,Andhra Pradesh,ARAKU,Alluri Sitharama Raju(DISTRICT COLLECTOR ALLURI SITHARAMARAJU_IDA),Lok Sabha,3000000,3988680,988680,1.3296,32.96,2024-12-27T00:00:00.000Z,2026-05-12T00:00:00.000Z,501,TRUE,FALSE,
157507,151986,purchase of street lights,Normal/Others,Gumma Thanuja Rani,Andhra Pradesh,ARAKU,Alluri Sitharama Raju(DISTRICT COLLECTOR ALLURI SITHARAMARAJU_IDA),Lok Sabha,1394400,1394400,0,1,0,2024-11-11T00:00:00.000Z,2025-02-04T00:00:00.000Z,85,TRUE,FALSE,
157508,152143,purchase of street lights,Normal/Others,Gumma Thanuja Rani,Andhra Pradesh,ARAKU,Alluri Sitharama Raju(DISTRICT COLLECTOR ALLURI SITHARAMARAJU_IDA),Lok Sabha,1394400,1394400,0,1,0,2024-11-12T00:00:00.000Z,2025-02-04T00:00:00.000Z,84,TRUE,FALSE,
152096,152144,purchase of street lights,Normal/Others,Gumma Thanuja Rani,Andhra Pradesh,ARAKU,Alluri Sitharama Raju(DISTRICT COLLECTOR ALLURI SITHARAMARAJU_IDA),Lok Sabha,1394400,1394400,0,1,0,2024-11-12T00:00:00.000Z,2025-02-05T00:00:00.000Z,85,TRUE,FALSE,
152141,152146,purchase of street lights,Normal/Others,Gumma Thanuja Rani,Andhra Pradesh,ARAKU,Alluri Sitharama Raju(DISTRICT COLLECTOR ALLURI SITHARAMARAJU_IDA),Lok Sabha,1394400,1394400,0,1,0,2024-11-12T00:00:00.000Z,2025-02-05T00:00:00.000Z,85,TRUE,FALSE,
152145,152147,purchase of street lights,Normal/Others,Gumma Thanuja Rani,Andhra Pradesh,ARAKU,Alluri Sitharama Raju(DISTRICT COLLECTOR ALLURI SITHARAMARAJU_IDA),Lok Sabha,1394400,1394400,0,1,0,2024-11-12T00:00:00.000Z,2025-02-05T00:00:00.000Z,85,TRUE,FALSE,
226995,227413,FOR CONST OF STREET AND DRAINS,Normal/Others,Shri Gurjeet Singh Aujla,Punjab,AMRITSAR,AMRITSAR(DEPUTY COMMISSIONER AMRITSAR_IDA),Lok Sabha,500000,200000,-300000,0.4,-60,2025-08-23T00:00:00.000Z,2026-07-27T00:00:00.000Z,338,TRUE,FALSE,
257663,258125,For Const of Street and Drains (Interlocking Tiles),Normal/Others,Shri Gurjeet Singh Aujla,Punjab,AMRITSAR,AMRITSAR(DEPUTY COMMISSIONER AMRITSAR_IDA),Lok Sabha,250000,482000,232000,1.928,92.8,2026-01-10T00:00:00.000Z,2026-03-06T00:00:00.000Z,55,FALSE,FALSE,
203204,203298,For Construction of Street,Normal/Others,Shri Gurjeet Singh Aujla,Punjab,AMRITSAR,AMRITSAR(DEPUTY COMMISSIONER AMRITSAR_IDA),Lok Sabha,200000,500000,300000,2.5,150,2025-06-02T00:00:00.000Z,2025-08-20T00:00:00.000Z,79,FALSE,FALSE,
208842,275251,For Interlocking Tiles,Normal/Others,Shri Gurjeet Singh Aujla,Punjab,AMRITSAR,AMRITSAR(DEPUTY COMMISSIONER AMRITSAR_IDA),Lok Sabha,500000,400000,-100000,0.8,-20,2026-03-25T00:00:00.000Z,2026-04-30T00:00:00.000Z,36,TRUE,FALSE,
254096,275273,For Interlocking Tiles at Street,Normal/Others,Shri Gurjeet Singh Aujla,Punjab,AMRITSAR,AMRITSAR(DEPUTY COMMISSIONER AMRITSAR_IDA),Lok Sabha,490000,497025,7025,1.0143,1.43,2026-03-25T00:00:00.000Z,2026-03-05T00:00:00.000Z,-20,FALSE,FALSE,
230891,1564,Water tanker fogging machines and gensets  for flood affected Village to 100 in District Amritsar,Normal/Others,GURMEET SINGH MEET HAYER,Punjab,SANGRUR,AMRITSAR(DEPUTY COMMISSIONER AMRITSAR_IDA),Lok Sabha,214500,214500,0,1,0,2025-09-02T00:00:00.000Z,2025-09-18T00:00:00.000Z,16,FALSE,FALSE,
230892,1565,Water tanker fogging machines and gensets  for flood affected Village to 100 in District Amritsar,Normal/Others,GURMEET SINGH MEET HAYER,Punjab,SANGRUR,AMRITSAR(DEPUTY COMMISSIONER AMRITSAR_IDA),Lok Sabha,214500,214500,0,1,0,2025-09-02T00:00:00.000Z,2025-09-18T00:00:00.000Z,16,FALSE,FALSE,
230893,1566,Water tanker fogging machines and gensets  for flood affected Village to 100 in District Amritsar,Normal/Others,GURMEET SINGH MEET HAYER,Punjab,SANGRUR,AMRITSAR(DEPUTY COMMISSIONER AMRITSAR_IDA),Lok Sabha,214500,214500,0,1,0,2025-09-02T00:00:00.000Z,2025-09-18T00:00:00.000Z,16,FALSE,FALSE,
230894,1567,Water tanker fogging machines and gensets  for flood affected Village to 100 in District Amritsar,Normal/Others,GURMEET SINGH MEET HAYER,Punjab,SANGRUR,AMRITSAR(DEPUTY COMMISSIONER AMRITSAR_IDA),Lok Sabha,214500,214500,0,1,0,2025-09-02T00:00:00.000Z,2025-09-18T00:00:00.000Z,16,FALSE,FALSE,
230895,1568,Water tanker fogging machines and gensets  for flood affected Village to 100 in District Amritsar,Normal/Others,GURMEET SINGH MEET HAYER,Punjab,SANGRUR,AMRITSAR(DEPUTY COMMISSIONER AMRITSAR_IDA),Lok Sabha,214500,214500,0,1,0,2025-09-02T00:00:00.000Z,2025-09-18T00:00:00.000Z,16,FALSE,FALSE,
230896,1569,Water tanker fogging machines and gensets  for flood affected Village to 100 in District Amritsar,Normal/Others,GURMEET SINGH MEET HAYER,Punjab,SANGRUR,AMRITSAR(DEPUTY COMMISSIONER AMRITSAR_IDA),Lok Sabha,214500,214500,0,1,0,2025-09-02T00:00:00.000Z,2025-09-18T00:00:00.000Z,16,FALSE,FALSE,
230897,1570,Water tanker fogging machines and gensets  for flood affected Village to 100 in District Amritsar,Normal/Others,GURMEET SINGH MEET HAYER,Punjab,SANGRUR,AMRITSAR(DEPUTY COMMISSIONER AMRITSAR_IDA),Lok Sabha,214500,214500,0,1,0,2025-09-02T00:00:00.000Z,2025-09-18T00:00:00.000Z,16,FALSE,FALSE,
230898,1571,Water tanker fogging machines and gensets  for flood affected Village to 100 in District Amritsar,Normal/Others,GURMEET SINGH MEET HAYER,Punjab,SANGRUR,AMRITSAR(DEPUTY COMMISSIONER AMRITSAR_IDA),Lok Sabha,214500,214500,0,1,0,2025-09-02T00:00:00.000Z,2025-09-18T00:00:00.000Z,16,FALSE,FALSE,
230899,1572,Water tanker fogging machines and gensets  for flood affected Village to 100 in District Amritsar,Normal/Others,GURMEET SINGH MEET HAYER,Punjab,SANGRUR,AMRITSAR(DEPUTY COMMISSIONER AMRITSAR_IDA),Lok Sabha,214500,214500,0,1,0,2025-09-02T00:00:00.000Z,2025-09-18T00:00:00.000Z,16,FALSE,FALSE,
230900,1573,Water tanker fogging machines and gensets  for flood affected Village to 100 in District Amritsar,Normal/Others,GURMEET SINGH MEET HAYER,Punjab,SANGRUR,AMRITSAR(DEPUTY COMMISSIONER AMRITSAR_IDA),Lok Sabha,214500,214500,0,1,0,2025-09-02T00:00:00.000Z,2025-09-18T00:00:00.000Z,16,FALSE,FALSE,
205714,204448,Construction Of DR BR Ambedkar Samudhaya Bhavana On Going Work,Normal/Others,H.D. KUMARASWAMY,Karnataka,MANDYA,MYSURU(DEPUTY COMMISSIONER MYSORE_IDA),Lok Sabha,1000000,500000,-500000,0.5,-50,2025-06-10T00:00:00.000Z,2025-11-26T00:00:00.000Z,169,TRUE,FALSE,
77729,80673,Construction of community centers and community halls,Normal/Others,Shri Harbhajan Singh (2022-28),Punjab,Sitting Rajya Sabha,JALANDHAR(DEPUTY COMMISSIONER JALANDHAR_IDA),Rajya Sabha,500000,1000000,500000,2,100,2024-01-12T00:00:00.000Z,2026-02-05T00:00:00.000Z,755,TRUE,FALSE,
80691,80690,Construction of stadiums,Normal/Others,Shri Harbhajan Singh (2022-28),Punjab,Sitting Rajya Sabha,HOSHIARPUR(DEPUTY COMMISSIONER HOSHIARPUR_IDA),Rajya Sabha,1000000,250000,-750000,0.25,-75,2024-01-12T00:00:00.000Z,2025-09-23T00:00:00.000Z,620,FALSE,FALSE,
213621,213624,solar lights,Normal/Others,Shri Harbhajan Singh (2022-28),Punjab,Sitting Rajya Sabha,HOSHIARPUR(DEPUTY COMMISSIONER HOSHIARPUR_IDA),Rajya Sabha,200000,200000,0,1,0,2025-06-30T00:00:00.000Z,2025-08-29T00:00:00.000Z,60,TRUE,FALSE,
213625,213247,street and drain,Normal/Others,Shri Harbhajan Singh (2022-28),Punjab,Sitting Rajya Sabha,HOSHIARPUR(DEPUTY COMMISSIONER HOSHIARPUR_IDA),Rajya Sabha,200000,200000,0,1,0,2025-06-28T00:00:00.000Z,2025-10-31T00:00:00.000Z,125,FALSE,FALSE,
80685,80674,VALMIK DHARAMSHALA,Normal/Others,Shri Harbhajan Singh (2022-28),Punjab,Sitting Rajya Sabha,JALANDHAR(DEPUTY COMMISSIONER JALANDHAR_IDA),Rajya Sabha,300000,499100,199100,1.6637,66.37,2024-01-12T00:00:00.000Z,2026-03-16T00:00:00.000Z,794,TRUE,FALSE,
80679,80678,VALMIK DHARAMSHALA,Normal/Others,Shri Harbhajan Singh (2022-28),Punjab,Sitting Rajya Sabha,JALANDHAR(DEPUTY COMMISSIONER JALANDHAR_IDA),Rajya Sabha,300000,300000,0,1,0,2024-01-12T00:00:00.000Z,2026-03-25T00:00:00.000Z,803,TRUE,FALSE,
157345,157349,Construction of Bus sheds,Normal/Others,Shri Harsh Mahajan (2024-30),Himachal Pradesh,Sitting Rajya Sabha,CHAMBA(DEPUTY COMMISSIONER CHAMBA_IDA),Rajya Sabha,200000,150000,-50000,0.75,-25,2024-12-08T00:00:00.000Z,2026-01-28T00:00:00.000Z,416,FALSE,FALSE,
156274,156273,Construction of Community centre and hall,Normal/Others,Shri Harsh Mahajan (2024-30),Himachal Pradesh,Sitting Rajya Sabha,KANGRA(DEPUTY COMMISSIONER KANGRA_IDA),Rajya Sabha,300000,294037,-5963,0.9801,-1.99,2024-12-01T00:00:00.000Z,2025-08-18T00:00:00.000Z,260,TRUE,FALSE,
157348,157343,Construction of Culverts and Bridge,Normal/Others,Shri Harsh Mahajan (2024-30),Himachal Pradesh,Sitting Rajya Sabha,CHAMBA(DEPUTY COMMISSIONER CHAMBA_IDA),Rajya Sabha,100000,200000,100000,2,100,2024-12-08T00:00:00.000Z,2025-10-16T00:00:00.000Z,312,TRUE,FALSE,
172142,156164,Construction of Link Road and pathways,Normal/Others,Shri Harsh Mahajan (2024-30),Himachal Pradesh,Sitting Rajya Sabha,"BILASPUR(DEPUTY COMMISSIONER, BILASPUR)",Rajya Sabha,200000,250000,50000,1.25,25,2024-12-01T00:00:00.000Z,2026-03-11T00:00:00.000Z,465,FALSE,FALSE,
172148,156267,Construction of Link Road and pathways,Normal/Others,Shri Harsh Mahajan (2024-30),Himachal Pradesh,Sitting Rajya Sabha,"BILASPUR(DEPUTY COMMISSIONER, BILASPUR)",Rajya Sabha,500000,250000,-250000,0.5,-50,2024-12-01T00:00:00.000Z,2026-03-11T00:00:00.000Z,465,FALSE,FALSE,
172152,172154,Construction of Link Road and pathways,Normal/Others,Shri Harsh Mahajan (2024-30),Himachal Pradesh,Sitting Rajya Sabha,"BILASPUR(DEPUTY COMMISSIONER, BILASPUR)",Rajya Sabha,150000,250000,100000,1.6667,66.67,2025-02-04T00:00:00.000Z,2026-03-11T00:00:00.000Z,400,FALSE,FALSE,
157339,157337,Construction of Links Road and Pathways,Normal/Others,Shri Harsh Mahajan (2024-30),Himachal Pradesh,Sitting Rajya Sabha,CHAMBA(DEPUTY COMMISSIONER CHAMBA_IDA),Rajya Sabha,200000,150000,-50000,0.75,-25,2024-12-08T00:00:00.000Z,2025-04-03T00:00:00.000Z,116,FALSE,FALSE,
157364,179215,Construction of Links Road and Pathways,Normal/Others,Shri Harsh Mahajan (2024-30),Himachal Pradesh,Sitting Rajya Sabha,CHAMBA(DEPUTY COMMISSIONER CHAMBA_IDA),Rajya Sabha,200000,149933,-50067,0.7497,-25.03,2025-03-05T00:00:00.000Z,2025-11-17T00:00:00.000Z,257,TRUE,FALSE,
146817,146815,construction work of Development of playground,Normal/Others,Shri Harsh Mahajan (2024-30),Himachal Pradesh,Sitting Rajya Sabha,CHAMBA(DEPUTY COMMISSIONER CHAMBA_IDA),Rajya Sabha,150000,200000,50000,1.3333,33.33,2024-10-13T00:00:00.000Z,2025-03-06T00:00:00.000Z,144,TRUE,FALSE,
147624,146833,Construction Work of Link Road,Normal/Others,Shri Harsh Mahajan (2024-30),Himachal Pradesh,Sitting Rajya Sabha,CHAMBA(DEPUTY COMMISSIONER CHAMBA_IDA),Rajya Sabha,200000,199000,-1000,0.995,-0.5,2024-10-13T00:00:00.000Z,2025-06-10T00:00:00.000Z,240,TRUE,FALSE,
146876,146847,construction work of Link Road,Normal/Others,Shri Harsh Mahajan (2024-30),Himachal Pradesh,Sitting Rajya Sabha,HAMIRPUR(DEPUTY COMMISSIONER HAMIRPUR_IDA),Rajya Sabha,150000,300000,150000,2,100,2024-10-13T00:00:00.000Z,2025-08-05T00:00:00.000Z,296,TRUE,FALSE,
146836,146855,construction work of Link Road,Normal/Others,Shri Harsh Mahajan (2024-30),Himachal Pradesh,Sitting Rajya Sabha,CHAMBA(DEPUTY COMMISSIONER CHAMBA_IDA),Rajya Sabha,150000,199870,49870,1.3325,33.25,2024-10-13T00:00:00.000Z,2025-11-17T00:00:00.000Z,400,TRUE,FALSE,
146848,146856,construction work of Link Road,Normal/Others,Shri Harsh Mahajan (2024-30),Himachal Pradesh,Sitting Rajya Sabha,UNA(DEPUTY COMMISSIOENR UNA_IDA),Rajya Sabha,100000,150000,50000,1.5,50,2024-10-13T00:00:00.000Z,2026-01-09T00:00:00.000Z,453,TRUE,FALSE,
146849,146858,construction work of Link Road,Normal/Others,Shri Harsh Mahajan (2024-30),Himachal Pradesh,Sitting Rajya Sabha,UNA(DEPUTY COMMISSIOENR UNA_IDA),Rajya Sabha,100000,50000,-50000,0.5,-50,2024-10-13T00:00:00.000Z,2026-01-09T00:00:00.000Z,453,TRUE,FALSE,
147889,146870,Construction Work of Link Roads And pathways,Normal/Others,Shri Harsh Mahajan (2024-30),Himachal Pradesh,Sitting Rajya Sabha,SHIMLA(DEPUTY COMMISSIONER SHIMLA_IDA),Rajya Sabha,200000,400000,200000,2,100,2024-10-13T00:00:00.000Z,2025-07-19T00:00:00.000Z,279,FALSE,FALSE,
146871,146873,construction work of Link Roads And pathways,Normal/Others,Shri Harsh Mahajan (2024-30),Himachal Pradesh,Sitting Rajya Sabha,CHAMBA(DEPUTY COMMISSIONER CHAMBA_IDA),Rajya Sabha,200000,200000,0,1,0,2024-10-13T00:00:00.000Z,2026-01-28T00:00:00.000Z,472,FALSE,FALSE,
146819,146823,construction work of Pucca Pathway’s,Normal/Others,Shri Harsh Mahajan (2024-30),Himachal Pradesh,Sitting Rajya Sabha,CHAMBA(DEPUTY COMMISSIONER CHAMBA_IDA),Rajya Sabha,200000,199966,-34,0.9998,-0.02,2024-10-13T00:00:00.000Z,2025-06-04T00:00:00.000Z,234,TRUE,FALSE,
156125,172860,Development of playfields and sports ground,Normal/Others,Shri Harsh Mahajan (2024-30),Himachal Pradesh,Sitting Rajya Sabha,CHAMBA(DEPUTY COMMISSIONER CHAMBA_IDA),Rajya Sabha,300000,100000,-200000,0.3333,-66.67,2025-02-05T00:00:00.000Z,2025-10-24T00:00:00.000Z,261,TRUE,FALSE,
177919,250475,Construction of Artistic Gazebo,Normal/Others,Harsh Malhotra,Delhi,EAST DELHI,EAST(COMMISSIONER EAST),Lok Sabha,786797,1212765,425968,1.5414,54.14,2025-12-01T00:00:00.000Z,2026-02-18T00:00:00.000Z,79,TRUE,FALSE,
204524,204525,Providing or fixing of Open Air Gym Equipment,Normal/Others,Harsh Malhotra,Delhi,EAST DELHI,EAST(COMMISSIONER EAST),Lok Sabha,1467121,809363,-657758,0.5517,-44.83,2025-06-24T00:00:00.000Z,2026-08-21T00:00:00.000Z,423,TRUE,FALSE,
200882,234932,Supply and Installation of Children Play Equipment,Normal/Others,Harsh Malhotra,Delhi,EAST DELHI,EAST(COMMISSIONER EAST),Lok Sabha,180480,620389,439909,3.4374,243.74,2025-10-06T00:00:00.000Z,2026-04-02T00:00:00.000Z,178,TRUE,FALSE,
200911,200913,Supply and Installation of Open Gym Equipment,Normal/Others,Harsh Malhotra,Delhi,EAST DELHI,EAST(COMMISSIONER EAST),Lok Sabha,304800,176784,-128016,0.58,-42,2025-06-04T00:00:00.000Z,2026-04-06T00:00:00.000Z,306,TRUE,FALSE,
200949,234929,Supply and Installation of Open Gym Equipment,Normal/Others,Harsh Malhotra,Delhi,EAST DELHI,EAST(COMMISSIONER EAST),Lok Sabha,490140,244586,-245554,0.499,-50.1,2025-10-06T00:00:00.000Z,2026-04-06T00:00:00.000Z,182,TRUE,FALSE,
204486,234931,Supply and Installation of Open Gym Equipment,Normal/Others,Harsh Malhotra,Delhi,EAST DELHI,EAST(COMMISSIONER EAST),Lok Sabha,490140,203406,-286734,0.415,-58.5,2025-10-06T00:00:00.000Z,2026-04-07T00:00:00.000Z,183,TRUE,FALSE,
204494,235106,Supply and Installation of Open Gym Equipment,Normal/Others,Harsh Malhotra,Delhi,EAST DELHI,EAST(COMMISSIONER EAST),Lok Sabha,426850,203406,-223444,0.4765,-52.35,2025-10-06T00:00:00.000Z,2026-04-07T00:00:00.000Z,183,TRUE,FALSE,
200874,235107,Supply and Installation of Open Gym Equipment,Normal/Others,Harsh Malhotra,Delhi,EAST DELHI,EAST(COMMISSIONER EAST),Lok Sabha,426850,244586,-182264,0.573,-42.7,2025-10-06T00:00:00.000Z,2026-07-29T00:00:00.000Z,296,TRUE,FALSE,
200912,236959,Supply and Installation of Open Gym Equipment,Normal/Others,Harsh Malhotra,Delhi,EAST DELHI,EAST(COMMISSIONER EAST),Lok Sabha,541650,176784,-364866,0.3264,-67.36,2025-10-06T00:00:00.000Z,2026-07-29T00:00:00.000Z,296,TRUE,FALSE,
200948,236960,Supply and Installation of Open Gym Equipment,Normal/Others,Harsh Malhotra,Delhi,EAST DELHI,EAST(COMMISSIONER EAST),Lok Sabha,426850,244586,-182264,0.573,-42.7,2025-10-06T00:00:00.000Z,2026-07-29T00:00:00.000Z,296,TRUE,FALSE,
204487,251086,Supply and Installation of Open Gym Equipment,Normal/Others,Harsh Malhotra,Delhi,EAST DELHI,EAST(COMMISSIONER EAST),Lok Sabha,529149,203406,-325743,0.3844,-61.56,2025-12-01T00:00:00.000Z,2026-07-29T00:00:00.000Z,240,TRUE,FALSE,
197553,203719,Supply and Installation of Open Gym Equipments,Normal/Others,Harsh Malhotra,Delhi,EAST DELHI,EAST(COMMISSIONER EAST),Lok Sabha,209200,244586,35386,1.1691,16.91,2025-05-26T00:00:00.000Z,2026-04-06T00:00:00.000Z,315,TRUE,FALSE,
197538,203721,Supply and Installation of Open Gym Equipments,Normal/Others,Harsh Malhotra,Delhi,EAST DELHI,EAST(COMMISSIONER EAST),Lok Sabha,153200,244586,91386,1.5965,59.65,2025-05-26T00:00:00.000Z,2026-04-07T00:00:00.000Z,316,TRUE,FALSE,
142660,195386,Construction of Gym Room,Normal/Others,Smt Harsimrat Kaur Badal,Punjab,BHATINDA,MANSA(DEPUTY COMMISSIONER MANSA_IDA),Lok Sabha,499800,199999,-299801,0.4002,-59.98,2025-04-29T00:00:00.000Z,2026-03-09T00:00:00.000Z,314,TRUE,FALSE,
142662,280634,Construction of Public Shed,Normal/Others,Smt Harsimrat Kaur Badal,Punjab,BHATINDA,MANSA(DEPUTY COMMISSIONER MANSA_IDA),Lok Sabha,150000,200000,50000,1.3333,33.33,2026-05-13T00:00:00.000Z,2025-10-27T00:00:00.000Z,-198,TRUE,FALSE,
141310,226782,Construction of Shed,Normal/Others,Smt Harsimrat Kaur Badal,Punjab,BHATINDA,SRI MUKTSAR SAHIB(DEPUTY COMMISSIONER SRI MUKTSAR SAHIB_IDA),Lok Sabha,200000,200000,0,1,0,2025-08-13T00:00:00.000Z,2026-02-24T00:00:00.000Z,195,TRUE,FALSE,
210117,210125,Gym Equipment,Normal/Others,Smt Harsimrat Kaur Badal,Punjab,BHATINDA,SRI MUKTSAR SAHIB(DEPUTY COMMISSIONER SRI MUKTSAR SAHIB_IDA),Lok Sabha,150000,500000,350000,3.3333,233.33,2025-06-18T00:00:00.000Z,2026-02-24T00:00:00.000Z,251,TRUE,FALSE,
210107,195388,Mobile Water Tank,Normal/Others,Smt Harsimrat Kaur Badal,Punjab,BHATINDA,SRI MUKTSAR SAHIB(DEPUTY COMMISSIONER SRI MUKTSAR SAHIB_IDA),Lok Sabha,150000,250000,100000,1.6667,66.67,2025-04-29T00:00:00.000Z,2026-02-23T00:00:00.000Z,300,FALSE,FALSE,
232929,232930,Purchase of 1 pump set for water lift,Normal/Others,Smt Harsimrat Kaur Badal,Punjab,BHATINDA,MANSA(DEPUTY COMMISSIONER MANSA_IDA),Lok Sabha,50000,50000,0,1,0,2025-09-11T00:00:00.000Z,2026-01-04T00:00:00.000Z,115,FALSE,FALSE,
232928,232931,Purchase of 1 pump set for water lift,Normal/Others,Smt Harsimrat Kaur Badal,Punjab,BHATINDA,MANSA(DEPUTY COMMISSIONER MANSA_IDA),Lok Sabha,60000,50000,-10000,0.8333,-16.67,2025-09-11T00:00:00.000Z,2026-02-03T00:00:00.000Z,145,FALSE,FALSE,
141808,210362,Stainless Steel Mobile Water Tank With Fire Fighting equipment (Capacity 5000 Ltr),Normal/Others,Smt Harsimrat Kaur Badal,Punjab,BHATINDA,SRI MUKTSAR SAHIB(DEPUTY COMMISSIONER SRI MUKTSAR SAHIB_IDA),Lok Sabha,400000,400000,0,1,0,2025-06-19T00:00:00.000Z,2026-01-27T00:00:00.000Z,222,TRUE,FALSE,
210124,203961,Street lights,Normal/Others,Smt Harsimrat Kaur Badal,Punjab,BHATINDA,BATHINDA(DEPUTY COMMISSIONER BHATINDA_IDA),Lok Sabha,240000,106680,-133320,0.4445,-55.55,2025-05-27T00:00:00.000Z,2026-04-02T00:00:00.000Z,310,TRUE,FALSE,
268214,1892,"Suction Pipe, Motor engine, Canvas pipe",Normal/Others,Smt Harsimrat Kaur Badal,Punjab,BHATINDA,FAZILKA(DEPUTY COMMISSIONER FAZILKA_IDA),Lok Sabha,467000,467000,0,1,0,2026-02-13T00:00:00.000Z,2026-04-01T00:00:00.000Z,47,FALSE,FALSE,
268215,1893,"Suction Pipe, Motor engine, Canvas pipe",Normal/Others,Smt Harsimrat Kaur Badal,Punjab,BHATINDA,FAZILKA(DEPUTY COMMISSIONER FAZILKA_IDA),Lok Sabha,543754,543754,0,1,0,2026-02-13T00:00:00.000Z,2026-04-01T00:00:00.000Z,47,FALSE,FALSE,
268216,1894,"Suction Pipe, Motor engine, Canvas pipe",Normal/Others,Smt Harsimrat Kaur Badal,Punjab,BHATINDA,FAZILKA(DEPUTY COMMISSIONER FAZILKA_IDA),Lok Sabha,678179,678179,0,1,0,2026-02-13T00:00:00.000Z,2026-04-01T00:00:00.000Z,47,FALSE,FALSE,
268217,1895,"Suction Pipe, Motor engine, Canvas pipe",Normal/Others,Smt Harsimrat Kaur Badal,Punjab,BHATINDA,FAZILKA(DEPUTY COMMISSIONER FAZILKA_IDA),Lok Sabha,543734,543734,0,1,0,2026-02-13T00:00:00.000Z,2026-04-01T00:00:00.000Z,47,FALSE,FALSE,
273833,1955,"Suction pipe, Motor engine, Canvas pipe",Normal/Others,Smt Harsimrat Kaur Badal,Punjab,BHATINDA,FAZILKA(DEPUTY COMMISSIONER FAZILKA_IDA),Lok Sabha,407918,407918,0,1,0,2026-03-12T00:00:00.000Z,2026-05-11T00:00:00.000Z,60,FALSE,FALSE,
145165,847,sadhi gam ma Kendra sarkar dwara sanchalit Javahar Navoday Vidyalaya chatty Panch smartclassroom ni khareedi,Normal/Others,DR. HEMANG JOSHI,Gujarat,VADODARA,VADODARA(DISTRICT COLLECTOR VADODARA_IDA),Lok Sabha,625000,625000,0,1,0,2024-10-02T00:00:00.000Z,2025-09-15T00:00:00.000Z,348,TRUE,TRUE,
172125,172106,"12 solar street light installation work. Implementing Agency - PWD EM, Rewa Division",Normal/Others,Smt Himadri Singh,Madhya Pradesh,SHAHDOL,ANUPPUR(DISTRICT COLLECTOR ANUPPUR_IDA),Lok Sabha,370794,366964,-3830,0.9897,-1.03,2025-02-03T00:00:00.000Z,2026-04-13T00:00:00.000Z,434,TRUE,FALSE,
172126,172107,"12 solar street light installation work. Implementing Agency - PWD EM, Rewa Division",Normal/Others,Smt Himadri Singh,Madhya Pradesh,SHAHDOL,ANUPPUR(DISTRICT COLLECTOR ANUPPUR_IDA),Lok Sabha,370794,366964,-3830,0.9897,-1.03,2025-02-03T00:00:00.000Z,2026-04-13T00:00:00.000Z,434,TRUE,FALSE,
172127,172108,"12 solar street light installation work. Implementing Agency - PWD EM, Rewa Division",Normal/Others,Smt Himadri Singh,Madhya Pradesh,SHAHDOL,ANUPPUR(DISTRICT COLLECTOR ANUPPUR_IDA),Lok Sabha,370794,366964,-3830,0.9897,-1.03,2025-02-03T00:00:00.000Z,2026-04-13T00:00:00.000Z,434,TRUE,FALSE,
172128,172109,"12 solar street light installation work. Implementing Agency - PWD EM, Rewa Division",Normal/Others,Smt Himadri Singh,Madhya Pradesh,SHAHDOL,ANUPPUR(DISTRICT COLLECTOR ANUPPUR_IDA),Lok Sabha,370794,366964,-3830,0.9897,-1.03,2025-02-03T00:00:00.000Z,2026-04-13T00:00:00.000Z,434,TRUE,FALSE,
172129,172110,"12 solar street light installation work. Implementing Agency - PWD EM, Rewa Division",Normal/Others,Smt Himadri Singh,Madhya Pradesh,SHAHDOL,ANUPPUR(DISTRICT COLLECTOR ANUPPUR_IDA),Lok Sabha,370794,366964,-3830,0.9897,-1.03,2025-02-03T00:00:00.000Z,2026-04-13T00:00:00.000Z,434,TRUE,FALSE,
172130,172111,"12 solar street light installation work. Implementing Agency - PWD EM, Rewa Division",Normal/Others,Smt Himadri Singh,Madhya Pradesh,SHAHDOL,ANUPPUR(DISTRICT COLLECTOR ANUPPUR_IDA),Lok Sabha,370794,366964,-3830,0.9897,-1.03,2025-02-03T00:00:00.000Z,2026-04-13T00:00:00.000Z,434,TRUE,FALSE,
172131,172112,"12 solar street light installation work. Implementing Agency - PWD EM, Rewa Division",Normal/Others,Smt Himadri Singh,Madhya Pradesh,SHAHDOL,ANUPPUR(DISTRICT COLLECTOR ANUPPUR_IDA),Lok Sabha,370794,366964,-3830,0.9897,-1.03,2025-02-03T00:00:00.000Z,2026-04-13T00:00:00.000Z,434,TRUE,FALSE,
172132,172113,"12 solar street light installation work. Implementing Agency - PWD EM, Rewa Division",Normal/Others,Smt Himadri Singh,Madhya Pradesh,SHAHDOL,ANUPPUR(DISTRICT COLLECTOR ANUPPUR_IDA),Lok Sabha,370794,366964,-3830,0.9897,-1.03,2025-02-03T00:00:00.000Z,2026-04-13T00:00:00.000Z,434,TRUE,FALSE,
184487,184486,As per attached letter. Half amount is already paid that is why recommendation is for 5L instead of 10L mentioned in the attached letter.,Normal/Others,Shri Imran Pratapgarhi (2022-28),Maharashtra,Sitting Rajya Sabha,Chhatrapati Sambhajinagar(DISTRICT COLLECTOR AURANGABAD_IDA),Rajya Sabha,500000,496503,-3497,0.993,-0.7,2025-03-20T00:00:00.000Z,2025-11-15T00:00:00.000Z,240,FALSE,FALSE,
184381,184467,As per letter attached,Normal/Others,Shri Imran Pratapgarhi (2022-28),Maharashtra,Sitting Rajya Sabha,Chhatrapati Sambhajinagar(DISTRICT COLLECTOR AURANGABAD_IDA),Rajya Sabha,1000000,999281,-719,0.9993,-0.07,2025-03-20T00:00:00.000Z,2025-11-12T00:00:00.000Z,237,FALSE,FALSE,
184382,184468,As per letter attached,Normal/Others,Shri Imran Pratapgarhi (2022-28),Maharashtra,Sitting Rajya Sabha,Chhatrapati Sambhajinagar(DISTRICT COLLECTOR AURANGABAD_IDA),Rajya Sabha,1000000,999284,-716,0.9993,-0.07,2025-03-20T00:00:00.000Z,2025-11-12T00:00:00.000Z,237,FALSE,FALSE,
184383,184469,As per letter attached,Normal/Others,Shri Imran Pratapgarhi (2022-28),Maharashtra,Sitting Rajya Sabha,Chhatrapati Sambhajinagar(DISTRICT COLLECTOR AURANGABAD_IDA),Rajya Sabha,1000000,999713,-287,0.9997,-0.03,2025-03-20T00:00:00.000Z,2025-11-15T00:00:00.000Z,240,FALSE,FALSE,
184498,225159,As per letter attached,Normal/Others,Shri Imran Pratapgarhi (2022-28),Maharashtra,Sitting Rajya Sabha,Chhatrapati Sambhajinagar(DISTRICT COLLECTOR AURANGABAD_IDA),Rajya Sabha,18000000,999000,-17001000,0.0555,-94.45,2025-08-05T00:00:00.000Z,2026-02-02T00:00:00.000Z,181,FALSE,FALSE,
196965,1284,Construction for Strengthening and retrofitting structural works including other allied works of Cooch Behar Bhawan 3rd Floor at Ward No.31 of Bidhannagar Municipality Sector 1 Bidhannagar Kolkata West Bengal 700064,Repair and Renovation,JAGADISH CHANDRA BARMA BASUNIA,West Bengal,COOCHBEHAR,North 24 Parganas(DISTRICT MAGISTRATE NORTH TWENTY FOUR PARGANAS_IDA),Lok Sabha,5000000,4898435,-101565,0.9797,-2.03,2025-05-05T00:00:00.000Z,2026-08-21T00:00:00.000Z,473,TRUE,TRUE,
39229,38666,Concrete Road development work.,Normal/Others,Shri Jaggesh (2022-28),Karnataka,Sitting Rajya Sabha,BENGALURU URBAN(DEPUTY COMMISSIONER BANGALORE URBAN_IDA),Rajya Sabha,500000,498420,-1580,0.9968,-0.32,2023-10-19T00:00:00.000Z,2024-10-21T00:00:00.000Z,368,FALSE,FALSE,
39230,39273,Concrete road development work.,Normal/Others,Shri Jaggesh (2022-28),Karnataka,Sitting Rajya Sabha,BENGALURU URBAN(DEPUTY COMMISSIONER BANGALORE URBAN_IDA),Rajya Sabha,500000,498901,-1099,0.9978,-0.22,2023-10-20T00:00:00.000Z,2024-10-21T00:00:00.000Z,367,FALSE,FALSE,
39232,39274,Concrete Road development work.,Normal/Others,Shri Jaggesh (2022-28),Karnataka,Sitting Rajya Sabha,BENGALURU URBAN(DEPUTY COMMISSIONER BANGALORE URBAN_IDA),Rajya Sabha,500000,499365,-635,0.9987,-0.13,2023-10-20T00:00:00.000Z,2024-10-21T00:00:00.000Z,367,FALSE,FALSE,
39231,39276,Concrete Road development work.,Normal/Others,Shri Jaggesh (2022-28),Karnataka,Sitting Rajya Sabha,BENGALURU URBAN(DEPUTY COMMISSIONER BANGALORE URBAN_IDA),Rajya Sabha,500000,499365,-635,0.9987,-0.13,2023-10-20T00:00:00.000Z,2024-11-21T00:00:00.000Z,398,FALSE,FALSE,
39234,39345,Concrete Road development work.,Normal/Others,Shri Jaggesh (2022-28),Karnataka,Sitting Rajya Sabha,BENGALURU URBAN(DEPUTY COMMISSIONER BANGALORE URBAN_IDA),Rajya Sabha,500000,499365,-635,0.9987,-0.13,2023-10-21T00:00:00.000Z,2024-11-22T00:00:00.000Z,398,FALSE,FALSE,
39235,39346,Concrete Road development work.,Normal/Others,Shri Jaggesh (2022-28),Karnataka,Sitting Rajya Sabha,BENGALURU URBAN(DEPUTY COMMISSIONER BANGALORE URBAN_IDA),Rajya Sabha,500000,499365,-635,0.9987,-0.13,2023-10-21T00:00:00.000Z,2024-11-22T00:00:00.000Z,398,FALSE,FALSE,
202982,202979,const of shed in Gaushala,Normal/Others,JAI PARKASH,Haryana,HISAR,JIND(DEPUTY COMMISSIONER JIND),Lok Sabha,500000,495817,-4183,0.9916,-0.84,2025-06-02T00:00:00.000Z,2025-11-21T00:00:00.000Z,172,TRUE,FALSE,
203347,202460,supply of new water tanker,Normal/Others,JAI PARKASH,Haryana,HISAR,BHIWANI(DC Cum Nodal Officer MPLADS Bhiwani),Lok Sabha,150000,150000,0,1,0,2025-06-02T00:00:00.000Z,2025-12-10T00:00:00.000Z,191,FALSE,FALSE,
154172,154171,Interlocking and Naali work,Normal/Others,Jai Prakash,Uttar Pradesh,HARDOI,HARDOI(DISTRICT MAGISTRATE HARDOI_IDA),Lok Sabha,1554600,1187420,-367180,0.7638,-23.62,2024-11-23T00:00:00.000Z,2025-02-07T00:00:00.000Z,76,FALSE,FALSE,
225857,188276,Lighting of public spaces,Normal/Others,Jai Prakash,Uttar Pradesh,HARDOI,HARDOI(DISTRICT MAGISTRATE HARDOI_IDA),Lok Sabha,3657000,9227740,5570740,2.5233,152.33,2025-03-31T00:00:00.000Z,2026-05-11T00:00:00.000Z,406,TRUE,FALSE,
151376,151370,water tanker,Normal/Others,Janardan Mishra,Madhya Pradesh,REWA,MAUGANJ(District Collector Mauganj_IDA),Lok Sabha,803805,1125327,321522,1.4,40,2024-11-07T00:00:00.000Z,2025-04-25T00:00:00.000Z,169,TRUE,FALSE,
280713,224994,PAVER BLOCK WORK,Normal/Others,JASHUBHAI BHILUBHAI RATHVA,Gujarat,CHHOTA UDAIPUR,PANCH MAHALS(DISTRICT COLLECTOR PANCHMAHALS_IDA),Lok Sabha,250000,500000,250000,2,100,2025-08-04T00:00:00.000Z,2026-07-24T00:00:00.000Z,354,TRUE,FALSE,
184952,184953,Work of Bore motor,Normal/Others,JASHUBHAI BHILUBHAI RATHVA,Gujarat,CHHOTA UDAIPUR,CHHOTAUDEPUR(DISTRICT COLLECTOR CHHOTA UDEPUR_IDA),Lok Sabha,125000,125000,0,1,0,2025-03-21T00:00:00.000Z,2025-11-26T00:00:00.000Z,250,TRUE,TRUE,
184972,184973,Work of Bore motor,Normal/Others,JASHUBHAI BHILUBHAI RATHVA,Gujarat,CHHOTA UDAIPUR,CHHOTAUDEPUR(DISTRICT COLLECTOR CHHOTA UDEPUR_IDA),Lok Sabha,150000,100000,-50000,0.6667,-33.33,2025-03-21T00:00:00.000Z,2025-12-18T00:00:00.000Z,272,FALSE,FALSE,
184946,184843,Work of C.C.Road,Normal/Others,JASHUBHAI BHILUBHAI RATHVA,Gujarat,CHHOTA UDAIPUR,PANCH MAHALS(DISTRICT COLLECTOR PANCHMAHALS_IDA),Lok Sabha,100000,100000,0,1,0,2025-03-20T00:00:00.000Z,2025-10-15T00:00:00.000Z,209,TRUE,FALSE,
184947,184844,Work of C.C.Road,Normal/Others,JASHUBHAI BHILUBHAI RATHVA,Gujarat,CHHOTA UDAIPUR,PANCH MAHALS(DISTRICT COLLECTOR PANCHMAHALS_IDA),Lok Sabha,100000,100000,0,1,0,2025-03-20T00:00:00.000Z,2025-10-27T00:00:00.000Z,221,TRUE,FALSE,
184961,184845,Work of C.C.Road,Normal/Others,JASHUBHAI BHILUBHAI RATHVA,Gujarat,CHHOTA UDAIPUR,CHHOTAUDEPUR(DISTRICT COLLECTOR CHHOTA UDEPUR_IDA),Lok Sabha,100000,200000,100000,2,100,2025-03-20T00:00:00.000Z,2025-11-04T00:00:00.000Z,229,TRUE,FALSE,
188854,184846,Work of C.C.Road,Normal/Others,JASHUBHAI BHILUBHAI RATHVA,Gujarat,CHHOTA UDAIPUR,CHHOTAUDEPUR(DISTRICT COLLECTOR CHHOTA UDEPUR_IDA),Lok Sabha,100000,200000,100000,2,100,2025-03-20T00:00:00.000Z,2025-11-20T00:00:00.000Z,245,TRUE,FALSE,
185064,184847,Work of C.C.Road,Normal/Others,JASHUBHAI BHILUBHAI RATHVA,Gujarat,CHHOTA UDAIPUR,VADODARA(DISTRICT COLLECTOR VADODARA_IDA),Lok Sabha,100000,450000,350000,4.5,350,2025-03-20T00:00:00.000Z,2025-12-10T00:00:00.000Z,265,TRUE,FALSE,
185058,184848,Work of C.C.Road,Normal/Others,JASHUBHAI BHILUBHAI RATHVA,Gujarat,CHHOTA UDAIPUR,VADODARA(DISTRICT COLLECTOR VADODARA_IDA),Lok Sabha,100000,450000,350000,4.5,350,2025-03-20T00:00:00.000Z,2025-12-19T00:00:00.000Z,274,TRUE,FALSE,
185060,184849,Work of C.C.Road,Normal/Others,JASHUBHAI BHILUBHAI RATHVA,Gujarat,CHHOTA UDAIPUR,VADODARA(DISTRICT COLLECTOR VADODARA_IDA),Lok Sabha,100000,449497,349497,4.495,349.5,2025-03-20T00:00:00.000Z,2025-12-20T00:00:00.000Z,275,TRUE,FALSE,
188853,184850,Work of C.C.Road,Normal/Others,JASHUBHAI BHILUBHAI RATHVA,Gujarat,CHHOTA UDAIPUR,CHHOTAUDEPUR(DISTRICT COLLECTOR CHHOTA UDEPUR_IDA),Lok Sabha,100000,200000,100000,2,100,2025-03-20T00:00:00.000Z,2025-12-23T00:00:00.000Z,278,TRUE,FALSE,
185063,184851,Work of C.C.Road,Normal/Others,JASHUBHAI BHILUBHAI RATHVA,Gujarat,CHHOTA UDAIPUR,VADODARA(DISTRICT COLLECTOR VADODARA_IDA),Lok Sabha,100000,250000,150000,2.5,150,2025-03-20T00:00:00.000Z,2026-01-16T00:00:00.000Z,302,TRUE,FALSE,
185059,184852,Work of C.C.Road,Normal/Others,JASHUBHAI BHILUBHAI RATHVA,Gujarat,CHHOTA UDAIPUR,VADODARA(DISTRICT COLLECTOR VADODARA_IDA),Lok Sabha,100000,250000,150000,2.5,150,2025-03-20T00:00:00.000Z,2026-08-10T00:00:00.000Z,508,TRUE,FALSE,
242195,242197,Work of CC Road,Normal/Others,JASHUBHAI BHILUBHAI RATHVA,Gujarat,CHHOTA UDAIPUR,VADODARA(DISTRICT COLLECTOR VADODARA_IDA),Lok Sabha,300000,400000,100000,1.3333,33.33,2025-10-15T00:00:00.000Z,2026-02-03T00:00:00.000Z,111,TRUE,FALSE,
242200,280695,Work of CC Road,Normal/Others,JASHUBHAI BHILUBHAI RATHVA,Gujarat,CHHOTA UDAIPUR,VADODARA(DISTRICT COLLECTOR VADODARA_IDA),Lok Sabha,500000,250000,-250000,0.5,-50,2026-05-14T00:00:00.000Z,2026-02-21T00:00:00.000Z,-82,TRUE,FALSE,
242193,280696,Work of CC Road,Normal/Others,JASHUBHAI BHILUBHAI RATHVA,Gujarat,CHHOTA UDAIPUR,VADODARA(DISTRICT COLLECTOR VADODARA_IDA),Lok Sabha,500000,400000,-100000,0.8,-20,2026-05-14T00:00:00.000Z,2026-02-25T00:00:00.000Z,-78,TRUE,FALSE,
242192,280697,Work of CC Road,Normal/Others,JASHUBHAI BHILUBHAI RATHVA,Gujarat,CHHOTA UDAIPUR,VADODARA(DISTRICT COLLECTOR VADODARA_IDA),Lok Sabha,500000,400000,-100000,0.8,-20,2026-05-14T00:00:00.000Z,2026-02-26T00:00:00.000Z,-77,TRUE,FALSE,
242194,280698,Work of CC Road,Normal/Others,JASHUBHAI BHILUBHAI RATHVA,Gujarat,CHHOTA UDAIPUR,VADODARA(DISTRICT COLLECTOR VADODARA_IDA),Lok Sabha,500000,400000,-100000,0.8,-20,2026-05-14T00:00:00.000Z,2026-03-02T00:00:00.000Z,-73,TRUE,FALSE,
280703,280699,WORK OF CC ROAD,Normal/Others,JASHUBHAI BHILUBHAI RATHVA,Gujarat,CHHOTA UDAIPUR,PANCH MAHALS(DISTRICT COLLECTOR PANCHMAHALS_IDA),Lok Sabha,500000,500000,0,1,0,2026-05-14T00:00:00.000Z,2026-07-22T00:00:00.000Z,69,TRUE,FALSE,
280705,280700,WORK OF CC ROAD,Normal/Others,JASHUBHAI BHILUBHAI RATHVA,Gujarat,CHHOTA UDAIPUR,PANCH MAHALS(DISTRICT COLLECTOR PANCHMAHALS_IDA),Lok Sabha,500000,500000,0,1,0,2026-05-14T00:00:00.000Z,2026-07-23T00:00:00.000Z,70,TRUE,FALSE,
280706,280701,WORK OF CC ROAD,Normal/Others,JASHUBHAI BHILUBHAI RATHVA,Gujarat,CHHOTA UDAIPUR,PANCH MAHALS(DISTRICT COLLECTOR PANCHMAHALS_IDA),Lok Sabha,500000,500000,0,1,0,2026-05-14T00:00:00.000Z,2026-07-23T00:00:00.000Z,70,TRUE,FALSE,
280702,280704,WORK OF CC ROAD,Normal/Others,JASHUBHAI BHILUBHAI RATHVA,Gujarat,CHHOTA UDAIPUR,PANCH MAHALS(DISTRICT COLLECTOR PANCHMAHALS_IDA),Lok Sabha,500000,500000,0,1,0,2026-05-14T00:00:00.000Z,2026-07-24T00:00:00.000Z,71,TRUE,FALSE,
184966,184964,Work of Kozve,Normal/Others,JASHUBHAI BHILUBHAI RATHVA,Gujarat,CHHOTA UDAIPUR,CHHOTAUDEPUR(DISTRICT COLLECTOR CHHOTA UDEPUR_IDA),Lok Sabha,200000,200000,0,1,0,2025-03-21T00:00:00.000Z,2025-09-10T00:00:00.000Z,173,FALSE,FALSE,
184985,184820,Work of Paver block,Normal/Others,JASHUBHAI BHILUBHAI RATHVA,Gujarat,CHHOTA UDAIPUR,VADODARA(DISTRICT COLLECTOR VADODARA_IDA),Lok Sabha,100000,373774,273774,3.7377,273.77,2025-03-20T00:00:00.000Z,2025-09-25T00:00:00.000Z,189,TRUE,FALSE,
184943,184821,Work of Paver block,Normal/Others,JASHUBHAI BHILUBHAI RATHVA,Gujarat,CHHOTA UDAIPUR,PANCH MAHALS(DISTRICT COLLECTOR PANCHMAHALS_IDA),Lok Sabha,100000,100000,0,1,0,2025-03-20T00:00:00.000Z,2025-10-10T00:00:00.000Z,204,TRUE,FALSE,
184969,184822,Work of Paver block,Normal/Others,JASHUBHAI BHILUBHAI RATHVA,Gujarat,CHHOTA UDAIPUR,CHHOTAUDEPUR(DISTRICT COLLECTOR CHHOTA UDEPUR_IDA),Lok Sabha,100000,200000,100000,2,100,2025-03-20T00:00:00.000Z,2025-10-14T00:00:00.000Z,208,FALSE,FALSE,
184944,184823,Work of Paver block,Normal/Others,JASHUBHAI BHILUBHAI RATHVA,Gujarat,CHHOTA UDAIPUR,PANCH MAHALS(DISTRICT COLLECTOR PANCHMAHALS_IDA),Lok Sabha,100000,100000,0,1,0,2025-03-20T00:00:00.000Z,2025-10-15T00:00:00.000Z,209,TRUE,FALSE,
184945,184824,Work of Paver block,Normal/Others,JASHUBHAI BHILUBHAI RATHVA,Gujarat,CHHOTA UDAIPUR,PANCH MAHALS(DISTRICT COLLECTOR PANCHMAHALS_IDA),Lok Sabha,100000,100000,0,1,0,2025-03-20T00:00:00.000Z,2025-10-27T00:00:00.000Z,221,TRUE,FALSE,
184996,184825,Work of Paver block,Normal/Others,JASHUBHAI BHILUBHAI RATHVA,Gujarat,CHHOTA UDAIPUR,VADODARA(DISTRICT COLLECTOR VADODARA_IDA),Lok Sabha,100000,350000,250000,3.5,250,2025-03-20T00:00:00.000Z,2025-12-11T00:00:00.000Z,266,FALSE,FALSE,
184971,184826,Work of Paver block,Normal/Others,JASHUBHAI BHILUBHAI RATHVA,Gujarat,CHHOTA UDAIPUR,CHHOTAUDEPUR(DISTRICT COLLECTOR CHHOTA UDEPUR_IDA),Lok Sabha,100000,182029,82029,1.8203,82.03,2025-03-20T00:00:00.000Z,2025-12-17T00:00:00.000Z,272,FALSE,FALSE,
184998,184827,Work of Paver block,Normal/Others,JASHUBHAI BHILUBHAI RATHVA,Gujarat,CHHOTA UDAIPUR,VADODARA(DISTRICT COLLECTOR VADODARA_IDA),Lok Sabha,100000,322227,222227,3.2223,222.23,2025-03-20T00:00:00.000Z,2026-01-02T00:00:00.000Z,288,TRUE,FALSE,
225139,184828,Work of Paver block,Normal/Others,JASHUBHAI BHILUBHAI RATHVA,Gujarat,CHHOTA UDAIPUR,NARMADA(DISTRICT COLLECTOR NARMADA_IDA),Lok Sabha,100000,250000,150000,2.5,150,2025-03-20T00:00:00.000Z,2026-01-29T00:00:00.000Z,315,TRUE,FALSE,
225119,184829,Work of Paver block,Normal/Others,JASHUBHAI BHILUBHAI RATHVA,Gujarat,CHHOTA UDAIPUR,NARMADA(DISTRICT COLLECTOR NARMADA_IDA),Lok Sabha,100000,250000,150000,2.5,150,2025-03-20T00:00:00.000Z,2026-02-13T00:00:00.000Z,330,TRUE,FALSE,
225140,184830,Work of Paver block,Normal/Others,JASHUBHAI BHILUBHAI RATHVA,Gujarat,CHHOTA UDAIPUR,NARMADA(DISTRICT COLLECTOR NARMADA_IDA),Lok Sabha,100000,250000,150000,2.5,150,2025-03-20T00:00:00.000Z,2026-02-13T00:00:00.000Z,330,TRUE,FALSE,
185068,184831,Work of Paver block,Normal/Others,JASHUBHAI BHILUBHAI RATHVA,Gujarat,CHHOTA UDAIPUR,VADODARA(DISTRICT COLLECTOR VADODARA_IDA),Lok Sabha,100000,400000,300000,4,300,2025-03-20T00:00:00.000Z,2026-02-21T00:00:00.000Z,338,TRUE,FALSE,
242191,184832,Work of Paver block,Normal/Others,JASHUBHAI BHILUBHAI RATHVA,Gujarat,CHHOTA UDAIPUR,VADODARA(DISTRICT COLLECTOR VADODARA_IDA),Lok Sabha,100000,300000,200000,3,200,2025-03-20T00:00:00.000Z,2026-04-19T00:00:00.000Z,395,TRUE,FALSE,
242189,184833,Work of Paver block,Normal/Others,JASHUBHAI BHILUBHAI RATHVA,Gujarat,CHHOTA UDAIPUR,VADODARA(DISTRICT COLLECTOR VADODARA_IDA),Lok Sabha,100000,250000,150000,2.5,150,2025-03-20T00:00:00.000Z,2026-07-20T00:00:00.000Z,487,TRUE,FALSE,
242190,184834,Work of Paver block,Normal/Others,JASHUBHAI BHILUBHAI RATHVA,Gujarat,CHHOTA UDAIPUR,VADODARA(DISTRICT COLLECTOR VADODARA_IDA),Lok Sabha,100000,400000,300000,4,300,2025-03-20T00:00:00.000Z,2026-08-10T00:00:00.000Z,508,TRUE,FALSE,
184984,184978,Work of R.C.C. Road,Normal/Others,JASHUBHAI BHILUBHAI RATHVA,Gujarat,CHHOTA UDAIPUR,VADODARA(DISTRICT COLLECTOR VADODARA_IDA),Lok Sabha,300000,324536,24536,1.0818,8.18,2025-03-21T00:00:00.000Z,2025-10-03T00:00:00.000Z,196,TRUE,FALSE,
184979,242967,Work of R.C.C. Road,Normal/Others,JASHUBHAI BHILUBHAI RATHVA,Gujarat,CHHOTA UDAIPUR,VADODARA(DISTRICT COLLECTOR VADODARA_IDA),Lok Sabha,490000,400000,-90000,0.8163,-18.37,2025-10-18T00:00:00.000Z,2025-10-13T00:00:00.000Z,-5,TRUE,FALSE,
184994,184991,Work of R.C.C.Rpad,Normal/Others,JASHUBHAI BHILUBHAI RATHVA,Gujarat,CHHOTA UDAIPUR,VADODARA(DISTRICT COLLECTOR VADODARA_IDA),Lok Sabha,200000,199600,-400,0.998,-0.2,2025-03-21T00:00:00.000Z,2026-01-20T00:00:00.000Z,305,FALSE,FALSE,
225252,225095,Work of RCC Road,Normal/Others,JASHUBHAI BHILUBHAI RATHVA,Gujarat,CHHOTA UDAIPUR,PANCH MAHALS(DISTRICT COLLECTOR PANCHMAHALS_IDA),Lok Sabha,249994,200000,-49994,0.8,-20,2025-08-05T00:00:00.000Z,2026-01-27T00:00:00.000Z,175,TRUE,FALSE,
225256,225096,Work of RCC Road,Normal/Others,JASHUBHAI BHILUBHAI RATHVA,Gujarat,CHHOTA UDAIPUR,PANCH MAHALS(DISTRICT COLLECTOR PANCHMAHALS_IDA),Lok Sabha,249994,200000,-49994,0.8,-20,2025-08-05T00:00:00.000Z,2026-01-27T00:00:00.000Z,175,TRUE,FALSE,
225262,225253,Work of RCC Road,Normal/Others,JASHUBHAI BHILUBHAI RATHVA,Gujarat,CHHOTA UDAIPUR,PANCH MAHALS(DISTRICT COLLECTOR PANCHMAHALS_IDA),Lok Sabha,200000,200000,0,1,0,2025-08-05T00:00:00.000Z,2026-02-10T00:00:00.000Z,189,TRUE,FALSE,
225257,225254,Work of RCC Road,Normal/Others,JASHUBHAI BHILUBHAI RATHVA,Gujarat,CHHOTA UDAIPUR,PANCH MAHALS(DISTRICT COLLECTOR PANCHMAHALS_IDA),Lok Sabha,200000,200000,0,1,0,2025-08-05T00:00:00.000Z,2026-02-17T00:00:00.000Z,196,TRUE,FALSE,
225268,225258,Work of RCC Road,Normal/Others,JASHUBHAI BHILUBHAI RATHVA,Gujarat,CHHOTA UDAIPUR,PANCH MAHALS(DISTRICT COLLECTOR PANCHMAHALS_IDA),Lok Sabha,200000,300000,100000,1.5,50,2025-08-05T00:00:00.000Z,2026-03-09T00:00:00.000Z,216,TRUE,FALSE,
225255,225259,Work of RCC Road,Normal/Others,JASHUBHAI BHILUBHAI RATHVA,Gujarat,CHHOTA UDAIPUR,PANCH MAHALS(DISTRICT COLLECTOR PANCHMAHALS_IDA),Lok Sabha,200000,200000,0,1,0,2025-08-05T00:00:00.000Z,2026-03-20T00:00:00.000Z,227,TRUE,FALSE,
225270,225260,Work of RCC Road,Normal/Others,JASHUBHAI BHILUBHAI RATHVA,Gujarat,CHHOTA UDAIPUR,PANCH MAHALS(DISTRICT COLLECTOR PANCHMAHALS_IDA),Lok Sabha,200000,300000,100000,1.5,50,2025-08-05T00:00:00.000Z,2026-05-04T00:00:00.000Z,272,TRUE,FALSE,
184949,184976,Work of Samaj Ghar,Normal/Others,JASHUBHAI BHILUBHAI RATHVA,Gujarat,CHHOTA UDAIPUR,CHHOTAUDEPUR(DISTRICT COLLECTOR CHHOTA UDEPUR_IDA),Lok Sabha,500000,490997,-9003,0.982,-1.8,2025-03-21T00:00:00.000Z,2025-08-20T00:00:00.000Z,152,TRUE,FALSE,
184957,184956,Work of Sanrakshan Diwal,Normal/Others,JASHUBHAI BHILUBHAI RATHVA,Gujarat,CHHOTA UDAIPUR,CHHOTAUDEPUR(DISTRICT COLLECTOR CHHOTA UDEPUR_IDA),Lok Sabha,200000,200000,0,1,0,2025-03-21T00:00:00.000Z,2026-02-04T00:00:00.000Z,320,TRUE,FALSE,
188858,184954,Work of Shed,Normal/Others,JASHUBHAI BHILUBHAI RATHVA,Gujarat,CHHOTA UDAIPUR,CHHOTAUDEPUR(DISTRICT COLLECTOR CHHOTA UDEPUR_IDA),Lok Sabha,250000,499928,249928,1.9997,99.97,2025-03-21T00:00:00.000Z,2025-08-20T00:00:00.000Z,152,TRUE,FALSE,
184975,188851,Work of Shed,Normal/Others,JASHUBHAI BHILUBHAI RATHVA,Gujarat,CHHOTA UDAIPUR,CHHOTAUDEPUR(DISTRICT COLLECTOR CHHOTA UDEPUR_IDA),Lok Sabha,250000,300000,50000,1.2,20,2025-04-02T00:00:00.000Z,2025-10-14T00:00:00.000Z,195,FALSE,FALSE,
274184,274188,Construction of Water Tank,Normal/Others,Jitendra Singh,Jammu And Kashmir,UDHAMPUR,KATHUA(DISTRICT DEVELOPMENT COMMISSIONER KATHUA_IDA),Lok Sabha,200000,191000,-9000,0.955,-4.5,2026-03-13T00:00:00.000Z,2026-08-20T00:00:00.000Z,160,TRUE,FALSE,
168726,191783,CC Road Construction,Normal/Others,JYOTIRADITYA M. SCINDIA,Madhya Pradesh,GUNA,ASHOKNAGAR(DISTRICT COLLECTOR ASHOKNAGAR_IDA),Lok Sabha,1000000,1000000,0,1,0,2025-04-16T00:00:00.000Z,2025-03-11T00:00:00.000Z,-36,FALSE,FALSE,
199886,199889,CC road construction,Normal/Others,JYOTIRADITYA M. SCINDIA,Madhya Pradesh,GUNA,SHIVPURI(District Collector Shivpuri_IDA),Lok Sabha,1000000,1000000,0,1,0,2025-05-15T00:00:00.000Z,2026-01-20T00:00:00.000Z,250,FALSE,FALSE,
177243,160267,Construction of community hall,Normal/Others,JYOTIRADITYA M. SCINDIA,Madhya Pradesh,GUNA,GUNA(District Collector Guna_IDA),Lok Sabha,1000000,998267,-1733,0.9983,-0.17,2024-12-19T00:00:00.000Z,2026-04-16T00:00:00.000Z,483,TRUE,FALSE,
177244,199883,Construction of community hall,Normal/Others,JYOTIRADITYA M. SCINDIA,Madhya Pradesh,GUNA,GUNA(District Collector Guna_IDA),Lok Sabha,1000000,1000000,0,1,0,2025-05-15T00:00:00.000Z,2026-04-16T00:00:00.000Z,336,TRUE,FALSE,
151502,157805,,Normal/Others,JYOTIRADITYA M. SCINDIA,Madhya Pradesh,GUNA,ASHOKNAGAR(DISTRICT COLLECTOR ASHOKNAGAR_IDA),Lok Sabha,1500000,1000000,-500000,0.6667,-33.33,2024-12-10T00:00:00.000Z,2025-02-20T00:00:00.000Z,72,TRUE,FALSE,
151502,177247,,Normal/Others,JYOTIRADITYA M. SCINDIA,Madhya Pradesh,GUNA,ASHOKNAGAR(DISTRICT COLLECTOR ASHOKNAGAR_IDA),Lok Sabha,1000000,1000000,0,1,0,2025-02-24T00:00:00.000Z,2025-02-20T00:00:00.000Z,-4,TRUE,FALSE,
151502,177251,,Normal/Others,JYOTIRADITYA M. SCINDIA,Madhya Pradesh,GUNA,ASHOKNAGAR(DISTRICT COLLECTOR ASHOKNAGAR_IDA),Lok Sabha,1000000,1000000,0,1,0,2025-02-24T00:00:00.000Z,2025-02-20T00:00:00.000Z,-4,TRUE,FALSE,
143830,157805,,Normal/Others,JYOTIRADITYA M. SCINDIA,Madhya Pradesh,GUNA,SHIVPURI(District Collector Shivpuri_IDA),Lok Sabha,1500000,585000,-915000,0.39,-61,2024-12-10T00:00:00.000Z,2025-03-28T00:00:00.000Z,108,TRUE,FALSE,
143830,177247,,Normal/Others,JYOTIRADITYA M. SCINDIA,Madhya Pradesh,GUNA,SHIVPURI(District Collector Shivpuri_IDA),Lok Sabha,1000000,585000,-415000,0.585,-41.5,2025-02-24T00:00:00.000Z,2025-03-28T00:00:00.000Z,32,TRUE,FALSE,
143830,177251,,Normal/Others,JYOTIRADITYA M. SCINDIA,Madhya Pradesh,GUNA,SHIVPURI(District Collector Shivpuri_IDA),Lok Sabha,1000000,585000,-415000,0.585,-41.5,2025-02-24T00:00:00.000Z,2025-03-28T00:00:00.000Z,32,TRUE,FALSE,
143831,157805,,Normal/Others,JYOTIRADITYA M. SCINDIA,Madhya Pradesh,GUNA,SHIVPURI(District Collector Shivpuri_IDA),Lok Sabha,1500000,585000,-915000,0.39,-61,2024-12-10T00:00:00.000Z,2025-03-28T00:00:00.000Z,108,TRUE,FALSE,
143831,177247,,Normal/Others,JYOTIRADITYA M. SCINDIA,Madhya Pradesh,GUNA,SHIVPURI(District Collector Shivpuri_IDA),Lok Sabha,1000000,585000,-415000,0.585,-41.5,2025-02-24T00:00:00.000Z,2025-03-28T00:00:00.000Z,32,TRUE,FALSE,
143831,177251,,Normal/Others,JYOTIRADITYA M. SCINDIA,Madhya Pradesh,GUNA,SHIVPURI(District Collector Shivpuri_IDA),Lok Sabha,1000000,585000,-415000,0.585,-41.5,2025-02-24T00:00:00.000Z,2025-03-28T00:00:00.000Z,32,TRUE,FALSE,
143832,157805,,Normal/Others,JYOTIRADITYA M. SCINDIA,Madhya Pradesh,GUNA,SHIVPURI(District Collector Shivpuri_IDA),Lok Sabha,1500000,585000,-915000,0.39,-61,2024-12-10T00:00:00.000Z,2025-03-28T00:00:00.000Z,108,TRUE,FALSE,
143832,177247,,Normal/Others,JYOTIRADITYA M. SCINDIA,Madhya Pradesh,GUNA,SHIVPURI(District Collector Shivpuri_IDA),Lok Sabha,1000000,585000,-415000,0.585,-41.5,2025-02-24T00:00:00.000Z,2025-03-28T00:00:00.000Z,32,TRUE,FALSE,
143832,177251,,Normal/Others,JYOTIRADITYA M. SCINDIA,Madhya Pradesh,GUNA,SHIVPURI(District Collector Shivpuri_IDA),Lok Sabha,1000000,585000,-415000,0.585,-41.5,2025-02-24T00:00:00.000Z,2025-03-28T00:00:00.000Z,32,TRUE,FALSE,
143833,157805,,Normal/Others,JYOTIRADITYA M. SCINDIA,Madhya Pradesh,GUNA,SHIVPURI(District Collector Shivpuri_IDA),Lok Sabha,1500000,585000,-915000,0.39,-61,2024-12-10T00:00:00.000Z,2025-03-28T00:00:00.000Z,108,TRUE,FALSE,
143833,177247,,Normal/Others,JYOTIRADITYA M. SCINDIA,Madhya Pradesh,GUNA,SHIVPURI(District Collector Shivpuri_IDA),Lok Sabha,1000000,585000,-415000,0.585,-41.5,2025-02-24T00:00:00.000Z,2025-03-28T00:00:00.000Z,32,TRUE,FALSE,
143833,177251,,Normal/Others,JYOTIRADITYA M. SCINDIA,Madhya Pradesh,GUNA,SHIVPURI(District Collector Shivpuri_IDA),Lok Sabha,1000000,585000,-415000,0.585,-41.5,2025-02-24T00:00:00.000Z,2025-03-28T00:00:00.000Z,32,TRUE,FALSE,
143834,157805,,Normal/Others,JYOTIRADITYA M. SCINDIA,Madhya Pradesh,GUNA,SHIVPURI(District Collector Shivpuri_IDA),Lok Sabha,1500000,585000,-915000,0.39,-61,2024-12-10T00:00:00.000Z,2025-03-28T00:00:00.000Z,108,TRUE,FALSE,
143834,177247,,Normal/Others,JYOTIRADITYA M. SCINDIA,Madhya Pradesh,GUNA,SHIVPURI(District Collector Shivpuri_IDA),Lok Sabha,1000000,585000,-415000,0.585,-41.5,2025-02-24T00:00:00.000Z,2025-03-28T00:00:00.000Z,32,TRUE,FALSE,
143834,177251,,Normal/Others,JYOTIRADITYA M. SCINDIA,Madhya Pradesh,GUNA,SHIVPURI(District Collector Shivpuri_IDA),Lok Sabha,1000000,585000,-415000,0.585,-41.5,2025-02-24T00:00:00.000Z,2025-03-28T00:00:00.000Z,32,TRUE,FALSE,
143835,157805,,Normal/Others,JYOTIRADITYA M. SCINDIA,Madhya Pradesh,GUNA,SHIVPURI(District Collector Shivpuri_IDA),Lok Sabha,1500000,585000,-915000,0.39,-61,2024-12-10T00:00:00.000Z,2025-03-28T00:00:00.000Z,108,TRUE,FALSE,
143835,177247,,Normal/Others,JYOTIRADITYA M. SCINDIA,Madhya Pradesh,GUNA,SHIVPURI(District Collector Shivpuri_IDA),Lok Sabha,1000000,585000,-415000,0.585,-41.5,2025-02-24T00:00:00.000Z,2025-03-28T00:00:00.000Z,32,TRUE,FALSE,
143835,177251,,Normal/Others,JYOTIRADITYA M. SCINDIA,Madhya Pradesh,GUNA,SHIVPURI(District Collector Shivpuri_IDA),Lok Sabha,1000000,585000,-415000,0.585,-41.5,2025-02-24T00:00:00.000Z,2025-03-28T00:00:00.000Z,32,TRUE,FALSE,
143836,157805,,Normal/Others,JYOTIRADITYA M. SCINDIA,Madhya Pradesh,GUNA,SHIVPURI(District Collector Shivpuri_IDA),Lok Sabha,1500000,585000,-915000,0.39,-61,2024-12-10T00:00:00.000Z,2025-03-28T00:00:00.000Z,108,TRUE,FALSE,
143836,177247,,Normal/Others,JYOTIRADITYA M. SCINDIA,Madhya Pradesh,GUNA,SHIVPURI(District Collector Shivpuri_IDA),Lok Sabha,1000000,585000,-415000,0.585,-41.5,2025-02-24T00:00:00.000Z,2025-03-28T00:00:00.000Z,32,TRUE,FALSE,
143836,177251,,Normal/Others,JYOTIRADITYA M. SCINDIA,Madhya Pradesh,GUNA,SHIVPURI(District Collector Shivpuri_IDA),Lok Sabha,1000000,585000,-415000,0.585,-41.5,2025-02-24T00:00:00.000Z,2025-03-28T00:00:00.000Z,32,TRUE,FALSE,
143837,157805,,Normal/Others,JYOTIRADITYA M. SCINDIA,Madhya Pradesh,GUNA,SHIVPURI(District Collector Shivpuri_IDA),Lok Sabha,1500000,585000,-915000,0.39,-61,2024-12-10T00:00:00.000Z,2025-03-28T00:00:00.000Z,108,TRUE,FALSE,
143837,177247,,Normal/Others,JYOTIRADITYA M. SCINDIA,Madhya Pradesh,GUNA,SHIVPURI(District Collector Shivpuri_IDA),Lok Sabha,1000000,585000,-415000,0.585,-41.5,2025-02-24T00:00:00.000Z,2025-03-28T00:00:00.000Z,32,TRUE,FALSE,
143837,177251,,Normal/Others,JYOTIRADITYA M. SCINDIA,Madhya Pradesh,GUNA,SHIVPURI(District Collector Shivpuri_IDA),Lok Sabha,1000000,585000,-415000,0.585,-41.5,2025-02-24T00:00:00.000Z,2025-03-28T00:00:00.000Z,32,TRUE,FALSE,
143838,157805,,Normal/Others,JYOTIRADITYA M. SCINDIA,Madhya Pradesh,GUNA,SHIVPURI(District Collector Shivpuri_IDA),Lok Sabha,1500000,585000,-915000,0.39,-61,2024-12-10T00:00:00.000Z,2025-03-28T00:00:00.000Z,108,TRUE,FALSE,
143838,177247,,Normal/Others,JYOTIRADITYA M. SCINDIA,Madhya Pradesh,GUNA,SHIVPURI(District Collector Shivpuri_IDA),Lok Sabha,1000000,585000,-415000,0.585,-41.5,2025-02-24T00:00:00.000Z,2025-03-28T00:00:00.000Z,32,TRUE,FALSE,
143838,177251,,Normal/Others,JYOTIRADITYA M. SCINDIA,Madhya Pradesh,GUNA,SHIVPURI(District Collector Shivpuri_IDA),Lok Sabha,1000000,585000,-415000,0.585,-41.5,2025-02-24T00:00:00.000Z,2025-03-28T00:00:00.000Z,32,TRUE,FALSE,
143839,157805,,Normal/Others,JYOTIRADITYA M. SCINDIA,Madhya Pradesh,GUNA,SHIVPURI(District Collector Shivpuri_IDA),Lok Sabha,1500000,585000,-915000,0.39,-61,2024-12-10T00:00:00.000Z,2025-03-28T00:00:00.000Z,108,TRUE,FALSE,
143839,177247,,Normal/Others,JYOTIRADITYA M. SCINDIA,Madhya Pradesh,GUNA,SHIVPURI(District Collector Shivpuri_IDA),Lok Sabha,1000000,585000,-415000,0.585,-41.5,2025-02-24T00:00:00.000Z,2025-03-28T00:00:00.000Z,32,TRUE,FALSE,
143839,177251,,Normal/Others,JYOTIRADITYA M. SCINDIA,Madhya Pradesh,GUNA,SHIVPURI(District Collector Shivpuri_IDA),Lok Sabha,1000000,585000,-415000,0.585,-41.5,2025-02-24T00:00:00.000Z,2025-03-28T00:00:00.000Z,32,TRUE,FALSE,
151499,157805,,Normal/Others,JYOTIRADITYA M. SCINDIA,Madhya Pradesh,GUNA,ASHOKNAGAR(DISTRICT COLLECTOR ASHOKNAGAR_IDA),Lok Sabha,1500000,991930,-508070,0.6613,-33.87,2024-12-10T00:00:00.000Z,2025-07-03T00:00:00.000Z,205,TRUE,FALSE,
151499,177247,,Normal/Others,JYOTIRADITYA M. SCINDIA,Madhya Pradesh,GUNA,ASHOKNAGAR(DISTRICT COLLECTOR ASHOKNAGAR_IDA),Lok Sabha,1000000,991930,-8070,0.9919,-0.81,2025-02-24T00:00:00.000Z,2025-07-03T00:00:00.000Z,129,TRUE,FALSE,
151499,177251,,Normal/Others,JYOTIRADITYA M. SCINDIA,Madhya Pradesh,GUNA,ASHOKNAGAR(DISTRICT COLLECTOR ASHOKNAGAR_IDA),Lok Sabha,1000000,991930,-8070,0.9919,-0.81,2025-02-24T00:00:00.000Z,2025-07-03T00:00:00.000Z,129,TRUE,FALSE,
151500,157805,,Normal/Others,JYOTIRADITYA M. SCINDIA,Madhya Pradesh,GUNA,ASHOKNAGAR(DISTRICT COLLECTOR ASHOKNAGAR_IDA),Lok Sabha,1500000,999442,-500558,0.6663,-33.37,2024-12-10T00:00:00.000Z,2025-10-10T00:00:00.000Z,304,TRUE,FALSE,
151500,177247,,Normal/Others,JYOTIRADITYA M. SCINDIA,Madhya Pradesh,GUNA,ASHOKNAGAR(DISTRICT COLLECTOR ASHOKNAGAR_IDA),Lok Sabha,1000000,999442,-558,0.9994,-0.06,2025-02-24T00:00:00.000Z,2025-10-10T00:00:00.000Z,228,TRUE,FALSE,
151500,177251,,Normal/Others,JYOTIRADITYA M. SCINDIA,Madhya Pradesh,GUNA,ASHOKNAGAR(DISTRICT COLLECTOR ASHOKNAGAR_IDA),Lok Sabha,1000000,999442,-558,0.9994,-0.06,2025-02-24T00:00:00.000Z,2025-10-10T00:00:00.000Z,228,TRUE,FALSE,
191785,157805,,Normal/Others,JYOTIRADITYA M. SCINDIA,Madhya Pradesh,GUNA,ASHOKNAGAR(DISTRICT COLLECTOR ASHOKNAGAR_IDA),Lok Sabha,1500000,998328,-501672,0.6656,-33.44,2024-12-10T00:00:00.000Z,2025-12-08T00:00:00.000Z,363,TRUE,FALSE,
191785,177247,,Normal/Others,JYOTIRADITYA M. SCINDIA,Madhya Pradesh,GUNA,ASHOKNAGAR(DISTRICT COLLECTOR ASHOKNAGAR_IDA),Lok Sabha,1000000,998328,-1672,0.9983,-0.17,2025-02-24T00:00:00.000Z,2025-12-08T00:00:00.000Z,287,TRUE,FALSE,
191785,177251,,Normal/Others,JYOTIRADITYA M. SCINDIA,Madhya Pradesh,GUNA,ASHOKNAGAR(DISTRICT COLLECTOR ASHOKNAGAR_IDA),Lok Sabha,1000000,998328,-1672,0.9983,-0.17,2025-02-24T00:00:00.000Z,2025-12-08T00:00:00.000Z,287,TRUE,FALSE,
177248,157805,,Normal/Others,JYOTIRADITYA M. SCINDIA,Madhya Pradesh,GUNA,GUNA(District Collector Guna_IDA),Lok Sabha,1500000,999500,-500500,0.6663,-33.37,2024-12-10T00:00:00.000Z,2026-02-06T00:00:00.000Z,423,TRUE,FALSE,
177248,177247,,Normal/Others,JYOTIRADITYA M. SCINDIA,Madhya Pradesh,GUNA,GUNA(District Collector Guna_IDA),Lok Sabha,1000000,999500,-500,0.9995,-0.05,2025-02-24T00:00:00.000Z,2026-02-06T00:00:00.000Z,347,TRUE,FALSE,
177248,177251,,Normal/Others,JYOTIRADITYA M. SCINDIA,Madhya Pradesh,GUNA,GUNA(District Collector Guna_IDA),Lok Sabha,1000000,999500,-500,0.9995,-0.05,2025-02-24T00:00:00.000Z,2026-02-06T00:00:00.000Z,347,TRUE,FALSE,
151501,157805,,Normal/Others,JYOTIRADITYA M. SCINDIA,Madhya Pradesh,GUNA,ASHOKNAGAR(DISTRICT COLLECTOR ASHOKNAGAR_IDA),Lok Sabha,1500000,995000,-505000,0.6633,-33.67,2024-12-10T00:00:00.000Z,2026-03-31T00:00:00.000Z,476,TRUE,FALSE,
151501,177247,,Normal/Others,JYOTIRADITYA M. SCINDIA,Madhya Pradesh,GUNA,ASHOKNAGAR(DISTRICT COLLECTOR ASHOKNAGAR_IDA),Lok Sabha,1000000,995000,-5000,0.995,-0.5,2025-02-24T00:00:00.000Z,2026-03-31T00:00:00.000Z,400,TRUE,FALSE,
151501,177251,,Normal/Others,JYOTIRADITYA M. SCINDIA,Madhya Pradesh,GUNA,ASHOKNAGAR(DISTRICT COLLECTOR ASHOKNAGAR_IDA),Lok Sabha,1000000,995000,-5000,0.995,-0.5,2025-02-24T00:00:00.000Z,2026-03-31T00:00:00.000Z,400,TRUE,FALSE,
151498,157805,,Normal/Others,JYOTIRADITYA M. SCINDIA,Madhya Pradesh,GUNA,ASHOKNAGAR(DISTRICT COLLECTOR ASHOKNAGAR_IDA),Lok Sabha,1500000,1000000,-500000,0.6667,-33.33,2024-12-10T00:00:00.000Z,2026-04-02T00:00:00.000Z,478,TRUE,FALSE,
151498,177247,,Normal/Others,JYOTIRADITYA M. SCINDIA,Madhya Pradesh,GUNA,ASHOKNAGAR(DISTRICT COLLECTOR ASHOKNAGAR_IDA),Lok Sabha,1000000,1000000,0,1,0,2025-02-24T00:00:00.000Z,2026-04-02T00:00:00.000Z,402,TRUE,FALSE,
151498,177251,,Normal/Others,JYOTIRADITYA M. SCINDIA,Madhya Pradesh,GUNA,ASHOKNAGAR(DISTRICT COLLECTOR ASHOKNAGAR_IDA),Lok Sabha,1000000,1000000,0,1,0,2025-02-24T00:00:00.000Z,2026-04-02T00:00:00.000Z,402,TRUE,FALSE,
177252,157805,,Normal/Others,JYOTIRADITYA M. SCINDIA,Madhya Pradesh,GUNA,GUNA(District Collector Guna_IDA),Lok Sabha,1500000,999305,-500695,0.6662,-33.38,2024-12-10T00:00:00.000Z,2026-04-13T00:00:00.000Z,489,FALSE,FALSE,
177252,177247,,Normal/Others,JYOTIRADITYA M. SCINDIA,Madhya Pradesh,GUNA,GUNA(District Collector Guna_IDA),Lok Sabha,1000000,999305,-695,0.9993,-0.07,2025-02-24T00:00:00.000Z,2026-04-13T00:00:00.000Z,413,FALSE,FALSE,
177252,177251,,Normal/Others,JYOTIRADITYA M. SCINDIA,Madhya Pradesh,GUNA,GUNA(District Collector Guna_IDA),Lok Sabha,1000000,999305,-695,0.9993,-0.07,2025-02-24T00:00:00.000Z,2026-04-13T00:00:00.000Z,413,FALSE,FALSE,
177246,157805,,Normal/Others,JYOTIRADITYA M. SCINDIA,Madhya Pradesh,GUNA,GUNA(District Collector Guna_IDA),Lok Sabha,1500000,999555,-500445,0.6664,-33.36,2024-12-10T00:00:00.000Z,2026-04-16T00:00:00.000Z,492,TRUE,FALSE,
177246,177247,,Normal/Others,JYOTIRADITYA M. SCINDIA,Madhya Pradesh,GUNA,GUNA(District Collector Guna_IDA),Lok Sabha,1000000,999555,-445,0.9996,-0.04,2025-02-24T00:00:00.000Z,2026-04-16T00:00:00.000Z,416,TRUE,FALSE,
177246,177251,,Normal/Others,JYOTIRADITYA M. SCINDIA,Madhya Pradesh,GUNA,GUNA(District Collector Guna_IDA),Lok Sabha,1000000,999555,-445,0.9996,-0.04,2025-02-24T00:00:00.000Z,2026-04-16T00:00:00.000Z,416,TRUE,FALSE,
266871,266867,SOLAR HIGH MAST LIGHT,Normal/Others,Shri Jyotirmay Singh Mahato ,West Bengal,PURULIA,PURULIA(DISTRICT MAGISTRATE PURULIA_IDA),Lok Sabha,377801,377801,0,1,0,2026-02-20T00:00:00.000Z,2026-08-05T00:00:00.000Z,166,TRUE,FALSE,
266876,266868,SOLAR HIGH MAST LIGHT,Normal/Others,Shri Jyotirmay Singh Mahato ,West Bengal,PURULIA,PURULIA(DISTRICT MAGISTRATE PURULIA_IDA),Lok Sabha,377801,377801,0,1,0,2026-02-20T00:00:00.000Z,2026-08-05T00:00:00.000Z,166,TRUE,FALSE,
266881,266869,SOLAR HIGH MAST LIGHT,Normal/Others,Shri Jyotirmay Singh Mahato ,West Bengal,PURULIA,PURULIA(DISTRICT MAGISTRATE PURULIA_IDA),Lok Sabha,377801,377801,0,1,0,2026-02-20T00:00:00.000Z,2026-08-05T00:00:00.000Z,166,TRUE,FALSE,
255067,204465,solar light,Normal/Others,Shri Jyotirmay Singh Mahato ,West Bengal,PURULIA,PURULIA(DISTRICT MAGISTRATE PURULIA_IDA),Lok Sabha,368266,377801,9535,1.0259,2.59,2025-06-26T00:00:00.000Z,2026-08-05T00:00:00.000Z,405,TRUE,FALSE,
255069,204503,solar light,Normal/Others,Shri Jyotirmay Singh Mahato ,West Bengal,PURULIA,PURULIA(DISTRICT MAGISTRATE PURULIA_IDA),Lok Sabha,368266,377801,9535,1.0259,2.59,2025-06-26T00:00:00.000Z,2026-08-05T00:00:00.000Z,405,TRUE,FALSE,
255070,204504,SOLAR LIGHT,Normal/Others,Shri Jyotirmay Singh Mahato ,West Bengal,PURULIA,PURULIA(DISTRICT MAGISTRATE PURULIA_IDA),Lok Sabha,368266,377801,9535,1.0259,2.59,2025-06-26T00:00:00.000Z,2026-08-05T00:00:00.000Z,405,TRUE,FALSE,
255071,211433,SOLAR LIGHT,Normal/Others,Shri Jyotirmay Singh Mahato ,West Bengal,PURULIA,PURULIA(DISTRICT MAGISTRATE PURULIA_IDA),Lok Sabha,368266,377801,9535,1.0259,2.59,2025-06-26T00:00:00.000Z,2026-08-05T00:00:00.000Z,405,TRUE,FALSE,
255072,211438,SOLAR LIGHT,Normal/Others,Shri Jyotirmay Singh Mahato ,West Bengal,PURULIA,PURULIA(DISTRICT MAGISTRATE PURULIA_IDA),Lok Sabha,368266,377801,9535,1.0259,2.59,2025-06-26T00:00:00.000Z,2026-08-05T00:00:00.000Z,405,TRUE,FALSE,
255073,211442,SOLAR LIGHT,Normal/Others,Shri Jyotirmay Singh Mahato ,West Bengal,PURULIA,PURULIA(DISTRICT MAGISTRATE PURULIA_IDA),Lok Sabha,368266,377801,9535,1.0259,2.59,2025-06-26T00:00:00.000Z,2026-08-05T00:00:00.000Z,405,TRUE,FALSE,
255074,211444,SOLAR LIGHT,Normal/Others,Shri Jyotirmay Singh Mahato ,West Bengal,PURULIA,PURULIA(DISTRICT MAGISTRATE PURULIA_IDA),Lok Sabha,368266,377801,9535,1.0259,2.59,2025-06-26T00:00:00.000Z,2026-08-05T00:00:00.000Z,405,TRUE,FALSE,
255075,255068,SOLAR LIGHT,Normal/Others,Shri Jyotirmay Singh Mahato ,West Bengal,PURULIA,PURULIA(DISTRICT MAGISTRATE PURULIA_IDA),Lok Sabha,377801,377801,0,1,0,2025-12-22T00:00:00.000Z,2026-08-05T00:00:00.000Z,226,TRUE,FALSE,
255076,255078,SOLAR LIGHT,Normal/Others,Shri Jyotirmay Singh Mahato ,West Bengal,PURULIA,PURULIA(DISTRICT MAGISTRATE PURULIA_IDA),Lok Sabha,377801,377801,0,1,0,2025-12-22T00:00:00.000Z,2026-08-05T00:00:00.000Z,226,TRUE,FALSE,
255079,255080,SOLAR LIGHT,Normal/Others,Shri Jyotirmay Singh Mahato ,West Bengal,PURULIA,PURULIA(DISTRICT MAGISTRATE PURULIA_IDA),Lok Sabha,378000,377801,-199,0.9995,-0.05,2025-12-22T00:00:00.000Z,2026-08-05T00:00:00.000Z,226,TRUE,FALSE,
242638,242639,CC Road construction,Normal/Others,Jyotsna Charandas Mahant ,Chhattisgarh,KORBA,KORBA(Collector-Korba),Lok Sabha,350000,350000,0,1,0,2025-10-17T00:00:00.000Z,2026-02-04T00:00:00.000Z,110,TRUE,FALSE,
208957,208956,Installation of Borewell with Pump.,Normal/Others,Jyotsna Charandas Mahant ,Chhattisgarh,KORBA,KORBA(Collector-Korba),Lok Sabha,250000,250000,0,1,0,2025-06-14T00:00:00.000Z,2026-08-09T00:00:00.000Z,421,TRUE,FALSE,
208960,208958,Installation of Borewell with Pump.,Normal/Others,Jyotsna Charandas Mahant ,Chhattisgarh,KORBA,KORBA(Collector-Korba),Lok Sabha,250000,250000,0,1,0,2025-06-14T00:00:00.000Z,2026-08-09T00:00:00.000Z,421,TRUE,FALSE,
208963,208961,Installation of Tubewell and Pump,Normal/Others,Jyotsna Charandas Mahant ,Chhattisgarh,KORBA,KORBA(Collector-Korba),Lok Sabha,250000,250000,0,1,0,2025-06-14T00:00:00.000Z,2026-08-10T00:00:00.000Z,422,TRUE,FALSE,
200481,200480,Manch Construction.,Normal/Others,Jyotsna Charandas Mahant ,Chhattisgarh,KORBA,KORBA(Collector-Korba),Lok Sabha,250000,249793,-207,0.9992,-0.08,2025-05-17T00:00:00.000Z,2026-01-16T00:00:00.000Z,244,TRUE,FALSE,
200479,200482,Manch Construction.,Normal/Others,Jyotsna Charandas Mahant ,Chhattisgarh,KORBA,KORBA(Collector-Korba),Lok Sabha,250000,249896,-104,0.9996,-0.04,2025-05-17T00:00:00.000Z,2026-02-25T00:00:00.000Z,284,TRUE,FALSE,
205629,205632,Pachri OR Manch construction.,Normal/Others,Jyotsna Charandas Mahant ,Chhattisgarh,KORBA,KORBA(Collector-Korba),Lok Sabha,300000,300000,0,1,0,2025-06-01T00:00:00.000Z,2025-07-14T00:00:00.000Z,43,TRUE,FALSE,
235972,235974,Shed and Manch construction,Normal/Others,Jyotsna Charandas Mahant ,Chhattisgarh,KORBA,Gaurela-Pendra-Marwahi(Collector GPM_IDA),Lok Sabha,300000,299136,-864,0.9971,-0.29,2025-09-20T00:00:00.000Z,2026-02-11T00:00:00.000Z,144,TRUE,FALSE,
205680,205678,Shed Construction,Normal/Others,Jyotsna Charandas Mahant ,Chhattisgarh,KORBA,Gaurela-Pendra-Marwahi(Collector GPM_IDA),Lok Sabha,250000,250000,0,1,0,2025-06-01T00:00:00.000Z,2026-01-16T00:00:00.000Z,229,TRUE,FALSE,
205676,229054,Shed Construction,Normal/Others,Jyotsna Charandas Mahant ,Chhattisgarh,KORBA,Gaurela-Pendra-Marwahi(Collector GPM_IDA),Lok Sabha,300000,249031,-50969,0.8301,-16.99,2025-08-26T00:00:00.000Z,2026-02-28T00:00:00.000Z,186,TRUE,FALSE,
205679,235969,Shed Construction,Normal/Others,Jyotsna Charandas Mahant ,Chhattisgarh,KORBA,Gaurela-Pendra-Marwahi(Collector GPM_IDA),Lok Sabha,400000,250000,-150000,0.625,-37.5,2025-09-20T00:00:00.000Z,2026-02-28T00:00:00.000Z,161,TRUE,FALSE,
208344,139276,Installation of a High Mast Light in the northern part of Veeramangalam Junction,Normal/Others,K. C VENUGOPAL,Kerala,ALAPPUZHA,ALAPPUZHA(DISTRICT COLLECTOR ALAPPUZHA_IDA),Lok Sabha,500000,442500,-57500,0.885,-11.5,2024-09-06T00:00:00.000Z,2026-02-25T00:00:00.000Z,537,TRUE,FALSE,
229622,229614,Construction of 100 mtr. Interlocking Work,Normal/Others,Dr. K. Laxman (2022-28),Uttar Pradesh,Sitting Rajya Sabha,PRATAPGARH(DISTRICT MAGISTRAE PRATAPGARH_IDA),Rajya Sabha,550000,548361,-1639,0.997,-0.3,2025-08-27T00:00:00.000Z,2026-02-16T00:00:00.000Z,173,TRUE,FALSE,
196941,196942,Cc road,Normal/Others,Kakoli Ghosh Dastidar ,West Bengal,BARASAT,North 24 Parganas(DISTRICT MAGISTRATE NORTH TWENTY FOUR PARGANAS_IDA),Lok Sabha,300000,549779,249779,1.8326,83.26,2025-05-05T00:00:00.000Z,2025-11-26T00:00:00.000Z,205,TRUE,FALSE,
141151,141149,Development of open gym with Children park with solar light and boundary,Normal/Others,Kakoli Ghosh Dastidar ,West Bengal,BARASAT,North 24 Parganas(DISTRICT MAGISTRATE NORTH TWENTY FOUR PARGANAS_IDA),Lok Sabha,1000000,988121,-11879,0.9881,-1.19,2024-09-15T00:00:00.000Z,2025-11-06T00:00:00.000Z,417,TRUE,FALSE,
141153,141150,Development of open gym with Children park with solar light and boundary,Normal/Others,Kakoli Ghosh Dastidar ,West Bengal,BARASAT,North 24 Parganas(DISTRICT MAGISTRATE NORTH TWENTY FOUR PARGANAS_IDA),Lok Sabha,1000000,988121,-11879,0.9881,-1.19,2024-09-15T00:00:00.000Z,2025-11-06T00:00:00.000Z,417,TRUE,FALSE,
147545,141112,High must light,Normal/Others,Kakoli Ghosh Dastidar ,West Bengal,BARASAT,North 24 Parganas(DISTRICT MAGISTRATE NORTH TWENTY FOUR PARGANAS_IDA),Lok Sabha,450000,436842,-13158,0.9708,-2.92,2024-09-15T00:00:00.000Z,2025-09-12T00:00:00.000Z,362,TRUE,FALSE,
217212,1439,"New projects such as strengthening of roadside new electrification with lighting will be carried out in Wards 21, 22, 14, and 15.",Normal/Others,Kakoli Ghosh Dastidar ,West Bengal,BARASAT,MURSHIDABAD(DISTRICT MAGISTRATE MURSHIDABAD_IDA),Lok Sabha,533024,533024,0,1,0,2025-07-11T00:00:00.000Z,2026-01-16T00:00:00.000Z,189,TRUE,TRUE,
217213,1440,"New projects such as strengthening of roadside new electrification with lighting will be carried out in Wards 21, 22, 14, and 15.",Normal/Others,Kakoli Ghosh Dastidar ,West Bengal,BARASAT,MURSHIDABAD(DISTRICT MAGISTRATE MURSHIDABAD_IDA),Lok Sabha,532975,532975,0,1,0,2025-07-11T00:00:00.000Z,2026-01-16T00:00:00.000Z,189,TRUE,TRUE,
217214,1441,"New projects such as strengthening of roadside new electrification with lighting will be carried out in Wards 21, 22, 14, and 15.",Normal/Others,Kakoli Ghosh Dastidar ,West Bengal,BARASAT,MURSHIDABAD(DISTRICT MAGISTRATE MURSHIDABAD_IDA),Lok Sabha,533194,533194,0,1,0,2025-07-11T00:00:00.000Z,2026-01-16T00:00:00.000Z,189,TRUE,TRUE,
217215,1442,"New projects such as strengthening of roadside new electrification with lighting will be carried out in Wards 21, 22, 14, and 15.",Normal/Others,Kakoli Ghosh Dastidar ,West Bengal,BARASAT,MURSHIDABAD(DISTRICT MAGISTRATE MURSHIDABAD_IDA),Lok Sabha,533180,533180,0,1,0,2025-07-11T00:00:00.000Z,2026-01-16T00:00:00.000Z,189,TRUE,TRUE,
159265,972,Construction of Concrete road from Kaleeckal Padi to Puthenpurackal Ela Road,Normal/Others,Shri Kapil Sibal (2022-28),Uttar Pradesh,Sitting Rajya Sabha,PATHANAMTHITTA(DISTRICT COLLECTOR PATHANAMTHITTA_IDA),Rajya Sabha,168905,168905,0,1,0,2024-12-17T00:00:00.000Z,2026-03-08T00:00:00.000Z,446,TRUE,TRUE,
159268,973,Construction of Concrete road from Vrindavan Padi to KIP Canal Road,Normal/Others,Shri Kapil Sibal (2022-28),Uttar Pradesh,Sitting Rajya Sabha,PATHANAMTHITTA(DISTRICT COLLECTOR PATHANAMTHITTA_IDA),Rajya Sabha,207201,207201,0,1,0,2024-12-17T00:00:00.000Z,2026-03-08T00:00:00.000Z,446,TRUE,TRUE,
145520,145515,"Installation of Handpumps at Raki, Mustafabad, Narwal, Usmanpur, Rampur Kasiha, Shukulpur, Pijari, Bachhwal, Raipurtae, Bhojpur, Kethola, Jainpur",Normal/Others,Shri Kapil Sibal (2022-28),Uttar Pradesh,Sitting Rajya Sabha,PRATAPGARH(DISTRICT MAGISTRAE PRATAPGARH_IDA),Rajya Sabha,50800,203124,152324,3.9985,299.85,2024-10-04T00:00:00.000Z,2026-02-13T00:00:00.000Z,497,TRUE,FALSE,
145521,145516,"Installation of Handpumps at Raki, Mustafabad, Narwal, Usmanpur, Rampur Kasiha, Shukulpur, Pijari, Bachhwal, Raipurtae, Bhojpur, Kethola, Jainpur",Normal/Others,Shri Kapil Sibal (2022-28),Uttar Pradesh,Sitting Rajya Sabha,PRATAPGARH(DISTRICT MAGISTRAE PRATAPGARH_IDA),Rajya Sabha,50800,507810,457010,9.9963,899.63,2024-10-04T00:00:00.000Z,2026-02-13T00:00:00.000Z,497,TRUE,FALSE,
145522,145517,"Installation of Handpumps at Raki, Mustafabad, Narwal, Usmanpur, Rampur Kasiha, Shukulpur, Pijari, Bachhwal, Raipurtae, Bhojpur, Kethola, Jainpur",Normal/Others,Shri Kapil Sibal (2022-28),Uttar Pradesh,Sitting Rajya Sabha,PRATAPGARH(DISTRICT MAGISTRAE PRATAPGARH_IDA),Rajya Sabha,50800,507810,457010,9.9963,899.63,2024-10-04T00:00:00.000Z,2026-02-13T00:00:00.000Z,497,TRUE,FALSE,
197990,197991,RCC Benches,Normal/Others,Shri Kesridevsinh Jhala (2023-29),Gujarat,Sitting Rajya Sabha,MORBI(District collector Morbi_IDA),Rajya Sabha,1650000,1251924,-398076,0.7587,-24.13,2025-05-08T00:00:00.000Z,2026-03-17T00:00:00.000Z,313,FALSE,FALSE,
225464,1487,"Construction of a new protective structure on the Kapamodzu approach road under Phek District, Nagaland",Normal/Others,Kirti Vardhan Singh,Uttar Pradesh,GONDA,PHEK(Deputy Commissioner Phek_IDA),Lok Sabha,1000000,1000000,0,1,0,2025-08-06T00:00:00.000Z,2026-01-14T00:00:00.000Z,161,FALSE,FALSE,
219208,219209,"table of kitchen, private school,",Normal/Others,KRITI DEVI DEBBARMAN,Tripura,TRIPURA EAST,Khowai(DISTRICT MAGISTRATE and COLLECTOR  KHOWAI_IDA),Lok Sabha,500000,500000,0,1,0,2025-07-17T00:00:00.000Z,2026-07-18T00:00:00.000Z,366,TRUE,FALSE,
232227,232226,Purchase of Electronic Wheel Chair for Physically Challenged Person-Kurumathur-GP-Ward-12,Normal/Others,Shri Kumbakudi Sudhakaran,Kerala,KANNUR,KANNUR(DISTRICT COLLECTOR KANNUR_IDA),Lok Sabha,110000,110000,0,1,0,2025-09-08T00:00:00.000Z,2026-01-19T00:00:00.000Z,133,TRUE,FALSE,
232240,232248,Purchase of Electronic Wheel Chair for Physically Challenged Person-Ullikkal-GP-Ward-06,Normal/Others,Shri Kumbakudi Sudhakaran,Kerala,KANNUR,KANNUR(DISTRICT COLLECTOR KANNUR_IDA),Lok Sabha,110000,110000,0,1,0,2025-09-08T00:00:00.000Z,2026-01-19T00:00:00.000Z,133,TRUE,FALSE,
195805,195806,as per recommendation letter attached,Normal/Others,DR. LATA WANKHEDE,Madhya Pradesh,SAGAR,SAGAR(DISTRICT COLLECTOR SAGAR_IDA),Lok Sabha,105000,2599420,2494420,24.7564,2375.64,2025-05-01T00:00:00.000Z,2025-06-24T00:00:00.000Z,54,TRUE,FALSE,
136725,822,"Construction of classroom at the Government Higher Primary School in Lakya Village, Chikkamagaluru District, Karnataka.",Normal/Others,Shri LS Tejasvi Surya ,Karnataka,BANGALORE SOUTH,CHIKKAMAGALURU(DEPUTY COMMISSIONER CHIKMAGALUR),Lok Sabha,496984,496984,0,1,0,2024-08-22T00:00:00.000Z,2026-04-18T00:00:00.000Z,604,TRUE,TRUE,
257080,291206,"Supply of Laboratory Equipments to Government Higher Secondary School, Pandur village, Thirukalukundram Panchayat Union, Chengapattu District",Normal/Others,Dr. M. Dhanapal (2025-31),Tamil Nadu,Sitting Rajya Sabha,CHENGALPATTU(District Collector Chengalpattu_IDA),Rajya Sabha,625000,625000,0,1,0,2026-07-01T00:00:00.000Z,2026-01-22T00:00:00.000Z,-160,TRUE,FALSE,
210884,183139,public bus stand construction work,Normal/Others,Shri Madan Rathore (2024-30),Rajasthan,Sitting Rajya Sabha,PALI(DISTRICT COLLECTOR PALI_IDA),Rajya Sabha,500000,498804,-1196,0.9976,-0.24,2025-03-18T00:00:00.000Z,2026-02-04T00:00:00.000Z,323,FALSE,FALSE,
210885,184635,public bus stand construction work,Normal/Others,Shri Madan Rathore (2024-30),Rajasthan,Sitting Rajya Sabha,Jaipur Gramin(DISTRICT COLLECTOR Jaipur Gramin_IDA),Rajya Sabha,500000,499304,-696,0.9986,-0.14,2025-03-20T00:00:00.000Z,2026-05-09T00:00:00.000Z,415,TRUE,FALSE,
152155,909,Construction of 1000 mm dia 4 Row RCC pipe Culvert in Km 0/0 to 0/2 in Approach Road to Iskapalli in Griddalur GP of Sydapuram Mandal.,Normal/Others,Maddila Gurumoorthy,Andhra Pradesh,TIRUPATI,Sri Potti Sriramulu Nellore(DISTRICT COLLECTOR NELLORE_IDA),Lok Sabha,1483285,1483285,0,1,0,2024-11-12T00:00:00.000Z,2025-08-05T00:00:00.000Z,266,TRUE,TRUE,
150356,899,"Construction of CC Road D. Narayana house to R&B road in Pullareddy Palli H/W (V), Anantha Samudram G.P. in Pullampeta Mandal.",Normal/Others,Maddila Gurumoorthy,Andhra Pradesh,TIRUPATI,Annamayya(DISTRICT COLLECTOR ANNAMAYYA_IDA),Lok Sabha,390388,390388,0,1,0,2024-11-02T00:00:00.000Z,2025-11-01T00:00:00.000Z,364,TRUE,TRUE,
209225,1361,"Construction of CC Road from Bhuma Ramalinga Reddy house to Bhuma Siva Reddy house of W.Kothapalli village in Dornipadu Mandal, Nanyala District.",Normal/Others,Maddila Gurumoorthy,Andhra Pradesh,TIRUPATI,Nandyal(DISTRICT COLLECTOR NANDYAL_IDA),Lok Sabha,499771,499771,0,1,0,2025-06-16T00:00:00.000Z,2025-11-06T00:00:00.000Z,143,TRUE,TRUE,
209224,1360,"Construction of CC Road from Leburu Ankalamma Temple to Pallipadu Road of Lebur village in Indukurpeta Mandal, SPS Nellore District.",Normal/Others,Maddila Gurumoorthy,Andhra Pradesh,TIRUPATI,Sri Potti Sriramulu Nellore(DISTRICT COLLECTOR NELLORE_IDA),Lok Sabha,499451,499451,0,1,0,2025-06-16T00:00:00.000Z,2026-02-23T00:00:00.000Z,252,TRUE,TRUE,
150357,900,Construction of CC road from Raju house to Sivalayam in Pullampeta G.P.& Mandal.,Normal/Others,Maddila Gurumoorthy,Andhra Pradesh,TIRUPATI,Annamayya(DISTRICT COLLECTOR ANNAMAYYA_IDA),Lok Sabha,399479,399479,0,1,0,2024-11-02T00:00:00.000Z,2025-07-16T00:00:00.000Z,256,TRUE,TRUE,
150355,898,"Construction of CC road from Ramulavari Gudi to Jandaman in A.Puthanavari Palli (V), Anantha samudram G.P.in Pullampeta Mandal.",Normal/Others,Maddila Gurumoorthy,Andhra Pradesh,TIRUPATI,Annamayya(DISTRICT COLLECTOR ANNAMAYYA_IDA),Lok Sabha,288926,288926,0,1,0,2024-11-02T00:00:00.000Z,2025-11-01T00:00:00.000Z,364,TRUE,TRUE,
150359,902,Construction of Ramulavari Gudi to R& B Road A.Oedipally (V) Anantha Samudram G.P.in Pullampeta Mandal.,Normal/Others,Maddila Gurumoorthy,Andhra Pradesh,TIRUPATI,Annamayya(DISTRICT COLLECTOR ANNAMAYYA_IDA),Lok Sabha,389748,389748,0,1,0,2024-11-02T00:00:00.000Z,2025-11-01T00:00:00.000Z,364,TRUE,TRUE,
209226,1362,"Providing CC Road and Culvert from Bujji Basha house to KM Palli, Veeraballi GP and Mandal, Annamayya District.",Normal/Others,Maddila Gurumoorthy,Andhra Pradesh,TIRUPATI,Annamayya(DISTRICT COLLECTOR ANNAMAYYA_IDA),Lok Sabha,1767296,1767296,0,1,0,2025-06-16T00:00:00.000Z,2026-01-30T00:00:00.000Z,228,TRUE,TRUE,
213219,1411,Providing Internal CC Road from Choppa Narasa Reddy House to Meda Raghava Reddy House at Medavaripalli of H. Kothapalli GP of Rajampet Mandal.,Normal/Others,Maddila Gurumoorthy,Andhra Pradesh,TIRUPATI,Annamayya(DISTRICT COLLECTOR ANNAMAYYA_IDA),Lok Sabha,300000,299956,-44,0.9999,-0.01,2025-06-28T00:00:00.000Z,2026-04-06T00:00:00.000Z,282,TRUE,TRUE,
213217,1409,Providing Internal CC Road from Kuncham Srinivasulu House to Alakunta Venkata Subbamma House at Vadde Colony of H. Kothapalli GP of Rajampet Mandal.,Normal/Others,Maddila Gurumoorthy,Andhra Pradesh,TIRUPATI,Annamayya(DISTRICT COLLECTOR ANNAMAYYA_IDA),Lok Sabha,450000,448866,-1134,0.9975,-0.25,2025-06-28T00:00:00.000Z,2026-04-06T00:00:00.000Z,282,TRUE,TRUE,
213218,1410,Providing Internal CC Road from Obulapu Lakshmi Narasamma House to Meda Venu Gopal Reddy House at Medavaripalli of H. Kothapalli GP of Rajampet Mandal.,Normal/Others,Maddila Gurumoorthy,Andhra Pradesh,TIRUPATI,Annamayya(DISTRICT COLLECTOR ANNAMAYYA_IDA),Lok Sabha,300000,299364,-636,0.9979,-0.21,2025-06-28T00:00:00.000Z,2026-04-06T00:00:00.000Z,282,TRUE,TRUE,
209223,1359,Providing internal CC Road from Rayachoti Acthamma House to Pasupuleti Venkata Subbamma house at Vadde Colony of H.Kothapalli GP of Rajampet Mandal.,Normal/Others,Maddila Gurumoorthy,Andhra Pradesh,TIRUPATI,Annamayya(DISTRICT COLLECTOR ANNAMAYYA_IDA),Lok Sabha,450000,447308,-2692,0.994,-0.6,2025-06-16T00:00:00.000Z,2026-04-06T00:00:00.000Z,294,TRUE,TRUE,
192765,1256,Gram Chamrauli ke thar Pirothiya me man signgh putra shyamlalke ghar ke pass sarvjanik sthan par Samarsevil Pump mai Tanki Nirman (working agency UP Sidco agra),Normal/Others,Mala Rajya Laxmi Shah ,Uttarakhand,TEHRI GARHWAL,AGRA(DISTRICT MAGISTRAE AGRA_IDA),Lok Sabha,249164,249164,0,1,0,2025-04-20T00:00:00.000Z,2026-05-14T00:00:00.000Z,389,FALSE,FALSE,
192768,1259,Gram Mohammadpur me Pohap singh putra atar singh ke ghar ke pass Sarvjanik sthan par Samarsevil Pump mai Tanki Nirman ( working Agency UP Sidco agra),Normal/Others,Mala Rajya Laxmi Shah ,Uttarakhand,TEHRI GARHWAL,AGRA(DISTRICT MAGISTRAE AGRA_IDA),Lok Sabha,249164,249164,0,1,0,2025-04-20T00:00:00.000Z,2026-05-14T00:00:00.000Z,389,FALSE,FALSE,
149449,894,"Gram Mutawai me Munni devi ke khet se Mahesh Sharam ke Ghar tak C.C mrag Nirman Karya, (Woorking Agency R E S Agra )",Normal/Others,Mala Rajya Laxmi Shah ,Uttarakhand,TEHRI GARHWAL,AGRA(DISTRICT MAGISTRAE AGRA_IDA),Lok Sabha,2498299,2498299,0,1,0,2024-10-25T00:00:00.000Z,2025-01-23T00:00:00.000Z,90,TRUE,TRUE,
149448,893,Gram Mutawai me Sanjeev Sharma ke makan se Bijasen ki or C.C Mrag nirman karay (Woorking Agency R E S Agra ),Normal/Others,Mala Rajya Laxmi Shah ,Uttarakhand,TEHRI GARHWAL,AGRA(DISTRICT MAGISTRAE AGRA_IDA),Lok Sabha,1098945,1098945,0,1,0,2024-10-25T00:00:00.000Z,2025-01-23T00:00:00.000Z,90,TRUE,TRUE,
192766,1257,Gram Nagariya ke gadarpura me madho singh bagel ke ghar ke pass sarvjanik sthan par Samarsevil Pump mai Tanki Nirman (working agency UP Sidco agra),Normal/Others,Mala Rajya Laxmi Shah ,Uttarakhand,TEHRI GARHWAL,AGRA(DISTRICT MAGISTRAE AGRA_IDA),Lok Sabha,249164,249164,0,1,0,2025-04-20T00:00:00.000Z,2026-05-14T00:00:00.000Z,389,FALSE,FALSE,
192769,1260,Gram Rampura  ke pura harsukh me Vinoda putra Nathilal ke ghar ke pass sarvjanik sthan par Samarsevil Pump mai Tanki Nirman (Working Agency UP Sidco agra),Normal/Others,Mala Rajya Laxmi Shah ,Uttarakhand,TEHRI GARHWAL,AGRA(DISTRICT MAGISTRAE AGRA_IDA),Lok Sabha,249164,249164,0,1,0,2025-04-20T00:00:00.000Z,2026-05-14T00:00:00.000Z,389,FALSE,FALSE,
192763,1254,Gram Rampura ke Dandniya pura me Ramprkash ke ghar ke pass sarvjani sthan par Samarsevil Pump mai Tanki Nirman (working agency UP Sidco agra),Normal/Others,Mala Rajya Laxmi Shah ,Uttarakhand,TEHRI GARHWAL,AGRA(DISTRICT MAGISTRAE AGRA_IDA),Lok Sabha,249164,249164,0,1,0,2025-04-20T00:00:00.000Z,2026-05-14T00:00:00.000Z,389,FALSE,FALSE,
192762,1253,Gram Rampura ke pura harsukh me atindra jatav putra rajpati jatav ke ghar ke pass sarvjanik sthan par Samarsevil Pump mai Tanki Nirman ( Working agency UP Sidco agra),Normal/Others,Mala Rajya Laxmi Shah ,Uttarakhand,TEHRI GARHWAL,AGRA(DISTRICT MAGISTRAE AGRA_IDA),Lok Sabha,249164,249164,0,1,0,2025-04-20T00:00:00.000Z,2026-05-14T00:00:00.000Z,389,FALSE,FALSE,
192771,1262,"Gram Rampura ke pura harsukh me bhuri singh, bhagat singh ke ghar ke pass sarvjanik sthan par Samarsevil Pump mai Tanki nirman ( Working agency UP Sidco agra)",Normal/Others,Mala Rajya Laxmi Shah ,Uttarakhand,TEHRI GARHWAL,AGRA(DISTRICT MAGISTRAE AGRA_IDA),Lok Sabha,248687,248687,0,1,0,2025-04-20T00:00:00.000Z,2026-05-14T00:00:00.000Z,389,FALSE,FALSE,
192761,1252,Gram Rampura ke pura harsukh me chandraprkash putra ramkhiladi ke ghar ke pass sarvjanik sthan par Samarsevil Pamp mai Tanki Nirman (working agency UP Sidco agra),Normal/Others,Mala Rajya Laxmi Shah ,Uttarakhand,TEHRI GARHWAL,AGRA(DISTRICT MAGISTRAE AGRA_IDA),Lok Sabha,249047,249047,0,1,0,2025-04-20T00:00:00.000Z,2026-05-14T00:00:00.000Z,389,FALSE,FALSE,
192764,1255,Gram Rampura ke pura harsukh me kanti kumar ke ghar ke pass sarvjanik sthan par Samarsevil Pump mai Tanki Nirman (working agency UP Sidco agra),Normal/Others,Mala Rajya Laxmi Shah ,Uttarakhand,TEHRI GARHWAL,AGRA(DISTRICT MAGISTRAE AGRA_IDA),Lok Sabha,249164,249164,0,1,0,2025-04-20T00:00:00.000Z,2026-05-14T00:00:00.000Z,389,FALSE,FALSE,
192772,1263,Gram Rampura ke Pura harsukh me Nirpat singh ke ghar ke pass sarvjanik sthan par Samarsevil Pump mai Tanki Nirman ( workin agency UP Sidco agra),Normal/Others,Mala Rajya Laxmi Shah ,Uttarakhand,TEHRI GARHWAL,AGRA(DISTRICT MAGISTRAE AGRA_IDA),Lok Sabha,248687,248687,0,1,0,2025-04-20T00:00:00.000Z,2026-05-14T00:00:00.000Z,389,FALSE,FALSE,
192770,1261,Gram Rampura ke Pura harsukh me tukman singh putra Ram singh ke ghar ke pass sarvjanik sthan par Samarsevil Pump mai Tanki Nirman (Working Agency UP Sidco agra),Normal/Others,Mala Rajya Laxmi Shah ,Uttarakhand,TEHRI GARHWAL,AGRA(DISTRICT MAGISTRAE AGRA_IDA),Lok Sabha,249164,249164,0,1,0,2025-04-20T00:00:00.000Z,2026-05-14T00:00:00.000Z,389,FALSE,FALSE,
149447,892,Gram Tas Pura me ranpura tas pura samprak mrag se mayaram ke tubwel ki or C.C mrag nirman karya (Woorking Agency R E S agra),Normal/Others,Mala Rajya Laxmi Shah ,Uttarakhand,TEHRI GARHWAL,AGRA(DISTRICT MAGISTRAE AGRA_IDA),Lok Sabha,1399030,1399030,0,1,0,2024-10-25T00:00:00.000Z,2025-01-23T00:00:00.000Z,90,TRUE,TRUE,
192767,1258,Gram Wazidpur me Jhapo net ke passSarvjanik Sthan par Samarsevil Pump mai Tanki Nirman (Working Agency UP Sidco agra),Normal/Others,Mala Rajya Laxmi Shah ,Uttarakhand,TEHRI GARHWAL,AGRA(DISTRICT MAGISTRAE AGRA_IDA),Lok Sabha,249164,249164,0,1,0,2025-04-20T00:00:00.000Z,2026-05-14T00:00:00.000Z,389,FALSE,FALSE,
193422,1274,"Purchase of IT systems, including hardware and software for educational purposes at Punjab university sector 14 for department of defence and national security studies at chandigarh",Normal/Others,MALVINDER SINGH KANG,Punjab,ANANDPUR SAHIB,CHANDIGARH(DEPUTY COMMISSIONER ZILLA PARISHAD CHANDIGARH_IDA),Lok Sabha,996250,996250,0,1,0,2025-04-22T00:00:00.000Z,2025-12-08T00:00:00.000Z,230,TRUE,TRUE,
254275,255897,Installation of integrated solar street lights 20 nos,Normal/Others,Smt. Mamata Thakur (2024-30),West Bengal,Sitting Rajya Sabha,HOOGHLY(DISTRICT MAGISTRATE HOOGHLY_IDA),Rajya Sabha,680520,680236,-284,0.9996,-0.04,2025-12-29T00:00:00.000Z,2026-03-21T00:00:00.000Z,82,TRUE,FALSE,
254276,255898,Installation of integrated solar street lights 20 nos,Normal/Others,Smt. Mamata Thakur (2024-30),West Bengal,Sitting Rajya Sabha,HOOGHLY(DISTRICT MAGISTRATE HOOGHLY_IDA),Rajya Sabha,680520,680236,-284,0.9996,-0.04,2025-12-29T00:00:00.000Z,2026-03-21T00:00:00.000Z,82,TRUE,FALSE,
254277,255899,Installation of integrated solar street lights 20 nos,Normal/Others,Smt. Mamata Thakur (2024-30),West Bengal,Sitting Rajya Sabha,HOOGHLY(DISTRICT MAGISTRATE HOOGHLY_IDA),Rajya Sabha,680520,680236,-284,0.9996,-0.04,2025-12-29T00:00:00.000Z,2026-03-21T00:00:00.000Z,82,TRUE,FALSE,
254278,255900,Installation of integrated solar street lights 20 nos,Normal/Others,Smt. Mamata Thakur (2024-30),West Bengal,Sitting Rajya Sabha,HOOGHLY(DISTRICT MAGISTRATE HOOGHLY_IDA),Rajya Sabha,680520,680236,-284,0.9996,-0.04,2025-12-29T00:00:00.000Z,2026-03-21T00:00:00.000Z,82,TRUE,FALSE,
254279,255901,Installation of integrated solar street lights 20 nos,Normal/Others,Smt. Mamata Thakur (2024-30),West Bengal,Sitting Rajya Sabha,HOOGHLY(DISTRICT MAGISTRATE HOOGHLY_IDA),Rajya Sabha,680520,680236,-284,0.9996,-0.04,2025-12-29T00:00:00.000Z,2026-03-21T00:00:00.000Z,82,TRUE,FALSE,
200583,254274,Installation of solar high mast light 01 nos,Normal/Others,Smt. Mamata Thakur (2024-30),West Bengal,Sitting Rajya Sabha,North 24 Parganas(DISTRICT MAGISTRATE NORTH TWENTY FOUR PARGANAS_IDA),Rajya Sabha,287000,377649,90649,1.3159,31.59,2025-12-15T00:00:00.000Z,2026-03-24T00:00:00.000Z,99,TRUE,FALSE,
198291,198292,Mahadalit Basti me Ambedakar Pustakale ka nirman kary,Normal/Others,MANOJ KUMAR,Bihar,SASARAM,ROHTAS(District Planning Officer Rohtas_IDA),Lok Sabha,700000,698587,-1413,0.998,-0.2,2025-05-10T00:00:00.000Z,2026-04-29T00:00:00.000Z,354,TRUE,FALSE,
189414,1225,Protection wall at Fulvadi village,Normal/Others,Mansukhbhai Dhanjibhai Vasava,Gujarat,BHARUCH,NARMADA(DISTRICT COLLECTOR NARMADA_IDA),Lok Sabha,1777715,1777715,0,1,0,2025-04-04T00:00:00.000Z,2025-10-15T00:00:00.000Z,194,TRUE,TRUE,
188705,1221,Construction of boundary wall of Govt Junior High School Building Raigaon Pakyong Sikkim,Normal/Others,Dr. Medha Vishram Kulkarni (2024-30),Maharashtra,Sitting Rajya Sabha,Pakyong(DISTRICT COLLECTOR PAKYONG_IDA),Rajya Sabha,3000000,2998157,-1843,0.9994,-0.06,2025-04-02T00:00:00.000Z,2025-08-06T00:00:00.000Z,126,FALSE,FALSE,
146591,876,"Medical Office, Primary Health Center, Duddi, Dis. Kupwada, Jammu & Kashmir Providing of Ambulance.",Normal/Others,Dr. Medha Vishram Kulkarni (2024-30),Maharashtra,Sitting Rajya Sabha,KUPWARA(Deputy Commissioner Kupwara_IDA),Rajya Sabha,2000000,2000000,0,1,0,2024-10-09T00:00:00.000Z,2025-01-22T00:00:00.000Z,105,TRUE,TRUE,
241948,1699,"Construction of Compound wall to Yogoda Satsanga Society of India Dhyana Kendram, Nalanda Nagar, Thummalagunta G.P",Normal/Others,Midhun Reddy,Andhra Pradesh,RAJAMPET,Tirupati(DISTRICT COLLECTOR TIRUPATI_IDA),Lok Sabha,500000,483029,-16971,0.9661,-3.39,2025-10-14T00:00:00.000Z,2026-04-15T00:00:00.000Z,183,TRUE,TRUE,
215335,1430,Formation of Road Takkalo R and B Road to Burial Grounds in Tokkolu Village and GP,Normal/Others,Midhun Reddy,Andhra Pradesh,RAJAMPET,Y.S.R. Kadapa(DISTRICT COLLECTOR CUDDAPAH_IDA),Lok Sabha,498015,498015,0,1,0,2025-07-06T00:00:00.000Z,2025-12-31T00:00:00.000Z,178,TRUE,TRUE,
215333,1428,"Providing Try Motorised Battery Scooter to R Sahadeva Reddy, Koolivandlapalli Village Jangamvandlapalli GP  Mob 9000859785",Normal/Others,Midhun Reddy,Andhra Pradesh,RAJAMPET,Tirupati(DISTRICT COLLECTOR TIRUPATI_IDA),Lok Sabha,90000,90000,0,1,0,2025-07-06T00:00:00.000Z,2026-01-12T00:00:00.000Z,190,TRUE,TRUE,
18878,18880,Construction Work of Water tank With Submer Sible Pump,Normal/Others,Shri Mithlesh Kumar (2022-28),Uttar Pradesh,Sitting Rajya Sabha,AGRA(DISTRICT MAGISTRAE AGRA_IDA),Rajya Sabha,225000,223498,-1502,0.9933,-0.67,2023-09-11T00:00:00.000Z,2025-06-23T00:00:00.000Z,651,FALSE,FALSE,
24466,149,"Construction of Class Room in a College Saraswati Mahavidyalaya, Mauli Vidyapeeth Trust, Kaij, Dist. Beed, Maharashtra",,Shri Mukul Wasnik (2022-28),Rajasthan,Sitting Rajya Sabha,BEED(DISTRICT COLLECTOR BEED_IDA),Rajya Sabha,2500000,2455417,-44583,0.9822,-1.78,2023-08-16T00:00:00.000Z,2025-05-28T00:00:00.000Z,651,TRUE,TRUE,
159912,977,"Construction of Hall and Stairs on First Floor of Sunar Sakal (Verma) Dharamshala in Ward No.2, Siwan Gate, Kaithal Municipal Council, Dist. Kaithal",Normal/Others,Shri Mukul Wasnik (2022-28),Rajasthan,Sitting Rajya Sabha,KAITHAL(DC CUM NODAL OFFICERS MPLADS),Rajya Sabha,1000000,995935,-4065,0.9959,-0.41,2024-12-18T00:00:00.000Z,2026-02-21T00:00:00.000Z,430,TRUE,TRUE,
159913,978,"Construction of Kitchen, Toilet and Bathroom in Dhiman Dharamshala in Ward No.2, Kaithal Municipal Council, Dist. Kaithal",Normal/Others,Shri Mukul Wasnik (2022-28),Rajasthan,Sitting Rajya Sabha,KAITHAL(DC CUM NODAL OFFICERS MPLADS),Rajya Sabha,500000,496607,-3393,0.9932,-0.68,2024-12-18T00:00:00.000Z,2026-02-21T00:00:00.000Z,430,TRUE,TRUE,
140982,140813,MS pole with LED semi High Mast Light,Normal/Others,NARAYAN DAS AHIRWAR,Uttar Pradesh,JALAUN,KANPUR DEHAT(DISTRICT MAGISTRATE KANPUR DEHAT_IDA),Lok Sabha,243000,238871.64,-4128.36,0.983,-1.7,2024-09-14T00:00:00.000Z,2025-08-21T00:00:00.000Z,341,TRUE,FALSE,
140983,140814,MS pole with LED semi High Mast Light,Normal/Others,NARAYAN DAS AHIRWAR,Uttar Pradesh,JALAUN,KANPUR DEHAT(DISTRICT MAGISTRATE KANPUR DEHAT_IDA),Lok Sabha,243000,238871.64,-4128.36,0.983,-1.7,2024-09-14T00:00:00.000Z,2025-08-21T00:00:00.000Z,341,TRUE,FALSE,
140984,140815,MS pole with LED semi High Mast Light,Normal/Others,NARAYAN DAS AHIRWAR,Uttar Pradesh,JALAUN,KANPUR DEHAT(DISTRICT MAGISTRATE KANPUR DEHAT_IDA),Lok Sabha,243000,238871.64,-4128.36,0.983,-1.7,2024-09-14T00:00:00.000Z,2025-08-21T00:00:00.000Z,341,TRUE,FALSE,
140985,140816,MS pole with LED semi High Mast Light,Normal/Others,NARAYAN DAS AHIRWAR,Uttar Pradesh,JALAUN,KANPUR DEHAT(DISTRICT MAGISTRATE KANPUR DEHAT_IDA),Lok Sabha,243000,238871.64,-4128.36,0.983,-1.7,2024-09-14T00:00:00.000Z,2025-08-21T00:00:00.000Z,341,TRUE,FALSE,
140987,140817,MS pole with LED semi High Mast Light,Normal/Others,NARAYAN DAS AHIRWAR,Uttar Pradesh,JALAUN,KANPUR DEHAT(DISTRICT MAGISTRATE KANPUR DEHAT_IDA),Lok Sabha,243000,238871.64,-4128.36,0.983,-1.7,2024-09-14T00:00:00.000Z,2025-08-21T00:00:00.000Z,341,TRUE,FALSE,
140988,140818,MS pole with LED semi High Mast Light,Normal/Others,NARAYAN DAS AHIRWAR,Uttar Pradesh,JALAUN,KANPUR DEHAT(DISTRICT MAGISTRATE KANPUR DEHAT_IDA),Lok Sabha,243000,238871.64,-4128.36,0.983,-1.7,2024-09-14T00:00:00.000Z,2025-08-21T00:00:00.000Z,341,TRUE,FALSE,
140989,140819,MS pole with LED semi High Mast Light,Normal/Others,NARAYAN DAS AHIRWAR,Uttar Pradesh,JALAUN,KANPUR DEHAT(DISTRICT MAGISTRATE KANPUR DEHAT_IDA),Lok Sabha,243000,238871.64,-4128.36,0.983,-1.7,2024-09-14T00:00:00.000Z,2025-08-21T00:00:00.000Z,341,TRUE,FALSE,
140990,140820,MS pole with LED semi High Mast Light,Normal/Others,NARAYAN DAS AHIRWAR,Uttar Pradesh,JALAUN,KANPUR DEHAT(DISTRICT MAGISTRATE KANPUR DEHAT_IDA),Lok Sabha,243000,238871.64,-4128.36,0.983,-1.7,2024-09-14T00:00:00.000Z,2025-08-21T00:00:00.000Z,341,TRUE,FALSE,
140991,140821,MS pole with LED semi High Mast Light,Normal/Others,NARAYAN DAS AHIRWAR,Uttar Pradesh,JALAUN,KANPUR DEHAT(DISTRICT MAGISTRATE KANPUR DEHAT_IDA),Lok Sabha,243000,238871.64,-4128.36,0.983,-1.7,2024-09-14T00:00:00.000Z,2025-08-21T00:00:00.000Z,341,TRUE,FALSE,
140994,140822,MS Pole with LED semi High Mast Light,Normal/Others,NARAYAN DAS AHIRWAR,Uttar Pradesh,JALAUN,KANPUR DEHAT(DISTRICT MAGISTRATE KANPUR DEHAT_IDA),Lok Sabha,243000,238871.64,-4128.36,0.983,-1.7,2024-09-14T00:00:00.000Z,2025-08-21T00:00:00.000Z,341,TRUE,FALSE,
140995,140824,MS Pole with LED semi High Mast Light,Normal/Others,NARAYAN DAS AHIRWAR,Uttar Pradesh,JALAUN,KANPUR DEHAT(DISTRICT MAGISTRATE KANPUR DEHAT_IDA),Lok Sabha,243000,238871.64,-4128.36,0.983,-1.7,2024-09-14T00:00:00.000Z,2025-08-21T00:00:00.000Z,341,TRUE,FALSE,
140996,140825,MS Pole with LED semi High Mast Light,Normal/Others,NARAYAN DAS AHIRWAR,Uttar Pradesh,JALAUN,KANPUR DEHAT(DISTRICT MAGISTRATE KANPUR DEHAT_IDA),Lok Sabha,243000,238871.64,-4128.36,0.983,-1.7,2024-09-14T00:00:00.000Z,2025-08-21T00:00:00.000Z,341,TRUE,FALSE,
140997,140826,MS Pole with LED semi High Mast Light,Normal/Others,NARAYAN DAS AHIRWAR,Uttar Pradesh,JALAUN,KANPUR DEHAT(DISTRICT MAGISTRATE KANPUR DEHAT_IDA),Lok Sabha,243000,238871.64,-4128.36,0.983,-1.7,2024-09-14T00:00:00.000Z,2025-08-21T00:00:00.000Z,341,TRUE,FALSE,
140998,140827,MS Pole with LED semi High Mast Light,Normal/Others,NARAYAN DAS AHIRWAR,Uttar Pradesh,JALAUN,KANPUR DEHAT(DISTRICT MAGISTRATE KANPUR DEHAT_IDA),Lok Sabha,243000,238871.64,-4128.36,0.983,-1.7,2024-09-14T00:00:00.000Z,2025-08-21T00:00:00.000Z,341,TRUE,FALSE,
140999,140828,MS Pole with LED semi High Mast Light,Normal/Others,NARAYAN DAS AHIRWAR,Uttar Pradesh,JALAUN,KANPUR DEHAT(DISTRICT MAGISTRATE KANPUR DEHAT_IDA),Lok Sabha,243000,238871.64,-4128.36,0.983,-1.7,2024-09-14T00:00:00.000Z,2025-08-21T00:00:00.000Z,341,TRUE,FALSE,1
141000,140829,MS Pole with LED semi High Mast Light,Normal/Others,NARAYAN DAS AHIRWAR,Uttar Pradesh,JALAUN,KANPUR DEHAT(DISTRICT MAGISTRATE KANPUR DEHAT_IDA),Lok Sabha,243000,238871.64,-4128.36,0.983,-1.7,2024-09-14T00:00:00.000Z,2025-08-21T00:00:00.000Z,341,TRUE,FALSE,
141001,140830,MS Pole with LED semi High Mast Light,Normal/Others,NARAYAN DAS AHIRWAR,Uttar Pradesh,JALAUN,KANPUR DEHAT(DISTRICT MAGISTRATE KANPUR DEHAT_IDA),Lok Sabha,243000,238871.64,-4128.36,0.983,-1.7,2024-09-14T00:00:00.000Z,2025-08-21T00:00:00.000Z,341,TRUE,FALSE,
141002,140831,MS Pole with LED semi High Mast Light,Normal/Others,NARAYAN DAS AHIRWAR,Uttar Pradesh,JALAUN,KANPUR DEHAT(DISTRICT MAGISTRATE KANPUR DEHAT_IDA),Lok Sabha,243000,238871.64,-4128.36,0.983,-1.7,2024-09-14T00:00:00.000Z,2025-08-21T00:00:00.000Z,341,TRUE,FALSE,
141003,140832,MS Pole with LED semi High Mast Light,Normal/Others,NARAYAN DAS AHIRWAR,Uttar Pradesh,JALAUN,KANPUR DEHAT(DISTRICT MAGISTRATE KANPUR DEHAT_IDA),Lok Sabha,243000,238871.64,-4128.36,0.983,-1.7,2024-09-14T00:00:00.000Z,2025-08-21T00:00:00.000Z,341,TRUE,FALSE,
176949,140833,MS pole with LED semi High Mast Light,Normal/Others,NARAYAN DAS AHIRWAR,Uttar Pradesh,JALAUN,KANPUR DEHAT(DISTRICT MAGISTRATE KANPUR DEHAT_IDA),Lok Sabha,243000,238871.64,-4128.36,0.983,-1.7,2024-09-14T00:00:00.000Z,2025-08-21T00:00:00.000Z,341,TRUE,FALSE,
141004,140845,MS Pole with LED semi High Mast Light,Normal/Others,NARAYAN DAS AHIRWAR,Uttar Pradesh,JALAUN,JHANSI(DISTRICT MAGISTRAE JHANSI_IDA),Lok Sabha,243000,211299,-31701,0.8695,-13.05,2024-09-15T00:00:00.000Z,2026-01-22T00:00:00.000Z,494,FALSE,FALSE,
141005,140846,MS Pole with LED semi High Mast Light,Normal/Others,NARAYAN DAS AHIRWAR,Uttar Pradesh,JALAUN,JHANSI(DISTRICT MAGISTRAE JHANSI_IDA),Lok Sabha,243000,211299,-31701,0.8695,-13.05,2024-09-15T00:00:00.000Z,2026-01-22T00:00:00.000Z,494,FALSE,FALSE,
141006,140850,MS Pole with LED semi High Mast Light,Normal/Others,NARAYAN DAS AHIRWAR,Uttar Pradesh,JALAUN,JHANSI(DISTRICT MAGISTRAE JHANSI_IDA),Lok Sabha,243000,211299,-31701,0.8695,-13.05,2024-09-15T00:00:00.000Z,2026-01-22T00:00:00.000Z,494,FALSE,FALSE,
141007,140851,MS Pole with LED semi High Mast Light,Normal/Others,NARAYAN DAS AHIRWAR,Uttar Pradesh,JALAUN,JHANSI(DISTRICT MAGISTRAE JHANSI_IDA),Lok Sabha,243000,211299,-31701,0.8695,-13.05,2024-09-15T00:00:00.000Z,2026-01-22T00:00:00.000Z,494,FALSE,FALSE,
141008,140852,MS Pole with LED semi High Mast Light,Normal/Others,NARAYAN DAS AHIRWAR,Uttar Pradesh,JALAUN,JHANSI(DISTRICT MAGISTRAE JHANSI_IDA),Lok Sabha,243000,211299,-31701,0.8695,-13.05,2024-09-15T00:00:00.000Z,2026-01-22T00:00:00.000Z,494,FALSE,FALSE,
141009,140853,MS Pole with LED semi High Mast Light,Normal/Others,NARAYAN DAS AHIRWAR,Uttar Pradesh,JALAUN,JHANSI(DISTRICT MAGISTRAE JHANSI_IDA),Lok Sabha,243000,211299,-31701,0.8695,-13.05,2024-09-15T00:00:00.000Z,2026-01-22T00:00:00.000Z,494,FALSE,FALSE,
141010,140854,MS Pole with LED semi High Mast Light,Normal/Others,NARAYAN DAS AHIRWAR,Uttar Pradesh,JALAUN,JHANSI(DISTRICT MAGISTRAE JHANSI_IDA),Lok Sabha,243000,211299,-31701,0.8695,-13.05,2024-09-15T00:00:00.000Z,2026-01-22T00:00:00.000Z,494,FALSE,FALSE,
141011,140855,MS Pole with LED semi High Mast Light,Normal/Others,NARAYAN DAS AHIRWAR,Uttar Pradesh,JALAUN,JHANSI(DISTRICT MAGISTRAE JHANSI_IDA),Lok Sabha,243000,211299,-31701,0.8695,-13.05,2024-09-15T00:00:00.000Z,2026-01-22T00:00:00.000Z,494,FALSE,FALSE,
141012,140856,MS Pole with LED semi High Mast Light,Normal/Others,NARAYAN DAS AHIRWAR,Uttar Pradesh,JALAUN,JHANSI(DISTRICT MAGISTRAE JHANSI_IDA),Lok Sabha,243000,211299,-31701,0.8695,-13.05,2024-09-15T00:00:00.000Z,2026-01-22T00:00:00.000Z,494,FALSE,FALSE,
141013,140857,MS Pole with LED semi High Mast Light,Normal/Others,NARAYAN DAS AHIRWAR,Uttar Pradesh,JALAUN,JHANSI(DISTRICT MAGISTRAE JHANSI_IDA),Lok Sabha,243000,211299,-31701,0.8695,-13.05,2024-09-15T00:00:00.000Z,2026-01-22T00:00:00.000Z,494,FALSE,FALSE,
141014,140863,MS Pole with LED semi High Mast Light,Normal/Others,NARAYAN DAS AHIRWAR,Uttar Pradesh,JALAUN,JHANSI(DISTRICT MAGISTRAE JHANSI_IDA),Lok Sabha,243000,211299,-31701,0.8695,-13.05,2024-09-15T00:00:00.000Z,2026-01-22T00:00:00.000Z,494,FALSE,FALSE,
141015,140864,MS Pole with LED semi High Mast Light,Normal/Others,NARAYAN DAS AHIRWAR,Uttar Pradesh,JALAUN,JHANSI(DISTRICT MAGISTRAE JHANSI_IDA),Lok Sabha,243000,211299,-31701,0.8695,-13.05,2024-09-15T00:00:00.000Z,2026-01-22T00:00:00.000Z,494,FALSE,FALSE,
141016,140865,MS Pole with LED semi High Mast Light,Normal/Others,NARAYAN DAS AHIRWAR,Uttar Pradesh,JALAUN,JHANSI(DISTRICT MAGISTRAE JHANSI_IDA),Lok Sabha,243000,211299,-31701,0.8695,-13.05,2024-09-15T00:00:00.000Z,2026-01-22T00:00:00.000Z,494,FALSE,FALSE,
141017,140866,MS Pole with LED semi High Mast Light,Normal/Others,NARAYAN DAS AHIRWAR,Uttar Pradesh,JALAUN,JHANSI(DISTRICT MAGISTRAE JHANSI_IDA),Lok Sabha,243000,211299,-31701,0.8695,-13.05,2024-09-15T00:00:00.000Z,2026-01-22T00:00:00.000Z,494,FALSE,FALSE,
141018,140867,MS Pole with LED semi High Mast Light,Normal/Others,NARAYAN DAS AHIRWAR,Uttar Pradesh,JALAUN,JHANSI(DISTRICT MAGISTRAE JHANSI_IDA),Lok Sabha,243000,211299,-31701,0.8695,-13.05,2024-09-15T00:00:00.000Z,2026-01-22T00:00:00.000Z,494,FALSE,FALSE,
141019,140868,MS Pole with LED semi High Mast Light,Normal/Others,NARAYAN DAS AHIRWAR,Uttar Pradesh,JALAUN,JHANSI(DISTRICT MAGISTRAE JHANSI_IDA),Lok Sabha,243000,211299,-31701,0.8695,-13.05,2024-09-15T00:00:00.000Z,2026-01-22T00:00:00.000Z,494,FALSE,FALSE,
149994,149989,C.C.Drain Development work.,Normal/Others,Shri Narayanasa K. Bhandage (2024-30),Karnataka,Sitting Rajya Sabha,BENGALURU URBAN(DEPUTY COMMISSIONER BANGALORE URBAN_IDA),Rajya Sabha,500000,499429,-571,0.9989,-0.11,2024-11-04T00:00:00.000Z,2025-05-14T00:00:00.000Z,191,FALSE,FALSE,
190518,190530,Construction and installation of Drinking water plant.,Normal/Others,Shri Narayanasa K. Bhandage (2024-30),Karnataka,Sitting Rajya Sabha,BAGALKOTE(DEPUTY COMMISSIONER BAGALKOT_IDA),Rajya Sabha,320000,320000,0,1,0,2025-04-11T00:00:00.000Z,2025-11-28T00:00:00.000Z,231,TRUE,FALSE,
241443,1697,"Construction of Boundary Wall at Government Junior High School, in Pakyong Bazar village, Pakyong district of Sikkim state.",Normal/Others,Shri Narayanasa K. Bhandage (2024-30),Karnataka,Sitting Rajya Sabha,Pakyong(DISTRICT COLLECTOR PAKYONG_IDA),Rajya Sabha,2500000,2498224,-1776,0.9993,-0.07,2025-10-10T00:00:00.000Z,2026-04-22T00:00:00.000Z,194,FALSE,FALSE,
163814,1042,"Construction of Boundary wall between Government Sanskrit Mahavidyalaya and PWD Road, at Lapthang ward, under Linkey-Parkha (GPU) of Pakyong District.",Normal/Others,Shri Narayanasa K. Bhandage (2024-30),Karnataka,Sitting Rajya Sabha,Pakyong(DISTRICT COLLECTOR PAKYONG_IDA),Rajya Sabha,2500000,2497831,-2169,0.9991,-0.09,2025-01-07T00:00:00.000Z,2025-03-20T00:00:00.000Z,72,FALSE,FALSE,
201271,286090,Construction of Cement Concrete Road.,Normal/Others,Shri Narayanasa K. Bhandage (2024-30),Karnataka,Sitting Rajya Sabha,BENGALURU URBAN(DEPUTY COMMISSIONER BANGALORE URBAN_IDA),Rajya Sabha,5000000,4995360,-4640,0.9991,-0.09,2026-06-17T00:00:00.000Z,2025-09-01T00:00:00.000Z,-289,TRUE,FALSE,
201272,286093,Construction of Cement Concrete Road.,Normal/Others,Shri Narayanasa K. Bhandage (2024-30),Karnataka,Sitting Rajya Sabha,BENGALURU URBAN(DEPUTY COMMISSIONER BANGALORE URBAN_IDA),Rajya Sabha,5000000,4995360,-4640,0.9991,-0.09,2026-06-17T00:00:00.000Z,2025-09-01T00:00:00.000Z,-289,TRUE,FALSE,
204268,286094,Construction of Cement Concrete Road.,Normal/Others,Shri Narayanasa K. Bhandage (2024-30),Karnataka,Sitting Rajya Sabha,BENGALURU URBAN(DEPUTY COMMISSIONER BANGALORE URBAN_IDA),Rajya Sabha,5000000,4995360,-4640,0.9991,-0.09,2026-06-17T00:00:00.000Z,2025-09-01T00:00:00.000Z,-289,TRUE,FALSE,
204269,286095,Construction of Cement Concrete Road.,Normal/Others,Shri Narayanasa K. Bhandage (2024-30),Karnataka,Sitting Rajya Sabha,BENGALURU URBAN(DEPUTY COMMISSIONER BANGALORE URBAN_IDA),Rajya Sabha,5000000,4995360,-4640,0.9991,-0.09,2026-06-17T00:00:00.000Z,2025-09-01T00:00:00.000Z,-289,TRUE,FALSE,
167592,153123,Construction of Community Hall.,Trust and Society,Shri Narayanasa K. Bhandage (2024-30),Karnataka,Sitting Rajya Sabha,BAGALKOTE(DEPUTY COMMISSIONER BAGALKOT_IDA),Rajya Sabha,750000,299792,-450208,0.3997,-60.03,2024-11-26T00:00:00.000Z,2025-07-22T00:00:00.000Z,238,TRUE,FALSE,
147433,153223,Construction of Community Hall.,Normal/Others,Shri Narayanasa K. Bhandage (2024-30),Karnataka,Sitting Rajya Sabha,BENGALURU URBAN(DEPUTY COMMISSIONER BANGALORE URBAN_IDA),Rajya Sabha,750000,1499923,749923,1.9999,99.99,2024-11-26T00:00:00.000Z,2025-08-02T00:00:00.000Z,249,TRUE,FALSE,
155262,155261,Construction of Community Hall.,Normal/Others,Shri Narayanasa K. Bhandage (2024-30),Karnataka,Sitting Rajya Sabha,BAGALKOTE(DEPUTY COMMISSIONER BAGALKOT_IDA),Rajya Sabha,400000,299526,-100474,0.7488,-25.12,2024-11-30T00:00:00.000Z,2025-10-06T00:00:00.000Z,310,TRUE,FALSE,
166394,166584,Construction of Community Hall.,Normal/Others,Shri Narayanasa K. Bhandage (2024-30),Karnataka,Sitting Rajya Sabha,BAGALKOTE(DEPUTY COMMISSIONER BAGALKOT_IDA),Rajya Sabha,300000,299766,-234,0.9992,-0.08,2025-01-27T00:00:00.000Z,2025-10-06T00:00:00.000Z,252,TRUE,FALSE,
183008,177908,Construction of Community Hall.,Normal/Others,Shri Narayanasa K. Bhandage (2024-30),Karnataka,Sitting Rajya Sabha,BAGALKOTE(DEPUTY COMMISSIONER BAGALKOT_IDA),Rajya Sabha,500000,499965,-35,0.9999,-0.01,2025-03-19T00:00:00.000Z,2026-01-14T00:00:00.000Z,301,TRUE,TRUE,
172649,150061,Construction of cultural Hall.,Trust and Society,Shri Narayanasa K. Bhandage (2024-30),Karnataka,Sitting Rajya Sabha,BAGALKOTE(DEPUTY COMMISSIONER BAGALKOT_IDA),Rajya Sabha,500000,300000,-200000,0.6,-40,2024-11-04T00:00:00.000Z,2025-09-06T00:00:00.000Z,306,TRUE,FALSE,
175971,1121,"Construction of Flood Control Embankments at Amba-Mamring Road, Near Mamring Sr.Sec School, Rhenock Assembly constituency of Pakyong District, of Sikkim state.",Normal/Others,Shri Narayanasa K. Bhandage (2024-30),Karnataka,Sitting Rajya Sabha,Pakyong(DISTRICT COLLECTOR PAKYONG_IDA),Rajya Sabha,2500000,2496744,-3256,0.9987,-0.13,2025-02-17T00:00:00.000Z,2025-05-28T00:00:00.000Z,100,FALSE,FALSE,
219968,1449,"Construction of Flood Control Embankments at Rangpo Khola below Premlakha Village under Pakyong District, Sikkim State.",Normal/Others,Shri Narayanasa K. Bhandage (2024-30),Karnataka,Sitting Rajya Sabha,Pakyong(DISTRICT COLLECTOR PAKYONG_IDA),Rajya Sabha,2500000,2498728,-1272,0.9995,-0.05,2025-07-18T00:00:00.000Z,2025-11-10T00:00:00.000Z,115,FALSE,FALSE,
165399,1050,MAHARAJA AGGARSAIN CHARITABLE TRUST BHAWAN MEIN KAKSH YA HALL KA NIRMAN KARYA.,Trust and Society,Shri Naresh Bansal (2020-26),Uttarakhand,Sitting Rajya Sabha,KARNAL(DEPUTY COMMISSIONER KARNAL),Rajya Sabha,1500000,1500000,0,1,0,2025-01-14T00:00:00.000Z,2026-02-11T00:00:00.000Z,393,FALSE,FALSE,
166030,1052,"Construction and repair of boundry wall, repair and renovation of Shri Bhagwat Bhakti Ashram Trust Society Rampura Rewari",Trust and Society,NAVEEN JINDAL,Haryana,KURUKSHETRA,REWARI(District Commissioner Rewari),Lok Sabha,2500000,2500000,0,1,0,2025-01-16T00:00:00.000Z,2026-02-12T00:00:00.000Z,392,TRUE,TRUE,
186145,186135,Installation of Indoor Gym,Normal/Others,NAVEEN JINDAL,Haryana,KURUKSHETRA,KAITHAL(DC CUM NODAL OFFICERS MPLADS),Lok Sabha,285000,257417,-27583,0.9032,-9.68,2025-03-25T00:00:00.000Z,2026-01-14T00:00:00.000Z,295,TRUE,FALSE,
186147,186141,Installation of Indoor Gym,Normal/Others,NAVEEN JINDAL,Haryana,KURUKSHETRA,KAITHAL(DC CUM NODAL OFFICERS MPLADS),Lok Sabha,285000,246679,-38321,0.8655,-13.45,2025-03-25T00:00:00.000Z,2026-01-14T00:00:00.000Z,295,TRUE,FALSE,
186149,186142,Installation of Indoor Gym,Normal/Others,NAVEEN JINDAL,Haryana,KURUKSHETRA,KAITHAL(DC CUM NODAL OFFICERS MPLADS),Lok Sabha,285000,206854,-78146,0.7258,-27.42,2025-03-25T00:00:00.000Z,2026-02-13T00:00:00.000Z,325,FALSE,FALSE,
186150,186143,Installation of Indoor Gym,Normal/Others,NAVEEN JINDAL,Haryana,KURUKSHETRA,KAITHAL(DC CUM NODAL OFFICERS MPLADS),Lok Sabha,285000,206854,-78146,0.7258,-27.42,2025-03-25T00:00:00.000Z,2026-02-13T00:00:00.000Z,325,FALSE,FALSE,
164734,164731,Setting up of Farmers Training Center and Common Facility Center for agro processing,Normal/Others,Smt. Nirmala Sitharaman (2022-28),Karnataka,Sitting Rajya Sabha,YADGIR(Deputy Commsioner Yadgir_ida),Rajya Sabha,5000000,5000000,0,1,0,2025-01-10T00:00:00.000Z,2025-12-24T00:00:00.000Z,348,TRUE,TRUE,
263041,263030,"BANCHES FOR SEATING IN WARD 1 TO 18 EACH WARD 50,000 RS",Normal/Others,PARSHOTTAMBHAI RUPALA,Gujarat,RAJKOT,RAJKOT(DISTRICT COLLECTOR RAJKOT_IDA),Lok Sabha,48600,46952,-1648,0.9661,-3.39,2026-02-03T00:00:00.000Z,2026-08-18T00:00:00.000Z,196,TRUE,FALSE,
202574,202572,For the work of boundary wall around the community hall located in the Scheduled Caste area,Normal/Others,Smt Poonamben Hematbhai Maadam,Gujarat,JAMNAGAR,JAMNAGAR(DISTRICT COLLECTOR JAMNAGAR_IDA),Lok Sabha,300000,189460,-110540,0.6315,-36.85,2025-05-23T00:00:00.000Z,2026-08-11T00:00:00.000Z,445,TRUE,FALSE,
202558,202561,For the work of community hall in the Scheduled Caste area,Normal/Others,Smt Poonamben Hematbhai Maadam,Gujarat,JAMNAGAR,JAMNAGAR(DISTRICT COLLECTOR JAMNAGAR_IDA),Lok Sabha,500000,499963,-37,0.9999,-0.01,2025-05-23T00:00:00.000Z,2026-04-07T00:00:00.000Z,319,TRUE,FALSE,
177165,1145,KAREWADI ME MAHARANA PRATAP SARWAJANIK WACHNAYAL SE UMAKANT RATHOD KE GHAR TAK CEMENT ROAD,Normal/Others,Shri Praful Patel (2024-30),Maharashtra,Sitting Rajya Sabha,LATUR(DISTRICT COLLECTOR LATUR_IDA),Rajya Sabha,998304,998304,0,1,0,2025-02-24T00:00:00.000Z,2025-12-15T00:00:00.000Z,294,TRUE,TRUE,
84128,357,Construction of CC Road near the temple from CC Road in Baba Ghuisarnath Dham Kumbhapur area.,Normal/Others,Shri Pramod Tiwari (2022-28),Rajasthan,Sitting Rajya Sabha,PRATAPGARH(DISTRICT MAGISTRAE PRATAPGARH_IDA),Rajya Sabha,1226037,1226037,0,1,0,2023-12-28T00:00:00.000Z,2025-04-03T00:00:00.000Z,462,TRUE,TRUE,
91222,451,"Legislative Assembly- Rampur Khas, Tehsil- Lalganj, District- Pratapgarh, to install two pieces of highmask light (height 12.5 meters) in Gram Panchayat- Kumbhapur, Ghuisarnath Dham area under Development Block- Sangipur of Uttar Pradesh.",Normal/Others,Shri Pramod Tiwari (2022-28),Rajasthan,Sitting Rajya Sabha,PRATAPGARH(DISTRICT MAGISTRAE PRATAPGARH_IDA),Rajya Sabha,962576,962576,0,1,0,2024-01-19T00:00:00.000Z,2025-04-03T00:00:00.000Z,440,TRUE,TRUE,
186471,186422,Construction of Cement Concrete Road,Normal/Others,DR. PRASHANT YADAORAO PADOLE,Maharashtra,BHANDARA-GONDIYA,BHANDARA(DISTRICT COLLECTOR BHANDARA_IDA),Lok Sabha,700000,697787,-2213,0.9968,-0.32,2025-03-25T00:00:00.000Z,2026-02-27T00:00:00.000Z,339,TRUE,FALSE,
186458,186434,Construction of cement road,Normal/Others,DR. PRASHANT YADAORAO PADOLE,Maharashtra,BHANDARA-GONDIYA,BHANDARA(DISTRICT COLLECTOR BHANDARA_IDA),Lok Sabha,700000,697398,-2602,0.9963,-0.37,2025-03-25T00:00:00.000Z,2026-03-21T00:00:00.000Z,361,TRUE,FALSE,
186488,186437,Construction of Cement Road,Normal/Others,DR. PRASHANT YADAORAO PADOLE,Maharashtra,BHANDARA-GONDIYA,BHANDARA(DISTRICT COLLECTOR BHANDARA_IDA),Lok Sabha,700000,687408,-12592,0.982,-1.8,2025-03-25T00:00:00.000Z,2026-03-21T00:00:00.000Z,361,TRUE,FALSE,
186414,186456,Construction of cement road,Normal/Others,DR. PRASHANT YADAORAO PADOLE,Maharashtra,BHANDARA-GONDIYA,BHANDARA(DISTRICT COLLECTOR BHANDARA_IDA),Lok Sabha,700000,694967,-5033,0.9928,-0.72,2025-03-25T00:00:00.000Z,2026-04-11T00:00:00.000Z,382,TRUE,FALSE,
137080,137046,Providing Laboratory equipment to Physical Science/Biological Science/Mathematics and Social Studies.,Normal/Others,Putta Mahesh Kumar,Andhra Pradesh,ELURU,Eluru(DISTRICT COLLECTOR ELURU_IDA),Lok Sabha,400000,400000,0,1,0,2024-08-26T00:00:00.000Z,2025-05-21T00:00:00.000Z,268,TRUE,FALSE,
137047,137081,Providing Laboratory equipment to Physical Science/Biological Science/Mathematics and Social Studies.,Normal/Others,Putta Mahesh Kumar,Andhra Pradesh,ELURU,Eluru(DISTRICT COLLECTOR ELURU_IDA),Lok Sabha,400000,400000,0,1,0,2024-08-26T00:00:00.000Z,2025-05-22T00:00:00.000Z,269,TRUE,TRUE,
137051,137088,Providing Laboratory equipment to Physical Science/Biological Science/Mathematics and Social Studies.,Normal/Others,Putta Mahesh Kumar,Andhra Pradesh,ELURU,Eluru(DISTRICT COLLECTOR ELURU_IDA),Lok Sabha,400000,400000,0,1,0,2024-08-26T00:00:00.000Z,2025-05-22T00:00:00.000Z,269,TRUE,TRUE,
246567,246568,providing Street Lights,Normal/Others,Putta Mahesh Kumar,Andhra Pradesh,ELURU,Eluru(DISTRICT COLLECTOR ELURU_IDA),Lok Sabha,490000,489659,-341,0.9993,-0.07,2025-11-10T00:00:00.000Z,2026-08-17T00:00:00.000Z,280,TRUE,FALSE,
246570,246569,Providing Street Lights,Normal/Others,Putta Mahesh Kumar,Andhra Pradesh,ELURU,Eluru(DISTRICT COLLECTOR ELURU_IDA),Lok Sabha,490000,489659,-341,0.9993,-0.07,2025-11-10T00:00:00.000Z,2026-08-17T00:00:00.000Z,280,TRUE,FALSE,
246572,246571,Providing Street Lights,Normal/Others,Putta Mahesh Kumar,Andhra Pradesh,ELURU,Eluru(DISTRICT COLLECTOR ELURU_IDA),Lok Sabha,490000,489659,-341,0.9993,-0.07,2025-11-10T00:00:00.000Z,2026-08-17T00:00:00.000Z,280,TRUE,FALSE,
242135,242132,Construction of Concrete Road.,Normal/Others,RACHNA BANERJEE,West Bengal,HOOGHLY,HOOGHLY(DISTRICT MAGISTRATE HOOGHLY_IDA),Lok Sabha,250000,249979,-21,0.9999,-0.01,2025-10-14T00:00:00.000Z,2026-07-22T00:00:00.000Z,281,TRUE,FALSE,
227033,227035,Supply and installation of 12.5 mtr and 1200 watt LED based electric high mast lighting system with complete set.,Normal/Others,RACHNA BANERJEE,West Bengal,HOOGHLY,HOOGHLY(DISTRICT MAGISTRATE HOOGHLY_IDA),Lok Sabha,283857,281018,-2839,0.99,-1,2025-08-14T00:00:00.000Z,2026-05-13T00:00:00.000Z,272,TRUE,FALSE,
242164,242072,Supply and installation of 12.5mtr and 1200 watt LED based electric high mast lighting system with complete set.,Normal/Others,RACHNA BANERJEE,West Bengal,HOOGHLY,HOOGHLY(DISTRICT MAGISTRATE HOOGHLY_IDA),Lok Sabha,1200000,281018,-918982,0.2342,-76.58,2025-10-14T00:00:00.000Z,2026-05-13T00:00:00.000Z,211,TRUE,FALSE,
242165,242073,Supply and installation of 12.5mtr and 1200 watt LED based electric high mast lighting system with complete set.,Normal/Others,RACHNA BANERJEE,West Bengal,HOOGHLY,HOOGHLY(DISTRICT MAGISTRATE HOOGHLY_IDA),Lok Sabha,800000,281018,-518982,0.3513,-64.87,2025-10-14T00:00:00.000Z,2026-05-13T00:00:00.000Z,211,TRUE,FALSE,
242168,242166,Supply and installation of 12.5mtr and 1200 watt LED based electric high mast lighting system with complete set.,Normal/Others,RACHNA BANERJEE,West Bengal,HOOGHLY,HOOGHLY(DISTRICT MAGISTRATE HOOGHLY_IDA),Lok Sabha,283857,281018,-2839,0.99,-1,2025-10-14T00:00:00.000Z,2026-05-13T00:00:00.000Z,211,TRUE,FALSE,
150809,214831,Construction Of CC road,Normal/Others,RADHE SHYAM RATHIYA,Chhattisgarh,RAIGARH,Sarangarh-Bilaigarh(Collector SB_IDA),Lok Sabha,1000000,999896,-104,0.9999,-0.01,2025-07-05T00:00:00.000Z,2025-02-08T00:00:00.000Z,-147,FALSE,FALSE,
152924,151031,Construction Of Community Building,Normal/Others,RADHE SHYAM RATHIYA,Chhattisgarh,RAIGARH,Sarangarh-Bilaigarh(Collector SB_IDA),Lok Sabha,800000,898971,98971,1.1237,12.37,2024-11-06T00:00:00.000Z,2025-06-06T00:00:00.000Z,212,TRUE,FALSE,
150805,196772,Construction of Community building,Normal/Others,RADHE SHYAM RATHIYA,Chhattisgarh,RAIGARH,Sarangarh-Bilaigarh(Collector SB_IDA),Lok Sabha,2000000,485546,-1514454,0.2428,-75.72,2025-05-21T00:00:00.000Z,2025-09-19T00:00:00.000Z,121,TRUE,FALSE,
150804,207584,Construction of Community building,Normal/Others,RADHE SHYAM RATHIYA,Chhattisgarh,RAIGARH,Sarangarh-Bilaigarh(Collector SB_IDA),Lok Sabha,1000000,998398,-1602,0.9984,-0.16,2025-06-13T00:00:00.000Z,2026-07-11T00:00:00.000Z,393,TRUE,FALSE,
151032,150718,Construction of Cultural stage,Normal/Others,RADHE SHYAM RATHIYA,Chhattisgarh,RAIGARH,JASHPUR(DISTRICT COLLECTOR JASHPUR_IDA),Lok Sabha,200000,200000,0,1,0,2024-11-05T00:00:00.000Z,2025-11-04T00:00:00.000Z,364,TRUE,FALSE,
150814,150731,Construction Of Cultural stage,Normal/Others,RADHE SHYAM RATHIYA,Chhattisgarh,RAIGARH,Sarangarh-Bilaigarh(Collector SB_IDA),Lok Sabha,200000,299592,99592,1.498,49.8,2024-11-05T00:00:00.000Z,2025-12-12T00:00:00.000Z,402,FALSE,FALSE,
150803,150737,construction of Cultural Stage,Normal/Others,RADHE SHYAM RATHIYA,Chhattisgarh,RAIGARH,Sarangarh-Bilaigarh(Collector SB_IDA),Lok Sabha,150000,300000,150000,2,100,2024-11-05T00:00:00.000Z,2026-01-08T00:00:00.000Z,429,TRUE,FALSE,
207582,150738,Construction of cultural Stage,Normal/Others,RADHE SHYAM RATHIYA,Chhattisgarh,RAIGARH,RAIGARH(DISTRICT COLLECTOR RAIGARH_IDA),Lok Sabha,200000,300000,100000,1.5,50,2024-11-05T00:00:00.000Z,2026-02-06T00:00:00.000Z,458,TRUE,FALSE,
214816,210208,Construction Of Culvert Bridge,Normal/Others,RADHE SHYAM RATHIYA,Chhattisgarh,RAIGARH,JASHPUR(DISTRICT COLLECTOR JASHPUR_IDA),Lok Sabha,1000000,800000,-200000,0.8,-20,2025-06-21T00:00:00.000Z,2025-11-19T00:00:00.000Z,151,TRUE,FALSE,
210413,210412,Construction of RCC culvert bridge,Normal/Others,RADHE SHYAM RATHIYA,Chhattisgarh,RAIGARH,JASHPUR(DISTRICT COLLECTOR JASHPUR_IDA),Lok Sabha,999650,1200000,200350,1.2004,20.04,2025-06-21T00:00:00.000Z,2025-12-12T00:00:00.000Z,174,TRUE,FALSE,
214833,210447,Construction of RCC culvert bridge,Normal/Others,RADHE SHYAM RATHIYA,Chhattisgarh,RAIGARH,JASHPUR(DISTRICT COLLECTOR JASHPUR_IDA),Lok Sabha,1000000,999538,-462,0.9995,-0.05,2025-06-21T00:00:00.000Z,2025-12-26T00:00:00.000Z,188,TRUE,FALSE,
150745,150732,Construction of shed,Normal/Others,RADHE SHYAM RATHIYA,Chhattisgarh,RAIGARH,RAIGARH(DISTRICT COLLECTOR RAIGARH_IDA),Lok Sabha,300000,700000,400000,2.3333,133.33,2024-11-05T00:00:00.000Z,2026-01-29T00:00:00.000Z,450,TRUE,FALSE,
196732,245569,Construction of Community Centre,Normal/Others,DR. RAJ KUMAR CHABBEWAL,Punjab,HOSHIARPUR,HOSHIARPUR(DEPUTY COMMISSIONER HOSHIARPUR_IDA),Lok Sabha,200000,500000,300000,2.5,150,2025-11-04T00:00:00.000Z,2025-10-25T00:00:00.000Z,-10,FALSE,FALSE,
227264,192798,Construction of play ground,Normal/Others,DR. RAJ KUMAR CHABBEWAL,Punjab,HOSHIARPUR,HOSHIARPUR(DEPUTY COMMISSIONER HOSHIARPUR_IDA),Lok Sabha,300000,500000,200000,1.6667,66.67,2025-04-22T00:00:00.000Z,2025-12-31T00:00:00.000Z,253,FALSE,FALSE,
222961,247640,Construction of Pulli,Normal/Others,DR. RAJ KUMAR CHABBEWAL,Punjab,HOSHIARPUR,HOSHIARPUR(DEPUTY COMMISSIONER HOSHIARPUR_IDA),Lok Sabha,600000,435000,-165000,0.725,-27.5,2025-11-16T00:00:00.000Z,2026-03-03T00:00:00.000Z,107,TRUE,FALSE,
193831,192796,Construction of SC Dharamshalla,Normal/Others,DR. RAJ KUMAR CHABBEWAL,Punjab,HOSHIARPUR,HOSHIARPUR(DEPUTY COMMISSIONER HOSHIARPUR_IDA),Lok Sabha,500000,499800,-200,0.9996,-0.04,2025-04-22T00:00:00.000Z,2025-10-28T00:00:00.000Z,189,FALSE,FALSE,
141576,141574,Construction of Shamshan Ghat,Normal/Others,DR. RAJ KUMAR CHABBEWAL,Punjab,HOSHIARPUR,HOSHIARPUR(DEPUTY COMMISSIONER HOSHIARPUR_IDA),Lok Sabha,400000,100000,-300000,0.25,-75,2024-09-18T00:00:00.000Z,2025-07-12T00:00:00.000Z,297,TRUE,FALSE,
235039,247626,Construction of Street and Drains,Normal/Others,DR. RAJ KUMAR CHABBEWAL,Punjab,HOSHIARPUR,HOSHIARPUR(DEPUTY COMMISSIONER HOSHIARPUR_IDA),Lok Sabha,200000,400000,200000,2,100,2025-11-16T00:00:00.000Z,2026-01-01T00:00:00.000Z,46,FALSE,FALSE,
184207,247627,Construction of Street and Drains,Normal/Others,DR. RAJ KUMAR CHABBEWAL,Punjab,HOSHIARPUR,HOSHIARPUR(DEPUTY COMMISSIONER HOSHIARPUR_IDA),Lok Sabha,200000,499940,299940,2.4997,149.97,2025-11-16T00:00:00.000Z,2026-01-12T00:00:00.000Z,57,FALSE,FALSE,
187848,247629,Construction of Street and Drains,Normal/Others,DR. RAJ KUMAR CHABBEWAL,Punjab,HOSHIARPUR,KAPURTHALA(DEPUTY COMMISSIONER KAPURTHALA_IDA),Lok Sabha,200000,500000,300000,2.5,150,2025-11-16T00:00:00.000Z,2026-02-12T00:00:00.000Z,88,TRUE,FALSE,
247631,247625,For Gym,Normal/Others,DR. RAJ KUMAR CHABBEWAL,Punjab,HOSHIARPUR,HOSHIARPUR(DEPUTY COMMISSIONER HOSHIARPUR_IDA),Lok Sabha,150000,150000,0,1,0,2025-11-16T00:00:00.000Z,2026-02-04T00:00:00.000Z,80,FALSE,FALSE,
183804,239187,For Purchase of Gym Equipments,Normal/Others,DR. RAJ KUMAR CHABBEWAL,Punjab,HOSHIARPUR,KAPURTHALA(DEPUTY COMMISSIONER KAPURTHALA_IDA),Lok Sabha,200000,774877,574877,3.8744,287.44,2025-09-30T00:00:00.000Z,2026-02-05T00:00:00.000Z,128,TRUE,FALSE,
192797,199170,Installation of Drinking Water Tubewell,Normal/Others,DR. RAJ KUMAR CHABBEWAL,Punjab,HOSHIARPUR,HOSHIARPUR(DEPUTY COMMISSIONER HOSHIARPUR_IDA),Lok Sabha,945000,799332,-145668,0.8459,-15.41,2025-05-13T00:00:00.000Z,2025-10-28T00:00:00.000Z,168,FALSE,FALSE,
189290,271352,Installation of Gym Equipments,Normal/Others,DR. RAJ KUMAR CHABBEWAL,Punjab,HOSHIARPUR,HOSHIARPUR(DEPUTY COMMISSIONER HOSHIARPUR_IDA),Lok Sabha,314000,500000,186000,1.5924,59.24,2026-03-03T00:00:00.000Z,2025-10-28T00:00:00.000Z,-126,FALSE,FALSE,
207477,288995,Installation of Gym Equipments,Normal/Others,DR. RAJ KUMAR CHABBEWAL,Punjab,HOSHIARPUR,HOSHIARPUR(DEPUTY COMMISSIONER HOSHIARPUR_IDA),Lok Sabha,400000,200000,-200000,0.5,-50,2026-07-11T00:00:00.000Z,2025-12-22T00:00:00.000Z,-201,TRUE,FALSE,
176203,238465,Installation of Solar Street Lights,Normal/Others,DR. RAJ KUMAR CHABBEWAL,Punjab,HOSHIARPUR,HOSHIARPUR(DEPUTY COMMISSIONER HOSHIARPUR_IDA),Lok Sabha,193500,200000,6500,1.0336,3.36,2025-09-27T00:00:00.000Z,2025-03-23T00:00:00.000Z,-188,TRUE,FALSE,
247637,238466,Installation of Solar Street Lights,Normal/Others,DR. RAJ KUMAR CHABBEWAL,Punjab,HOSHIARPUR,HOSHIARPUR(DEPUTY COMMISSIONER HOSHIARPUR_IDA),Lok Sabha,129000,200000,71000,1.5504,55.04,2025-09-27T00:00:00.000Z,2026-01-09T00:00:00.000Z,104,TRUE,FALSE,
239008,238467,Installation of Solar Street Lights,Normal/Others,DR. RAJ KUMAR CHABBEWAL,Punjab,HOSHIARPUR,HOSHIARPUR(DEPUTY COMMISSIONER HOSHIARPUR_IDA),Lok Sabha,129000,129000,0,1,0,2025-09-27T00:00:00.000Z,2026-02-04T00:00:00.000Z,130,FALSE,FALSE,
244801,238468,Installation of Solar Street Lights,Normal/Others,DR. RAJ KUMAR CHABBEWAL,Punjab,HOSHIARPUR,HOSHIARPUR(DEPUTY COMMISSIONER HOSHIARPUR_IDA),Lok Sabha,129000,193500,64500,1.5,50,2025-09-27T00:00:00.000Z,2026-02-04T00:00:00.000Z,130,FALSE,FALSE,
247623,238469,Installation of Solar Street Lights,Normal/Others,DR. RAJ KUMAR CHABBEWAL,Punjab,HOSHIARPUR,HOSHIARPUR(DEPUTY COMMISSIONER HOSHIARPUR_IDA),Lok Sabha,129000,200000,71000,1.5504,55.04,2025-09-27T00:00:00.000Z,2026-02-04T00:00:00.000Z,130,FALSE,FALSE,
245651,238578,Installation of Solar Street Lights,Normal/Others,DR. RAJ KUMAR CHABBEWAL,Punjab,HOSHIARPUR,GURDASPUR(DEPUTY COMMISSIONER GURDASPUR_IDA),Lok Sabha,129000,188993,59993,1.4651,46.51,2025-09-30T00:00:00.000Z,2026-03-11T00:00:00.000Z,162,TRUE,FALSE,
184359,183171,PEWER BLOCK WORK IN SARPANCH FALIYA,Normal/Others,RAJPALSINH MAHENDRASINH JADAV,Gujarat,PANCHMAHAL,Mahisagar(COLLECTOR MAHISAGAR_IDA),Lok Sabha,200000,100000,-100000,0.5,-50,2025-03-18T00:00:00.000Z,2025-10-10T00:00:00.000Z,206,TRUE,FALSE,
141872,837,Block Kharghar gram belaspur ke paschim video vaitha ke ghar se rajgrihi ray ke ghar tk pcc sadak karya district rohtas.,Normal/Others,Ramprit Mandal,Bihar,JHANJHARPUR,ROHTAS(District Planning Officer Rohtas_IDA),Lok Sabha,1189020,1189020,0,1,0,2024-09-20T00:00:00.000Z,2025-05-22T00:00:00.000Z,244,TRUE,TRUE,
220932,1454,District aara block agniaaw panchayat barun ke antargat madanpur village sthith narayanpur mukhya sadak se braham baba hote hue ganesh upadhyay ke jamin tk pcc sadak ka nirman karya,Normal/Others,Ramprit Mandal,Bihar,JHANJHARPUR,BHOJPUR(DISTRICT PLANNING OFFICER BHOJPUR ARRAH_IDA),Lok Sabha,1198844,1198844,0,1,0,2025-07-22T00:00:00.000Z,2025-11-13T00:00:00.000Z,114,FALSE,FALSE,
185515,1181,village salempur panchayat dahibhat madhopur ward no 8 block pandaul block sthith aditya narayn jha ke ghar ke najdik samar sibal pump ka adhisthaan karya.,Normal/Others,Ramprit Mandal,Bihar,JHANJHARPUR,MADHUBANI(DISTRICT PLANNING OFFICER MADHUBANI_IDA),Lok Sabha,168413,168413,0,1,0,2025-03-22T00:00:00.000Z,2025-06-23T00:00:00.000Z,93,FALSE,FALSE,
158702,956,"Construction of Dharmshala Communiti Centre/Halls at ward no. - 2, Mata Gate, Kaithal",Normal/Others,Shri Randeep Singh Surjewala (2022-28),Rajasthan,Sitting Rajya Sabha,KAITHAL(DC CUM NODAL OFFICERS MPLADS),Rajya Sabha,500000,500000,0,1,0,2024-12-14T00:00:00.000Z,2026-02-21T00:00:00.000Z,434,TRUE,TRUE,
133154,801,"Construction of Hall, 4 Rooms, Lobby, Men & Women Toilets & Kitchen in Jat Community Center, Khanori Road Bypass, Near Sirta Road, Munucipal Council (MC) kaithal",Normal/Others,Shri Randeep Singh Surjewala (2022-28),Rajasthan,Sitting Rajya Sabha,KAITHAL(DC CUM NODAL OFFICERS MPLADS),Rajya Sabha,2500000,2185411,-314589,0.8742,-12.58,2024-07-08T00:00:00.000Z,2025-04-03T00:00:00.000Z,269,FALSE,FALSE,
158710,960,"Construction of One Room of Balmiki Chopal at Ward No. - 5, Khurana Road, Kaithal",Normal/Others,Shri Randeep Singh Surjewala (2022-28),Rajasthan,Sitting Rajya Sabha,KAITHAL(DC CUM NODAL OFFICERS MPLADS),Rajya Sabha,350000,338615,-11385,0.9675,-3.25,2024-12-14T00:00:00.000Z,2026-01-29T00:00:00.000Z,411,TRUE,TRUE,
160622,985,"Construction of Public Shed at Panchayt Land of Manas Patti Gram Panchayt, Village - Manas, Dist. - Kaithal",Normal/Others,Shri Randeep Singh Surjewala (2022-28),Rajasthan,Sitting Rajya Sabha,KAITHAL(DC CUM NODAL OFFICERS MPLADS),Rajya Sabha,700000,459233,-240767,0.656,-34.4,2024-12-21T00:00:00.000Z,2025-12-08T00:00:00.000Z,352,FALSE,FALSE,
158709,959,"Construction of rooms and halls of  Ravidasiya Dharmshala at ward no- 5, Khurana road, Kaithal",Normal/Others,Shri Randeep Singh Surjewala (2022-28),Rajasthan,Sitting Rajya Sabha,KAITHAL(DC CUM NODAL OFFICERS MPLADS),Rajya Sabha,800000,794402,-5598,0.993,-0.7,2024-12-14T00:00:00.000Z,2026-01-29T00:00:00.000Z,411,TRUE,TRUE,
158700,954,Construction of toilet and bathroom of Balmiki Chopal at Panchayat land of Serta Village,Normal/Others,Shri Randeep Singh Surjewala (2022-28),Rajasthan,Sitting Rajya Sabha,KAITHAL(DC CUM NODAL OFFICERS MPLADS),Rajya Sabha,200000,194839,-5161,0.9742,-2.58,2024-12-14T00:00:00.000Z,2026-03-17T00:00:00.000Z,458,FALSE,FALSE,
158701,955,Construction of toilet and bathroom of Ravidasiya Chopal at Panchayt lanf of Naina Village,Normal/Others,Shri Randeep Singh Surjewala (2022-28),Rajasthan,Sitting Rajya Sabha,KAITHAL(DC CUM NODAL OFFICERS MPLADS),Rajya Sabha,200000,168720,-31280,0.8436,-15.64,2024-12-14T00:00:00.000Z,2026-04-15T00:00:00.000Z,487,FALSE,FALSE,
206965,1353,Construction of a playground at T Happa near Rach Tabio village of Sagalee ADC of Papum Pare district of Arunachal Pradesh,Normal/Others,Smt. Ranjeet Ranjan (2022-28),Chhattisgarh,Sitting Rajya Sabha,PAPUM PARE(DEPUTY COMMISSIONER PAPUM PARE_IDA),Rajya Sabha,2462527,2462527,0,1,0,2025-06-06T00:00:00.000Z,2026-04-04T00:00:00.000Z,302,TRUE,TRUE,
159542,159543,Construction of an open gym for the welfare and benefit of the local community.,Normal/Others,Smt. Ranjeet Ranjan (2022-28),Chhattisgarh,Sitting Rajya Sabha,Sarangarh-Bilaigarh(Collector SB_IDA),Rajya Sabha,1000000,999424,-576,0.9994,-0.06,2024-12-17T00:00:00.000Z,2025-07-14T00:00:00.000Z,209,FALSE,FALSE,
199844,1309,Construction of PCC road from the residence of Sunil Singh to the residence of Ajay Singh,Normal/Others,Smt. Ranjeet Ranjan (2022-28),Chhattisgarh,Sitting Rajya Sabha,MUZAFFARPUR(DISTRICT PLANNING OFFICER MUZAFFARPUR_IDA),Rajya Sabha,1474766,1474766,0,1,0,2025-05-15T00:00:00.000Z,2025-12-25T00:00:00.000Z,224,TRUE,TRUE,
190777,190750,Installation of Hybrid Solar High Mast Light,Normal/Others,Smt. Ranjeet Ranjan (2022-28),Chhattisgarh,Sitting Rajya Sabha,SURGUJA(Collector Surguja_IDA),Rajya Sabha,500000,499668,-332,0.9993,-0.07,2025-04-19T00:00:00.000Z,2025-11-10T00:00:00.000Z,205,TRUE,FALSE,
135540,817,Installation of AC unit plant for Litigant Main Hall in Distt. Court Hisar,Normal/Others,Rao Inderjit Singh,Haryana,GURGAON,HISAR(DEPUTY COMMISSIONER HISSAR_IDA),Lok Sabha,1100000,1019947,-80053,0.9272,-7.28,2024-08-13T00:00:00.000Z,2026-02-19T00:00:00.000Z,555,TRUE,TRUE,
216442,277768,Construction of Community Hall,Normal/Others,Shri Ravi Chandra Vaddiraju (2024-30),Telangana,Sitting Rajya Sabha,WANAPARTHY(DISTRICT COLLECTOR WANAPARTHY_IDA),Rajya Sabha,1000000,499669,-500331,0.4997,-50.03,2026-04-08T00:00:00.000Z,2025-08-29T00:00:00.000Z,-222,TRUE,FALSE,
205277,205274,Laying of CC road,Normal/Others,Shri Ravi Chandra Vaddiraju (2024-30),Telangana,Sitting Rajya Sabha,MAHABUBABAD(DISTRICT COLLECTOR MAHABUBABAD_IDA),Rajya Sabha,498000,495830,-2170,0.9956,-0.44,2025-05-30T00:00:00.000Z,2026-01-23T00:00:00.000Z,238,TRUE,FALSE,
205278,205275,Laying of CC road,Normal/Others,Shri Ravi Chandra Vaddiraju (2024-30),Telangana,Sitting Rajya Sabha,MAHABUBABAD(DISTRICT COLLECTOR MAHABUBABAD_IDA),Rajya Sabha,498000,480670,-17330,0.9652,-3.48,2025-05-30T00:00:00.000Z,2026-01-23T00:00:00.000Z,238,TRUE,FALSE,
205271,283023,Laying of CC Road,Normal/Others,Shri Ravi Chandra Vaddiraju (2024-30),Telangana,Sitting Rajya Sabha,MAHABUBABAD(DISTRICT COLLECTOR MAHABUBABAD_IDA),Rajya Sabha,615000,490932,-124068,0.7983,-20.17,2026-05-22T00:00:00.000Z,2026-05-06T00:00:00.000Z,-16,TRUE,FALSE,
142841,142842,"open gym material (ped deck, rover, air swing swing, leg press, surf board, cross trainer, parralel bar)",Normal/Others,Rodmal Nagar ,Madhya Pradesh,RAJGARH,RAJGARH(DISTRICT COLLECTOR RAJGARH_IDA),Lok Sabha,387988,387988,0,1,0,2024-09-23T00:00:00.000Z,2025-06-20T00:00:00.000Z,270,TRUE,FALSE,
142843,142844,"open gym material (ped deck, rover, air swing swing, leg press, surf board, cross trainer, parralel bar)",Normal/Others,Rodmal Nagar ,Madhya Pradesh,RAJGARH,RAJGARH(DISTRICT COLLECTOR RAJGARH_IDA),Lok Sabha,387988,387988,0,1,0,2024-09-23T00:00:00.000Z,2025-06-20T00:00:00.000Z,270,TRUE,FALSE,
142845,142846,"open gym material (ped deck, rover, air swing swing, leg press, surf board, cross trainer, parralel bar)",Normal/Others,Rodmal Nagar ,Madhya Pradesh,RAJGARH,RAJGARH(DISTRICT COLLECTOR RAJGARH_IDA),Lok Sabha,387988,387988,0,1,0,2024-09-23T00:00:00.000Z,2025-06-20T00:00:00.000Z,270,TRUE,FALSE,
142847,142854,"open gym material (ped deck, rover, air swing swing, leg press, surf board, cross trainer, parralel bar)",Normal/Others,Rodmal Nagar ,Madhya Pradesh,RAJGARH,RAJGARH(DISTRICT COLLECTOR RAJGARH_IDA),Lok Sabha,387988,387988,0,1,0,2024-09-23T00:00:00.000Z,2025-06-20T00:00:00.000Z,270,TRUE,FALSE,
142853,142856,"open gym material (ped deck, rover, air swing swing, leg press, surf board, cross trainer, parralel bar)",Normal/Others,Rodmal Nagar ,Madhya Pradesh,RAJGARH,RAJGARH(DISTRICT COLLECTOR RAJGARH_IDA),Lok Sabha,387988,387988,0,1,0,2024-09-23T00:00:00.000Z,2025-06-20T00:00:00.000Z,270,FALSE,FALSE,
142855,142857,"open gym material (ped deck, rover, air swing swing, leg press, surf board, cross trainer, parralel bar)",Normal/Others,Rodmal Nagar ,Madhya Pradesh,RAJGARH,RAJGARH(DISTRICT COLLECTOR RAJGARH_IDA),Lok Sabha,387988,387988,0,1,0,2024-09-23T00:00:00.000Z,2025-06-20T00:00:00.000Z,270,TRUE,FALSE,
142869,142858,"open gym material (ped deck, rover, air swing swing, leg press, surf board, cross trainer, parralel bar)",Normal/Others,Rodmal Nagar ,Madhya Pradesh,RAJGARH,RAJGARH(DISTRICT COLLECTOR RAJGARH_IDA),Lok Sabha,387988,387988,0,1,0,2024-09-23T00:00:00.000Z,2025-06-20T00:00:00.000Z,270,TRUE,FALSE,
142900,142859,"open gym material (ped deck, rover, air swing swing, leg press, surf board, cross trainer, parralel bar)",Normal/Others,Rodmal Nagar ,Madhya Pradesh,RAJGARH,RAJGARH(DISTRICT COLLECTOR RAJGARH_IDA),Lok Sabha,387988,387988,0,1,0,2024-09-23T00:00:00.000Z,2025-06-20T00:00:00.000Z,270,TRUE,FALSE,
142904,142860,"open gym material (ped deck, rover, air swing swing, leg press, surf board, cross trainer, parralel bar)",Normal/Others,Rodmal Nagar ,Madhya Pradesh,RAJGARH,RAJGARH(DISTRICT COLLECTOR RAJGARH_IDA),Lok Sabha,387988,387988,0,1,0,2024-09-23T00:00:00.000Z,2025-06-20T00:00:00.000Z,270,TRUE,FALSE,
142905,142861,"open gym material (ped deck, rover, air swing swing, leg press, surf board, cross trainer, parralel bar)",Normal/Others,Rodmal Nagar ,Madhya Pradesh,RAJGARH,RAJGARH(DISTRICT COLLECTOR RAJGARH_IDA),Lok Sabha,387988,387988,0,1,0,2024-09-23T00:00:00.000Z,2025-06-20T00:00:00.000Z,270,TRUE,FALSE,
142911,142862,"open gym material (ped deck, rover, air swing swing, leg press, surf board, cross trainer, parralel bar)",Normal/Others,Rodmal Nagar ,Madhya Pradesh,RAJGARH,RAJGARH(DISTRICT COLLECTOR RAJGARH_IDA),Lok Sabha,387988,387988,0,1,0,2024-09-23T00:00:00.000Z,2025-06-20T00:00:00.000Z,270,TRUE,FALSE,
142913,142864,"open gym material (ped deck, rover, air swing swing, leg press, surf board, cross trainer, parralel bar)",Normal/Others,Rodmal Nagar ,Madhya Pradesh,RAJGARH,RAJGARH(DISTRICT COLLECTOR RAJGARH_IDA),Lok Sabha,387988,387988,0,1,0,2024-09-23T00:00:00.000Z,2025-06-20T00:00:00.000Z,270,TRUE,FALSE,
142901,142902,"open gym material (ped deck, rover, air swing swing, leg press, surf board, cross trainer, parralel bar, cross trainer, parralel bar)",Normal/Others,Rodmal Nagar ,Madhya Pradesh,RAJGARH,RAJGARH(DISTRICT COLLECTOR RAJGARH_IDA),Lok Sabha,387988,387988,0,1,0,2024-09-23T00:00:00.000Z,2025-06-20T00:00:00.000Z,270,TRUE,FALSE,
155945,155951,C.C. ROAD NIRMAN KARYA,Normal/Others,ROOP KUMARI CHOUDHARY,Chhattisgarh,MAHASAMUND,GARIYABAND(Collectro Gariaband_IDA),Lok Sabha,300000,300000,0,1,0,2024-11-29T00:00:00.000Z,2025-08-11T00:00:00.000Z,255,FALSE,FALSE,
155953,157400,C.C. ROAD NIRMAN KARYA,Normal/Others,ROOP KUMARI CHOUDHARY,Chhattisgarh,MAHASAMUND,GARIYABAND(Collectro Gariaband_IDA),Lok Sabha,500000,250000,-250000,0.5,-50,2024-12-08T00:00:00.000Z,2025-08-18T00:00:00.000Z,253,FALSE,FALSE,
155959,157401,C.C. ROAD NIRMAN KARYA,Normal/Others,ROOP KUMARI CHOUDHARY,Chhattisgarh,MAHASAMUND,GARIYABAND(Collectro Gariaband_IDA),Lok Sabha,500000,300000,-200000,0.6,-40,2024-12-08T00:00:00.000Z,2025-08-18T00:00:00.000Z,253,FALSE,FALSE,
155910,162605,C.C. ROAD NIRMAN KARYA,Normal/Others,ROOP KUMARI CHOUDHARY,Chhattisgarh,MAHASAMUND,GARIYABAND(Collectro Gariaband_IDA),Lok Sabha,1000000,400000,-600000,0.4,-60,2024-12-31T00:00:00.000Z,2025-09-03T00:00:00.000Z,246,FALSE,FALSE,
155941,195251,C.C. ROAD NIRMAN KARYA,Normal/Others,ROOP KUMARI CHOUDHARY,Chhattisgarh,MAHASAMUND,GARIYABAND(Collectro Gariaband_IDA),Lok Sabha,1000000,300000,-700000,0.3,-70,2025-04-28T00:00:00.000Z,2025-09-03T00:00:00.000Z,128,FALSE,FALSE,
195243,213018,C.C. ROAD NIRMAN KARYA,Normal/Others,ROOP KUMARI CHOUDHARY,Chhattisgarh,MAHASAMUND,MAHASAMUND(DISTRICT COLLECTOR MAHASAMUND_IDA),Lok Sabha,1000000,999100,-900,0.9991,-0.09,2025-06-27T00:00:00.000Z,2025-11-03T00:00:00.000Z,129,TRUE,FALSE,
155920,213021,C.C. ROAD NIRMAN KARYA,Normal/Others,ROOP KUMARI CHOUDHARY,Chhattisgarh,MAHASAMUND,GARIYABAND(Collectro Gariaband_IDA),Lok Sabha,1000000,300000,-700000,0.3,-70,2025-06-27T00:00:00.000Z,2026-01-13T00:00:00.000Z,200,FALSE,FALSE,
213006,218945,C.C. ROAD NIRMAN KARYA,Normal/Others,ROOP KUMARI CHOUDHARY,Chhattisgarh,MAHASAMUND,MAHASAMUND(DISTRICT COLLECTOR MAHASAMUND_IDA),Lok Sabha,500000,999500,499500,1.999,99.9,2025-07-16T00:00:00.000Z,2026-02-03T00:00:00.000Z,202,TRUE,FALSE,
213009,271571,C.C. ROAD NIRMAN KARYA,Normal/Others,ROOP KUMARI CHOUDHARY,Chhattisgarh,MAHASAMUND,MAHASAMUND(DISTRICT COLLECTOR MAHASAMUND_IDA),Lok Sabha,500000,500000,0,1,0,2026-02-28T00:00:00.000Z,2026-02-20T00:00:00.000Z,-8,FALSE,FALSE,
155917,282650,C.C. ROAD NIRMAN KARYA,Normal/Others,ROOP KUMARI CHOUDHARY,Chhattisgarh,MAHASAMUND,GARIYABAND(Collectro Gariaband_IDA),Lok Sabha,700000,400000,-300000,0.5714,-42.86,2026-05-21T00:00:00.000Z,2026-03-27T00:00:00.000Z,-55,TRUE,FALSE,
245672,282651,C.C. ROAD NIRMAN KARYA,Normal/Others,ROOP KUMARI CHOUDHARY,Chhattisgarh,MAHASAMUND,MAHASAMUND(DISTRICT COLLECTOR MAHASAMUND_IDA),Lok Sabha,500000,849900,349900,1.6998,69.98,2026-05-21T00:00:00.000Z,2026-07-24T00:00:00.000Z,64,TRUE,FALSE,
218606,218664,cc road nirman kary,Normal/Others,ROOP KUMARI CHOUDHARY,Chhattisgarh,MAHASAMUND,MAHASAMUND(DISTRICT COLLECTOR MAHASAMUND_IDA),Lok Sabha,500000,500000,0,1,0,2025-07-15T00:00:00.000Z,2026-02-02T00:00:00.000Z,202,FALSE,FALSE,
218657,218676,cc road nirman kary,Normal/Others,ROOP KUMARI CHOUDHARY,Chhattisgarh,MAHASAMUND,MAHASAMUND(DISTRICT COLLECTOR MAHASAMUND_IDA),Lok Sabha,500000,500000,0,1,0,2025-07-15T00:00:00.000Z,2026-02-02T00:00:00.000Z,202,FALSE,FALSE,
218947,218682,CC ROAD NIRMAN KARY,Normal/Others,ROOP KUMARI CHOUDHARY,Chhattisgarh,MAHASAMUND,MAHASAMUND(DISTRICT COLLECTOR MAHASAMUND_IDA),Lok Sabha,500000,999600,499600,1.9992,99.92,2025-07-15T00:00:00.000Z,2026-03-10T00:00:00.000Z,238,TRUE,FALSE,
205870,205884,CC ROAD NIRMAN KARYA,Normal/Others,ROOP KUMARI CHOUDHARY,Chhattisgarh,MAHASAMUND,MAHASAMUND(DISTRICT COLLECTOR MAHASAMUND_IDA),Lok Sabha,1000000,999300,-700,0.9993,-0.07,2025-06-02T00:00:00.000Z,2026-07-23T00:00:00.000Z,416,TRUE,FALSE,
151163,153825,KARIGARON KE LIYE SAMANYA WORK SHED NIRMAN,Normal/Others,ROOP KUMARI CHOUDHARY,Chhattisgarh,MAHASAMUND,MAHASAMUND(DISTRICT COLLECTOR MAHASAMUND_IDA),Lok Sabha,500000,1500000,1000000,3,200,2024-11-21T00:00:00.000Z,2025-06-03T00:00:00.000Z,194,TRUE,FALSE,
206575,205874,SAMUDAYIK BHAWAN NIRMAN KARYA,Normal/Others,ROOP KUMARI CHOUDHARY,Chhattisgarh,MAHASAMUND,DHAMTARI(DISTRICT COLLECTOR DHAMTARI_IDA),Lok Sabha,1000000,499995,-500005,0.5,-50,2025-06-02T00:00:00.000Z,2026-07-15T00:00:00.000Z,408,TRUE,FALSE,
186767,180841,TIRAHE KE PASS SARVJANIK STHAL PAR SEMI HIGH MAST LIGHT 6 LIGHT WALI,Normal/Others,RUCHI VIRA,Uttar Pradesh,MORADABAD,MORADABAD(DISTRICT MAGISTRATE MORADABAD_IDA),Lok Sabha,173600,173600,0,1,0,2025-03-10T00:00:00.000Z,2025-08-12T00:00:00.000Z,155,TRUE,FALSE,
160057,160059,construction of bus shed,Normal/Others,S. Jagathrakshakan,Tamil Nadu,ARAKKONAM,THIRUVALLUR(DISTRICT COLLECTOR TIRUVALLUR_IDA),Lok Sabha,650000,647735,-2265,0.9965,-0.35,2024-12-19T00:00:00.000Z,2025-07-03T00:00:00.000Z,196,FALSE,FALSE,
136388,818,"Deepening / De-Silting of the pond in Keezhanthaangal lake at Rajanthaangal Village in Ward No. 12 of Kilpennathur Block in Thiruvannamalai District, Tamilnadu State, to augment water storage capacity in the area.",Normal/Others,Shri S. Selvaganabathy (2021-27),Puducherry,Sitting Rajya Sabha,TIRUVANNAMALAI(DISTRICT COLLECTOR TIRUVANNAMALAI_IDA),Rajya Sabha,2492724,2492724,0,1,0,2024-08-19T00:00:00.000Z,2025-09-19T00:00:00.000Z,396,FALSE,FALSE,
197287,1293,INSTALLATION OF 20 CM LED HIGH MAST POLES WITH SIX LIGHTS EACH AT 20 DIFFERENT LOCATIONS IN SHAHJAHANPUR DISTRICT IN UTTAR PRADESH.,Normal/Others,Shri Sadanand Mhalu Shet Tanavade (2023-29),Goa,Sitting Rajya Sabha,SHAHJAHANPUR(DISTRICT MAGISTRAE SHAHJAHANAPUR_IDA),Rajya Sabha,4860000,4860000,0,1,0,2025-05-07T00:00:00.000Z,2025-06-29T00:00:00.000Z,53,TRUE,TRUE,
182439,164201,construction of cc road,Normal/Others,SAGAR ESHWAR KHANDRE,Karnataka,BIDAR,BIDAR(DEPUTY COMMISSIONER BIDAR_IDA),Lok Sabha,499000,494475,-4525,0.9909,-0.91,2025-01-08T00:00:00.000Z,2025-12-23T00:00:00.000Z,349,TRUE,FALSE,
182432,164205,construction of cc road,Normal/Others,SAGAR ESHWAR KHANDRE,Karnataka,BIDAR,BIDAR(DEPUTY COMMISSIONER BIDAR_IDA),Lok Sabha,499000,371250,-127750,0.744,-25.6,2025-01-08T00:00:00.000Z,2026-03-15T00:00:00.000Z,431,TRUE,FALSE,
182435,165388,construction of cc road,Normal/Others,SAGAR ESHWAR KHANDRE,Karnataka,BIDAR,BIDAR(DEPUTY COMMISSIONER BIDAR_IDA),Lok Sabha,400000,371250,-28750,0.9281,-7.19,2025-01-22T00:00:00.000Z,2026-04-15T00:00:00.000Z,448,TRUE,FALSE,
197348,164200,installation of highmast light,Normal/Others,SAGAR ESHWAR KHANDRE,Karnataka,BIDAR,BIDAR(DEPUTY COMMISSIONER BIDAR_IDA),Lok Sabha,250000,239522,-10478,0.9581,-4.19,2025-01-08T00:00:00.000Z,2025-12-23T00:00:00.000Z,349,TRUE,FALSE,
210165,165396,installation of highmast light,Normal/Others,SAGAR ESHWAR KHANDRE,Karnataka,BIDAR,BIDAR(DEPUTY COMMISSIONER BIDAR_IDA),Lok Sabha,250000,374250,124250,1.497,49.7,2025-01-22T00:00:00.000Z,2026-03-15T00:00:00.000Z,417,TRUE,FALSE,
157112,155342,Construction of footpath (earth work),Normal/Others,SALENG A SANGMA,Meghalaya,TURA,NORTH GARO HILLS(DEPUTY COMMISSIONER NORTH GARO HILLS RESUBELPARA_IDA),Lok Sabha,200000,200000,0,1,0,2024-11-27T00:00:00.000Z,2025-08-08T00:00:00.000Z,254,FALSE,FALSE,
157113,155344,Construction of footpath (earth work),Normal/Others,SALENG A SANGMA,Meghalaya,TURA,NORTH GARO HILLS(DEPUTY COMMISSIONER NORTH GARO HILLS RESUBELPARA_IDA),Lok Sabha,200000,200000,0,1,0,2024-11-27T00:00:00.000Z,2026-02-19T00:00:00.000Z,449,TRUE,FALSE,
155343,155345,Construction of footpath (earth work),Normal/Others,SALENG A SANGMA,Meghalaya,TURA,SOUTH WEST GARO HILLS(DEPUTY COMMISSIONER SOUTH WEST GARO HILLS AMPATI_IDA),Lok Sabha,200000,200000,0,1,0,2024-11-27T00:00:00.000Z,2026-03-18T00:00:00.000Z,476,TRUE,FALSE,
157109,155346,Construction of footpath (earth work),Normal/Others,SALENG A SANGMA,Meghalaya,TURA,NORTH GARO HILLS(DEPUTY COMMISSIONER NORTH GARO HILLS RESUBELPARA_IDA),Lok Sabha,200000,200000,0,1,0,2024-11-27T00:00:00.000Z,2026-04-23T00:00:00.000Z,512,TRUE,FALSE,
157954,157960,construction of footpath earth work at different places,Normal/Others,SALENG A SANGMA,Meghalaya,TURA,WEST GARO HILLS(DEPUTY COMMISSIONER WEST GARO HILLS_IDA),Lok Sabha,150000,150000,0,1,0,2024-12-10T00:00:00.000Z,2025-09-10T00:00:00.000Z,274,TRUE,FALSE,
157956,157961,construction of footpath earth work at different places,Normal/Others,SALENG A SANGMA,Meghalaya,TURA,WEST GARO HILLS(DEPUTY COMMISSIONER WEST GARO HILLS_IDA),Lok Sabha,150000,150000,0,1,0,2024-12-10T00:00:00.000Z,2026-02-25T00:00:00.000Z,442,FALSE,FALSE,
157963,157964,construction of footpath earth work at different places,Normal/Others,SALENG A SANGMA,Meghalaya,TURA,WEST GARO HILLS(DEPUTY COMMISSIONER WEST GARO HILLS_IDA),Lok Sabha,150000,150000,0,1,0,2024-12-10T00:00:00.000Z,2026-02-25T00:00:00.000Z,442,FALSE,FALSE,
157967,157970,construction of footpath earth work at different places,Normal/Others,SALENG A SANGMA,Meghalaya,TURA,WEST GARO HILLS(DEPUTY COMMISSIONER WEST GARO HILLS_IDA),Lok Sabha,150000,150000,0,1,0,2024-12-10T00:00:00.000Z,2026-02-25T00:00:00.000Z,442,FALSE,FALSE,
157980,157974,construction of footpath earth work at different places,Normal/Others,SALENG A SANGMA,Meghalaya,TURA,WEST GARO HILLS(DEPUTY COMMISSIONER WEST GARO HILLS_IDA),Lok Sabha,150000,150000,0,1,0,2024-12-10T00:00:00.000Z,2026-02-25T00:00:00.000Z,442,FALSE,FALSE,
157958,157977,construction of footpath earth work at different places,Normal/Others,SALENG A SANGMA,Meghalaya,TURA,WEST GARO HILLS(DEPUTY COMMISSIONER WEST GARO HILLS_IDA),Lok Sabha,150000,150000,0,1,0,2024-12-10T00:00:00.000Z,2026-08-13T00:00:00.000Z,611,TRUE,FALSE,
157962,157978,construction of footpath earth work at different places,Normal/Others,SALENG A SANGMA,Meghalaya,TURA,WEST GARO HILLS(DEPUTY COMMISSIONER WEST GARO HILLS_IDA),Lok Sabha,150000,75000,-75000,0.5,-50,2024-12-10T00:00:00.000Z,2026-08-13T00:00:00.000Z,611,TRUE,FALSE,
157965,157983,construction of footpath earth work at different places,Normal/Others,SALENG A SANGMA,Meghalaya,TURA,WEST GARO HILLS(DEPUTY COMMISSIONER WEST GARO HILLS_IDA),Lok Sabha,150000,150000,0,1,0,2024-12-10T00:00:00.000Z,2026-08-13T00:00:00.000Z,611,TRUE,FALSE,
157966,157984,construction of footpath earth work at different places,Normal/Others,SALENG A SANGMA,Meghalaya,TURA,WEST GARO HILLS(DEPUTY COMMISSIONER WEST GARO HILLS_IDA),Lok Sabha,150000,150000,0,1,0,2024-12-10T00:00:00.000Z,2026-08-13T00:00:00.000Z,611,TRUE,FALSE,
157968,157985,construction of footpath earth work at different places,Normal/Others,SALENG A SANGMA,Meghalaya,TURA,WEST GARO HILLS(DEPUTY COMMISSIONER WEST GARO HILLS_IDA),Lok Sabha,150000,150000,0,1,0,2024-12-10T00:00:00.000Z,2026-08-13T00:00:00.000Z,611,TRUE,FALSE,
157969,157986,construction of footpath earth work at different places,Normal/Others,SALENG A SANGMA,Meghalaya,TURA,WEST GARO HILLS(DEPUTY COMMISSIONER WEST GARO HILLS_IDA),Lok Sabha,150000,150000,0,1,0,2024-12-10T00:00:00.000Z,2026-08-13T00:00:00.000Z,611,TRUE,FALSE,
157110,155235,Construction of footpaths (earth work),Normal/Others,SALENG A SANGMA,Meghalaya,TURA,NORTH GARO HILLS(DEPUTY COMMISSIONER NORTH GARO HILLS RESUBELPARA_IDA),Lok Sabha,200000,200000,0,1,0,2024-11-26T00:00:00.000Z,2025-08-08T00:00:00.000Z,255,FALSE,FALSE,
22269,207,Support to Gram Panchayat Kumhrauli for construction of road in Mukhya Basti of this Gram Panchayat,,Dr. Sandeep Kumar Pathak (2022-28),Punjab,Sitting Rajya Sabha,MUNGELI(Collector Mungeli_IDA),Rajya Sabha,499523,499523,0,1,0,2023-09-15T00:00:00.000Z,2024-07-03T00:00:00.000Z,292,TRUE,TRUE,
201414,201418,GI FIREFIGHTER TANKER WATER SYSTEM CAPACITY 5000 LITERS,Normal/Others,Smt Sandhya Ray,Madhya Pradesh,BHIND,BHIND(DISTRICT COLLECTOR BHIND_IDA),Lok Sabha,199604,199604,0,1,0,2025-05-20T00:00:00.000Z,2025-12-18T00:00:00.000Z,212,TRUE,FALSE,
201415,201504,GI FIREFIGHTER TANKER WATER SYSTEM CAPACITY 5000 LITERS,Normal/Others,Smt Sandhya Ray,Madhya Pradesh,BHIND,BHIND(DISTRICT COLLECTOR BHIND_IDA),Lok Sabha,199604,199604,0,1,0,2025-05-20T00:00:00.000Z,2025-12-18T00:00:00.000Z,212,TRUE,FALSE,
201416,201511,GI FIREFIGHTER TANKER WATER SYSTEM CAPACITY 5000 LITERS,Normal/Others,Smt Sandhya Ray,Madhya Pradesh,BHIND,BHIND(DISTRICT COLLECTOR BHIND_IDA),Lok Sabha,199604,199604,0,1,0,2025-05-20T00:00:00.000Z,2025-12-18T00:00:00.000Z,212,TRUE,FALSE,
45871,45850,For GYM machines to improve the fitness of youth and keep them away from drugs.,Normal/Others,Shri Sant Balbir Singh (2022-28),Punjab,Sitting Rajya Sabha,JALANDHAR(DEPUTY COMMISSIONER JALANDHAR_IDA),Rajya Sabha,200000,170620,-29380,0.8531,-14.69,2023-11-05T00:00:00.000Z,2025-08-05T00:00:00.000Z,639,TRUE,FALSE,
45857,45851,For GYM machines to improve the fitness of youth and keep them away from drugs.,Normal/Others,Shri Sant Balbir Singh (2022-28),Punjab,Sitting Rajya Sabha,JALANDHAR(DEPUTY COMMISSIONER JALANDHAR_IDA),Rajya Sabha,200000,200000,0,1,0,2023-11-05T00:00:00.000Z,2026-01-08T00:00:00.000Z,795,TRUE,FALSE,
175569,175565,For Installing SOLAR WATER PUMP 7.5HP,Normal/Others,Shri Sant Balbir Singh (2022-28),Punjab,Sitting Rajya Sabha,JALANDHAR(DEPUTY COMMISSIONER JALANDHAR_IDA),Rajya Sabha,245000,245000,0,1,0,2025-02-14T00:00:00.000Z,2025-07-02T00:00:00.000Z,138,TRUE,FALSE,
255046,255047,For the Renovation and repair of Dharamshala in village,Normal/Others,Shri Sant Balbir Singh (2022-28),Punjab,Sitting Rajya Sabha,HOSHIARPUR(DEPUTY COMMISSIONER HOSHIARPUR_IDA),Rajya Sabha,500000,500000,0,1,0,2025-12-22T00:00:00.000Z,2026-07-30T00:00:00.000Z,220,TRUE,FALSE,
199400,198140,Regarding for giving single walled fabrication of 3000 ltr water tanker to Village. 2mm stainless sheet AISI 304 Material etc. (SC),Normal/Others,Shri Sant Balbir Singh (2022-28),Punjab,Sitting Rajya Sabha,HOSHIARPUR(DEPUTY COMMISSIONER HOSHIARPUR_IDA),Rajya Sabha,253700,253700,0,1,0,2025-05-09T00:00:00.000Z,2025-06-23T00:00:00.000Z,45,FALSE,FALSE,
168871,212976,Regarding for giving single walled fabrication of 3000 ltr water tanker to Village. 2mm stainless sheet AISI 304 Material etc. (SC),Normal/Others,Shri Sant Balbir Singh (2022-28),Punjab,Sitting Rajya Sabha,KAPURTHALA(DEPUTY COMMISSIONER KAPURTHALA_IDA),Rajya Sabha,253700,253700,0,1,0,2025-06-27T00:00:00.000Z,2025-08-05T00:00:00.000Z,39,TRUE,FALSE,
248968,248498,Regarding for giving single walled fabrication of 5000 ltr mobile water tanker. 2mm stainless sheet AISI 304 Material etc.,Normal/Others,Shri Sant Balbir Singh (2022-28),Punjab,Sitting Rajya Sabha,JALANDHAR(DEPUTY COMMISSIONER JALANDHAR_IDA),Rajya Sabha,365800,365800,0,1,0,2025-11-18T00:00:00.000Z,2026-03-12T00:00:00.000Z,114,TRUE,FALSE,
225296,213564,Regarding for giving single walled fabrication of 5000 ltr mobile water tanker. 2mm stainless sheet AISI 304 Material etc. (SC),Normal/Others,Shri Sant Balbir Singh (2022-28),Punjab,Sitting Rajya Sabha,KAPURTHALA(DEPUTY COMMISSIONER KAPURTHALA_IDA),Rajya Sabha,365800,365800,0,1,0,2025-06-30T00:00:00.000Z,2025-10-13T00:00:00.000Z,105,FALSE,FALSE,
213562,213570,Regarding for giving single walled fabrication of 5000 ltr mobile water tanker. 2mm stainless sheet AISI 304 Material etc. (SC),Normal/Others,Shri Sant Balbir Singh (2022-28),Punjab,Sitting Rajya Sabha,KAPURTHALA(DEPUTY COMMISSIONER KAPURTHALA_IDA),Rajya Sabha,365800,365800,0,1,0,2025-06-30T00:00:00.000Z,2025-11-21T00:00:00.000Z,144,TRUE,FALSE,
225295,213571,Regarding for giving single walled fabrication of 5000 ltr mobile water tanker. 2mm stainless sheet AISI 304 Material etc. (SC),Normal/Others,Shri Sant Balbir Singh (2022-28),Punjab,Sitting Rajya Sabha,KAPURTHALA(DEPUTY COMMISSIONER KAPURTHALA_IDA),Rajya Sabha,365800,365800,0,1,0,2025-06-30T00:00:00.000Z,2025-11-27T00:00:00.000Z,150,TRUE,FALSE,
213566,213572,Regarding for giving single walled fabrication of 5000 ltr mobile water tanker. 2mm stainless sheet AISI 304 Material etc. (SC),Normal/Others,Shri Sant Balbir Singh (2022-28),Punjab,Sitting Rajya Sabha,FARIDKOT(DEPUTY COMMISSIONER FARIDKOT_IDA),Rajya Sabha,365800,365800,0,1,0,2025-06-30T00:00:00.000Z,2025-12-09T00:00:00.000Z,162,FALSE,FALSE,
232539,225297,Regarding for giving single walled fabrication of 5000 ltr mobile water tanker. 2mm stainless sheet AISI 304 Material etc. (SC),Normal/Others,Shri Sant Balbir Singh (2022-28),Punjab,Sitting Rajya Sabha,KAPURTHALA(DEPUTY COMMISSIONER KAPURTHALA_IDA),Rajya Sabha,365800,343100,-22700,0.9379,-6.21,2025-08-08T00:00:00.000Z,2025-12-09T00:00:00.000Z,123,TRUE,FALSE,
226242,225303,Regarding for giving single walled fabrication of 5000 ltr mobile water tanker. 2mm stainless sheet AISI 304 Material etc. (SC),Normal/Others,Shri Sant Balbir Singh (2022-28),Punjab,Sitting Rajya Sabha,JALANDHAR(DEPUTY COMMISSIONER JALANDHAR_IDA),Rajya Sabha,365800,365800,0,1,0,2025-08-08T00:00:00.000Z,2026-01-09T00:00:00.000Z,154,TRUE,FALSE,
226243,225304,Regarding for giving single walled fabrication of 5000 ltr mobile water tanker. 2mm stainless sheet AISI 304 Material etc. (SC),Normal/Others,Shri Sant Balbir Singh (2022-28),Punjab,Sitting Rajya Sabha,JALANDHAR(DEPUTY COMMISSIONER JALANDHAR_IDA),Rajya Sabha,365800,365800,0,1,0,2025-08-08T00:00:00.000Z,2026-01-12T00:00:00.000Z,157,TRUE,FALSE,
213567,226241,Regarding for giving single walled fabrication of 5000 ltr mobile water tanker. 2mm stainless sheet AISI 304 Material etc. (SC),Normal/Others,Shri Sant Balbir Singh (2022-28),Punjab,Sitting Rajya Sabha,MANSA(DEPUTY COMMISSIONER MANSA_IDA),Rajya Sabha,365800,365800,0,1,0,2025-08-11T00:00:00.000Z,2026-02-03T00:00:00.000Z,176,TRUE,FALSE,
213563,226245,Regarding for giving single walled fabrication of 5000 ltr mobile water tanker. 2mm stainless sheet AISI 304 Material etc. (SC),Normal/Others,Shri Sant Balbir Singh (2022-28),Punjab,Sitting Rajya Sabha,KAPURTHALA(DEPUTY COMMISSIONER KAPURTHALA_IDA),Rajya Sabha,365800,365800,0,1,0,2025-08-11T00:00:00.000Z,2026-02-12T00:00:00.000Z,185,TRUE,FALSE,
231004,226246,Regarding for giving single walled fabrication of 5000 ltr mobile water tanker. 2mm stainless sheet AISI 304 Material etc. (SC),Normal/Others,Shri Sant Balbir Singh (2022-28),Punjab,Sitting Rajya Sabha,AMRITSAR(DEPUTY COMMISSIONER AMRITSAR_IDA),Rajya Sabha,365800,306800,-59000,0.8387,-16.13,2025-08-11T00:00:00.000Z,2026-02-24T00:00:00.000Z,197,FALSE,FALSE,
231005,244469,Regarding for giving single walled fabrication of 5000 ltr mobile water tanker. 2mm stainless sheet AISI 304 Material etc. (SC),Normal/Others,Shri Sant Balbir Singh (2022-28),Punjab,Sitting Rajya Sabha,AMRITSAR(DEPUTY COMMISSIONER AMRITSAR_IDA),Rajya Sabha,365000,365000,0,1,0,2025-10-29T00:00:00.000Z,2026-02-24T00:00:00.000Z,118,FALSE,FALSE,
213560,224290,Regarding for giving single walled fabrication of 5000 ltr mobile water tanker. SC),Normal/Others,Shri Sant Balbir Singh (2022-28),Punjab,Sitting Rajya Sabha,KAPURTHALA(DEPUTY COMMISSIONER KAPURTHALA_IDA),Rajya Sabha,365800,365800,0,1,0,2025-08-02T00:00:00.000Z,2025-09-05T00:00:00.000Z,34,TRUE,FALSE,
135342,166383,Regarding for giving single walled fabrication of 5000 ltr water tanker to Village. 2mm stainless sheet AISI 304 Material etc. (SC),Normal/Others,Shri Sant Balbir Singh (2022-28),Punjab,Sitting Rajya Sabha,HOSHIARPUR(DEPUTY COMMISSIONER HOSHIARPUR_IDA),Rajya Sabha,365800,336300,-29500,0.9194,-8.06,2025-01-20T00:00:00.000Z,2025-01-21T00:00:00.000Z,1,TRUE,FALSE,
162214,168870,Regarding for giving single walled fabrication of 5000 ltr water tanker to Village. 2mm stainless sheet AISI 304 Material etc. (SC),Normal/Others,Shri Sant Balbir Singh (2022-28),Punjab,Sitting Rajya Sabha,Tarn Taran(DEPUTY COMMOSSIONER TARN TARAN_IDA_2),Rajya Sabha,365800,365800,0,1,0,2025-01-25T00:00:00.000Z,2025-04-02T00:00:00.000Z,67,FALSE,FALSE,
180864,175511,Regarding for giving single walled fabrication of 5000 ltr water tanker to Village. 2mm stainless sheet AISI 304 Material etc. (SC),Normal/Others,Shri Sant Balbir Singh (2022-28),Punjab,Sitting Rajya Sabha,Tarn Taran(DEPUTY COMMOSSIONER TARN TARAN_IDA_2),Rajya Sabha,365800,365800,0,1,0,2025-02-13T00:00:00.000Z,2025-04-02T00:00:00.000Z,48,TRUE,FALSE,
135343,192785,Regarding for giving single walled fabrication of 5000 ltr water tanker to Village. 2mm stainless sheet AISI 304 Material etc. (SC),Normal/Others,Shri Sant Balbir Singh (2022-28),Punjab,Sitting Rajya Sabha,HOSHIARPUR(DEPUTY COMMISSIONER HOSHIARPUR_IDA),Rajya Sabha,365800,336300,-29500,0.9194,-8.06,2025-04-21T00:00:00.000Z,2025-04-18T00:00:00.000Z,-3,FALSE,FALSE,
161320,192789,Regarding for giving single walled fabrication of 5000 ltr water tanker to Village. 2mm stainless sheet AISI 304 Material etc. (SC),Normal/Others,Shri Sant Balbir Singh (2022-28),Punjab,Sitting Rajya Sabha,RUPNAGAR(DEPUTY COMMISSIONER ROOPNAGAR_IDA),Rajya Sabha,365800,365800,0,1,0,2025-04-21T00:00:00.000Z,2025-04-28T00:00:00.000Z,7,FALSE,FALSE,
161340,192790,Regarding for giving single walled fabrication of 5000 ltr water tanker to Village. 2mm stainless sheet AISI 304 Material etc. (SC),Normal/Others,Shri Sant Balbir Singh (2022-28),Punjab,Sitting Rajya Sabha,HOSHIARPUR(DEPUTY COMMISSIONER HOSHIARPUR_IDA),Rajya Sabha,365800,365800,0,1,0,2025-04-21T00:00:00.000Z,2025-05-05T00:00:00.000Z,14,TRUE,FALSE,
164180,192807,Regarding for giving single walled fabrication of 5000 ltr water tanker to Village. 2mm stainless sheet AISI 304 Material etc. (SC),Normal/Others,Shri Sant Balbir Singh (2022-28),Punjab,Sitting Rajya Sabha,KAPURTHALA(DEPUTY COMMISSIONER KAPURTHALA_IDA),Rajya Sabha,365800,365800,0,1,0,2025-04-21T00:00:00.000Z,2025-05-06T00:00:00.000Z,15,FALSE,FALSE,
135344,192809,Regarding for giving single walled fabrication of 5000 ltr water tanker to Village. 2mm stainless sheet AISI 304 Material etc. (SC),Normal/Others,Shri Sant Balbir Singh (2022-28),Punjab,Sitting Rajya Sabha,HOSHIARPUR(DEPUTY COMMISSIONER HOSHIARPUR_IDA),Rajya Sabha,365800,336300,-29500,0.9194,-8.06,2025-04-21T00:00:00.000Z,2025-05-07T00:00:00.000Z,16,FALSE,FALSE,
164181,198147,Regarding for giving single walled fabrication of 5000 ltr water tanker to Village. 2mm stainless sheet AISI 304 Material etc. (SC),Normal/Others,Shri Sant Balbir Singh (2022-28),Punjab,Sitting Rajya Sabha,KAPURTHALA(DEPUTY COMMISSIONER KAPURTHALA_IDA),Rajya Sabha,365800,365800,0,1,0,2025-05-09T00:00:00.000Z,2025-05-09T00:00:00.000Z,0,TRUE,FALSE,
161341,198149,Regarding for giving single walled fabrication of 5000 ltr water tanker to Village. 2mm stainless sheet AISI 304 Material etc. (SC),Normal/Others,Shri Sant Balbir Singh (2022-28),Punjab,Sitting Rajya Sabha,HOSHIARPUR(DEPUTY COMMISSIONER HOSHIARPUR_IDA),Rajya Sabha,365800,365800,0,1,0,2025-05-09T00:00:00.000Z,2025-06-18T00:00:00.000Z,40,TRUE,FALSE,
135338,199390,Regarding for giving single walled fabrication of 5000 ltr water tanker to Village. 2mm stainless sheet AISI 304 Material etc. (SC),Normal/Others,Shri Sant Balbir Singh (2022-28),Punjab,Sitting Rajya Sabha,JALANDHAR(DEPUTY COMMISSIONER JALANDHAR_IDA),Rajya Sabha,365800,336300,-29500,0.9194,-8.06,2025-05-14T00:00:00.000Z,2025-07-02T00:00:00.000Z,49,TRUE,FALSE,
135339,199391,Regarding for giving single walled fabrication of 5000 ltr water tanker to Village. 2mm stainless sheet AISI 304 Material etc. (SC),Normal/Others,Shri Sant Balbir Singh (2022-28),Punjab,Sitting Rajya Sabha,JALANDHAR(DEPUTY COMMISSIONER JALANDHAR_IDA),Rajya Sabha,365800,336300,-29500,0.9194,-8.06,2025-05-14T00:00:00.000Z,2025-07-02T00:00:00.000Z,49,TRUE,FALSE,
168874,199392,Regarding for giving single walled fabrication of 5000 ltr water tanker to Village. 2mm stainless sheet AISI 304 Material etc. (SC),Normal/Others,Shri Sant Balbir Singh (2022-28),Punjab,Sitting Rajya Sabha,KAPURTHALA(DEPUTY COMMISSIONER KAPURTHALA_IDA),Rajya Sabha,365800,365800,0,1,0,2025-05-14T00:00:00.000Z,2025-07-28T00:00:00.000Z,75,TRUE,FALSE,
175512,203578,Regarding for giving single walled fabrication of 5000 ltr water tanker to Village. 2mm stainless sheet AISI 304 Material etc. (SC),Normal/Others,Shri Sant Balbir Singh (2022-28),Punjab,Sitting Rajya Sabha,KAPURTHALA(DEPUTY COMMISSIONER KAPURTHALA_IDA),Rajya Sabha,365800,365800,0,1,0,2025-05-26T00:00:00.000Z,2025-07-29T00:00:00.000Z,64,TRUE,FALSE,
171005,203583,Regarding for giving single walled fabrication of 5000 ltr water tanker to Village. 2mm stainless sheet AISI 304 Material etc. (SC),Normal/Others,Shri Sant Balbir Singh (2022-28),Punjab,Sitting Rajya Sabha,KAPURTHALA(DEPUTY COMMISSIONER KAPURTHALA_IDA),Rajya Sabha,365800,365800,0,1,0,2025-05-26T00:00:00.000Z,2025-08-05T00:00:00.000Z,71,TRUE,FALSE,
175969,203593,Regarding for giving single walled fabrication of 5000 ltr water tanker to Village. 2mm stainless sheet AISI 304 Material etc. (SC),Normal/Others,Shri Sant Balbir Singh (2022-28),Punjab,Sitting Rajya Sabha,KAPURTHALA(DEPUTY COMMISSIONER KAPURTHALA_IDA),Rajya Sabha,365800,365800,0,1,0,2025-05-26T00:00:00.000Z,2025-08-05T00:00:00.000Z,71,TRUE,FALSE,
177653,204346,Regarding for giving single walled fabrication of 5000 ltr water tanker to Village. 2mm stainless sheet AISI 304 Material etc. (SC),Normal/Others,Shri Sant Balbir Singh (2022-28),Punjab,Sitting Rajya Sabha,KAPURTHALA(DEPUTY COMMISSIONER KAPURTHALA_IDA),Rajya Sabha,365800,365800,0,1,0,2025-05-28T00:00:00.000Z,2025-08-05T00:00:00.000Z,69,TRUE,FALSE,
192808,204347,Regarding for giving single walled fabrication of 5000 ltr water tanker to Village. 2mm stainless sheet AISI 304 Material etc. (SC),Normal/Others,Shri Sant Balbir Singh (2022-28),Punjab,Sitting Rajya Sabha,KAPURTHALA(DEPUTY COMMISSIONER KAPURTHALA_IDA),Rajya Sabha,365800,365800,0,1,0,2025-05-28T00:00:00.000Z,2025-08-05T00:00:00.000Z,69,TRUE,FALSE,
198146,212972,Regarding for giving single walled fabrication of 5000 ltr water tanker to Village. 2mm stainless sheet AISI 304 Material etc. (SC),Normal/Others,Shri Sant Balbir Singh (2022-28),Punjab,Sitting Rajya Sabha,KAPURTHALA(DEPUTY COMMISSIONER KAPURTHALA_IDA),Rajya Sabha,365800,365800,0,1,0,2025-06-27T00:00:00.000Z,2025-08-05T00:00:00.000Z,39,TRUE,FALSE,
135347,212975,Regarding for giving single walled fabrication of 5000 ltr water tanker to Village. 2mm stainless sheet AISI 304 Material etc. (SC),Normal/Others,Shri Sant Balbir Singh (2022-28),Punjab,Sitting Rajya Sabha,JALANDHAR(DEPUTY COMMISSIONER JALANDHAR_IDA),Rajya Sabha,365800,336300,-29500,0.9194,-8.06,2025-06-27T00:00:00.000Z,2025-08-11T00:00:00.000Z,45,TRUE,FALSE,
136497,212981,Regarding for giving single walled fabrication of 5000 ltr water tanker to Village. 2mm stainless sheet AISI 304 Material etc. (SC),Normal/Others,Shri Sant Balbir Singh (2022-28),Punjab,Sitting Rajya Sabha,JALANDHAR(DEPUTY COMMISSIONER JALANDHAR_IDA),Rajya Sabha,365800,336300,-29500,0.9194,-8.06,2025-06-27T00:00:00.000Z,2025-08-22T00:00:00.000Z,56,TRUE,FALSE,
137641,241143,Construction of mid-day meal Shed in Govt primary School,Normal/Others,SARABJEET SINGH KHALSA,Punjab,FARIDKOT,FARIDKOT(DEPUTY COMMISSIONER FARIDKOT_IDA),Lok Sabha,300000,299155,-845,0.9972,-0.28,2025-10-09T00:00:00.000Z,2025-04-07T00:00:00.000Z,-185,FALSE,FALSE,
137615,140028,Construction of SC Dharamshala,Normal/Others,SARABJEET SINGH KHALSA,Punjab,FARIDKOT,MOGA(Deputy Commissioner Moga),Lok Sabha,400000,500000,100000,1.25,25,2024-09-09T00:00:00.000Z,2026-04-04T00:00:00.000Z,572,TRUE,FALSE,
250247,1772,Construction of Shed and Burner in Sc Creamation ground at Boria sikh commuinty,Normal/Others,SARABJEET SINGH KHALSA,Punjab,FARIDKOT,FEROZEPUR(DEPUTY COMMISSIONER FIROZEPUR_IDA),Lok Sabha,250000,250000,0,1,0,2025-11-24T00:00:00.000Z,2026-07-14T00:00:00.000Z,232,TRUE,TRUE,
141227,835,Construction of Street using Interlock tiles street and Drains Nirmal Singh House to Majer Singh House,Normal/Others,SARABJEET SINGH KHALSA,Punjab,FARIDKOT,MANSA(DEPUTY COMMISSIONER MANSA_IDA),Lok Sabha,465477,465477,0,1,0,2024-09-16T00:00:00.000Z,2025-03-28T00:00:00.000Z,193,TRUE,TRUE,
250156,295256,Construction of two Bus stand shed,Normal/Others,SARABJEET SINGH KHALSA,Punjab,FARIDKOT,FARIDKOT(DEPUTY COMMISSIONER FARIDKOT_IDA),Lok Sabha,300000,307584,7584,1.0253,2.53,2026-07-15T00:00:00.000Z,2026-01-27T00:00:00.000Z,-169,FALSE,FALSE,
141192,163190,Fitting of Sitting RCC Benches in Public Places,Normal/Others,SARABJEET SINGH KHALSA,Punjab,FARIDKOT,FARIDKOT(DEPUTY COMMISSIONER FARIDKOT_IDA),Lok Sabha,150000,150000,0,1,0,2025-01-20T00:00:00.000Z,2025-04-07T00:00:00.000Z,77,FALSE,FALSE,
141199,239743,Fitting of Sitting RCC Benches in Public Places,Normal/Others,SARABJEET SINGH KHALSA,Punjab,FARIDKOT,FARIDKOT(DEPUTY COMMISSIONER FARIDKOT_IDA),Lok Sabha,150000,150000,0,1,0,2025-10-09T00:00:00.000Z,2025-04-07T00:00:00.000Z,-185,FALSE,FALSE,
141200,239744,Fitting of Sitting RCC Benches in Public Places,Normal/Others,SARABJEET SINGH KHALSA,Punjab,FARIDKOT,FARIDKOT(DEPUTY COMMISSIONER FARIDKOT_IDA),Lok Sabha,150000,150000,0,1,0,2025-10-09T00:00:00.000Z,2025-04-07T00:00:00.000Z,-185,FALSE,FALSE,
141201,239760,Fitting of Sitting RCC Benches in Public Places,Normal/Others,SARABJEET SINGH KHALSA,Punjab,FARIDKOT,FARIDKOT(DEPUTY COMMISSIONER FARIDKOT_IDA),Lok Sabha,150000,150000,0,1,0,2025-10-09T00:00:00.000Z,2025-04-07T00:00:00.000Z,-185,FALSE,FALSE,
141202,239761,Fitting of Sitting RCC Benches in Public Places,Normal/Others,SARABJEET SINGH KHALSA,Punjab,FARIDKOT,FARIDKOT(DEPUTY COMMISSIONER FARIDKOT_IDA),Lok Sabha,150000,150000,0,1,0,2025-10-09T00:00:00.000Z,2025-04-07T00:00:00.000Z,-185,FALSE,FALSE,
141204,239762,Fitting of Sitting RCC Benches in Public Places,Normal/Others,SARABJEET SINGH KHALSA,Punjab,FARIDKOT,FARIDKOT(DEPUTY COMMISSIONER FARIDKOT_IDA),Lok Sabha,150000,150000,0,1,0,2025-10-09T00:00:00.000Z,2025-04-07T00:00:00.000Z,-185,FALSE,FALSE,
141205,241141,Fitting of Sitting RCC Benches in Public Places,Normal/Others,SARABJEET SINGH KHALSA,Punjab,FARIDKOT,FARIDKOT(DEPUTY COMMISSIONER FARIDKOT_IDA),Lok Sabha,150000,150000,0,1,0,2025-10-09T00:00:00.000Z,2025-04-07T00:00:00.000Z,-185,FALSE,FALSE,
141206,250520,Fitting of Sitting RCC Benches in Public Places,Normal/Others,SARABJEET SINGH KHALSA,Punjab,FARIDKOT,FARIDKOT(DEPUTY COMMISSIONER FARIDKOT_IDA),Lok Sabha,150000,150000,0,1,0,2025-11-25T00:00:00.000Z,2025-04-07T00:00:00.000Z,-232,FALSE,FALSE,
141207,250521,Fitting of Sitting RCC Benches in Public Places,Normal/Others,SARABJEET SINGH KHALSA,Punjab,FARIDKOT,FARIDKOT(DEPUTY COMMISSIONER FARIDKOT_IDA),Lok Sabha,150000,150000,0,1,0,2025-11-25T00:00:00.000Z,2025-04-07T00:00:00.000Z,-232,FALSE,FALSE,
141208,250522,Fitting of Sitting RCC Benches in Public Places,Normal/Others,SARABJEET SINGH KHALSA,Punjab,FARIDKOT,FARIDKOT(DEPUTY COMMISSIONER FARIDKOT_IDA),Lok Sabha,150000,150000,0,1,0,2025-11-25T00:00:00.000Z,2025-04-07T00:00:00.000Z,-232,FALSE,FALSE,
141209,250523,Fitting of Sitting RCC Benches in Public Places,Normal/Others,SARABJEET SINGH KHALSA,Punjab,FARIDKOT,FARIDKOT(DEPUTY COMMISSIONER FARIDKOT_IDA),Lok Sabha,150000,150000,0,1,0,2025-11-25T00:00:00.000Z,2025-04-07T00:00:00.000Z,-232,FALSE,FALSE,
141210,250524,Fitting of Sitting RCC Benches in Public Places,Normal/Others,SARABJEET SINGH KHALSA,Punjab,FARIDKOT,FARIDKOT(DEPUTY COMMISSIONER FARIDKOT_IDA),Lok Sabha,150000,150000,0,1,0,2025-11-25T00:00:00.000Z,2025-04-07T00:00:00.000Z,-232,FALSE,FALSE,
141211,258311,Fitting of Sitting RCC Benches in Public Places,Normal/Others,SARABJEET SINGH KHALSA,Punjab,FARIDKOT,FARIDKOT(DEPUTY COMMISSIONER FARIDKOT_IDA),Lok Sabha,150000,150000,0,1,0,2026-01-16T00:00:00.000Z,2025-04-07T00:00:00.000Z,-284,FALSE,FALSE,
141212,258312,Fitting of Sitting RCC Benches in Public Places,Normal/Others,SARABJEET SINGH KHALSA,Punjab,FARIDKOT,FARIDKOT(DEPUTY COMMISSIONER FARIDKOT_IDA),Lok Sabha,150000,150000,0,1,0,2026-01-16T00:00:00.000Z,2025-04-07T00:00:00.000Z,-284,FALSE,FALSE,
157853,258313,Fitting of Sitting RCC Benches in Public Places,Normal/Others,SARABJEET SINGH KHALSA,Punjab,FARIDKOT,FARIDKOT(DEPUTY COMMISSIONER FARIDKOT_IDA),Lok Sabha,150000,150000,0,1,0,2026-01-16T00:00:00.000Z,2025-04-07T00:00:00.000Z,-284,FALSE,FALSE,
157854,258326,Fitting of Sitting RCC Benches in Public Places,Normal/Others,SARABJEET SINGH KHALSA,Punjab,FARIDKOT,FARIDKOT(DEPUTY COMMISSIONER FARIDKOT_IDA),Lok Sabha,150000,150000,0,1,0,2026-01-16T00:00:00.000Z,2025-04-07T00:00:00.000Z,-284,FALSE,FALSE,
157860,258330,Fitting of Sitting RCC Benches in Public Places,Normal/Others,SARABJEET SINGH KHALSA,Punjab,FARIDKOT,FARIDKOT(DEPUTY COMMISSIONER FARIDKOT_IDA),Lok Sabha,200000,150000,-50000,0.75,-25,2026-01-16T00:00:00.000Z,2025-04-07T00:00:00.000Z,-284,FALSE,FALSE,
137617,258379,Fitting of Sitting RCC Benches in Public Places,Normal/Others,SARABJEET SINGH KHALSA,Punjab,FARIDKOT,MOGA(Deputy Commissioner Moga),Lok Sabha,150000,150000,0,1,0,2026-01-16T00:00:00.000Z,2025-04-22T00:00:00.000Z,-269,FALSE,FALSE,
176300,258380,Fitting of Sitting RCC Benches in Public Places,Normal/Others,SARABJEET SINGH KHALSA,Punjab,FARIDKOT,FARIDKOT(DEPUTY COMMISSIONER FARIDKOT_IDA),Lok Sabha,150000,150000,0,1,0,2026-01-16T00:00:00.000Z,2025-12-09T00:00:00.000Z,-38,FALSE,FALSE,
176304,258383,Fitting of Sitting RCC Benches in Public Places,Normal/Others,SARABJEET SINGH KHALSA,Punjab,FARIDKOT,FARIDKOT(DEPUTY COMMISSIONER FARIDKOT_IDA),Lok Sabha,150000,150000,0,1,0,2026-01-16T00:00:00.000Z,2026-01-07T00:00:00.000Z,-9,FALSE,FALSE,
218955,274085,Fitting of Sitting RCC Benches in Public Places,Normal/Others,SARABJEET SINGH KHALSA,Punjab,FARIDKOT,FARIDKOT(DEPUTY COMMISSIONER FARIDKOT_IDA),Lok Sabha,150000,401404,251404,2.676,167.6,2026-03-15T00:00:00.000Z,2026-01-07T00:00:00.000Z,-67,FALSE,FALSE,
239631,274086,Fitting of Sitting RCC Benches in Public Places,Normal/Others,SARABJEET SINGH KHALSA,Punjab,FARIDKOT,FARIDKOT(DEPUTY COMMISSIONER FARIDKOT_IDA),Lok Sabha,150000,150000,0,1,0,2026-03-15T00:00:00.000Z,2026-01-07T00:00:00.000Z,-67,FALSE,FALSE,
250145,274088,Fitting of Sitting RCC Benches in Public Places,Normal/Others,SARABJEET SINGH KHALSA,Punjab,FARIDKOT,FARIDKOT(DEPUTY COMMISSIONER FARIDKOT_IDA),Lok Sabha,150000,150000,0,1,0,2026-03-15T00:00:00.000Z,2026-01-07T00:00:00.000Z,-67,FALSE,FALSE,
250147,274095,Fitting of Sitting RCC Benches in Public Places,Normal/Others,SARABJEET SINGH KHALSA,Punjab,FARIDKOT,FARIDKOT(DEPUTY COMMISSIONER FARIDKOT_IDA),Lok Sabha,198750,150000,-48750,0.7547,-24.53,2026-03-15T00:00:00.000Z,2026-01-07T00:00:00.000Z,-67,FALSE,FALSE,
250152,274096,Fitting of Sitting RCC Benches in Public Places,Normal/Others,SARABJEET SINGH KHALSA,Punjab,FARIDKOT,FARIDKOT(DEPUTY COMMISSIONER FARIDKOT_IDA),Lok Sabha,150000,150000,0,1,0,2026-03-15T00:00:00.000Z,2026-01-07T00:00:00.000Z,-67,FALSE,FALSE,
250153,274120,Fitting of Sitting RCC Benches in Public Places,Normal/Others,SARABJEET SINGH KHALSA,Punjab,FARIDKOT,FARIDKOT(DEPUTY COMMISSIONER FARIDKOT_IDA),Lok Sabha,150000,150000,0,1,0,2026-03-15T00:00:00.000Z,2026-01-07T00:00:00.000Z,-67,FALSE,FALSE,
250154,274264,Fitting of Sitting RCC Benches in Public Places,Normal/Others,SARABJEET SINGH KHALSA,Punjab,FARIDKOT,FARIDKOT(DEPUTY COMMISSIONER FARIDKOT_IDA),Lok Sabha,150000,150000,0,1,0,2026-03-15T00:00:00.000Z,2026-01-07T00:00:00.000Z,-67,FALSE,FALSE,
250200,274265,Fitting of Sitting RCC Benches in Public Places,Normal/Others,SARABJEET SINGH KHALSA,Punjab,FARIDKOT,FARIDKOT(DEPUTY COMMISSIONER FARIDKOT_IDA),Lok Sabha,150000,150000,0,1,0,2026-03-15T00:00:00.000Z,2026-01-07T00:00:00.000Z,-67,FALSE,FALSE,
250201,293487,Fitting of Sitting RCC Benches in Public Places,Normal/Others,SARABJEET SINGH KHALSA,Punjab,FARIDKOT,FARIDKOT(DEPUTY COMMISSIONER FARIDKOT_IDA),Lok Sabha,150000,150000,0,1,0,2026-07-15T00:00:00.000Z,2026-01-07T00:00:00.000Z,-189,FALSE,FALSE,
250202,293494,Fitting of Sitting RCC Benches in Public Places,Normal/Others,SARABJEET SINGH KHALSA,Punjab,FARIDKOT,FARIDKOT(DEPUTY COMMISSIONER FARIDKOT_IDA),Lok Sabha,150000,150000,0,1,0,2026-07-15T00:00:00.000Z,2026-01-07T00:00:00.000Z,-189,FALSE,FALSE,
250203,293543,Fitting of Sitting RCC Benches in Public Places,Normal/Others,SARABJEET SINGH KHALSA,Punjab,FARIDKOT,FARIDKOT(DEPUTY COMMISSIONER FARIDKOT_IDA),Lok Sabha,150000,150000,0,1,0,2026-07-15T00:00:00.000Z,2026-01-07T00:00:00.000Z,-189,FALSE,FALSE,
250525,293544,Fitting of Sitting RCC Benches in Public Places,Normal/Others,SARABJEET SINGH KHALSA,Punjab,FARIDKOT,FARIDKOT(DEPUTY COMMISSIONER FARIDKOT_IDA),Lok Sabha,150000,150000,0,1,0,2026-07-15T00:00:00.000Z,2026-01-07T00:00:00.000Z,-189,FALSE,FALSE,
250146,293546,Fitting of Sitting RCC Benches in Public Places,Normal/Others,SARABJEET SINGH KHALSA,Punjab,FARIDKOT,FARIDKOT(DEPUTY COMMISSIONER FARIDKOT_IDA),Lok Sabha,300000,150000,-150000,0.5,-50,2026-07-15T00:00:00.000Z,2026-01-29T00:00:00.000Z,-167,FALSE,FALSE,
140030,293547,Fitting of Sitting RCC Benches in Public Places,Normal/Others,SARABJEET SINGH KHALSA,Punjab,FARIDKOT,MOGA(Deputy Commissioner Moga),Lok Sabha,150000,100000,-50000,0.6667,-33.33,2026-07-15T00:00:00.000Z,2026-02-04T00:00:00.000Z,-161,TRUE,FALSE,
141193,239750,Installation of fixed garden gym equipment,Normal/Others,SARABJEET SINGH KHALSA,Punjab,FARIDKOT,FARIDKOT(DEPUTY COMMISSIONER FARIDKOT_IDA),Lok Sabha,300000,300000,0,1,0,2025-10-09T00:00:00.000Z,2025-04-07T00:00:00.000Z,-185,FALSE,FALSE,
140065,239751,Installation of fixed garden gym equipment,Normal/Others,SARABJEET SINGH KHALSA,Punjab,FARIDKOT,MOGA(Deputy Commissioner Moga),Lok Sabha,150000,300000,150000,2,100,2025-10-09T00:00:00.000Z,2025-07-07T00:00:00.000Z,-94,TRUE,FALSE,
141166,239752,Installation of fixed garden gym equipment,Normal/Others,SARABJEET SINGH KHALSA,Punjab,FARIDKOT,MOGA(Deputy Commissioner Moga),Lok Sabha,300000,300000,0,1,0,2025-10-09T00:00:00.000Z,2025-07-07T00:00:00.000Z,-94,TRUE,FALSE,
141167,239753,Installation of fixed garden gym equipment,Normal/Others,SARABJEET SINGH KHALSA,Punjab,FARIDKOT,MOGA(Deputy Commissioner Moga),Lok Sabha,300000,300000,0,1,0,2025-10-09T00:00:00.000Z,2025-07-07T00:00:00.000Z,-94,TRUE,FALSE,
141168,239754,Installation of fixed garden gym equipment,Normal/Others,SARABJEET SINGH KHALSA,Punjab,FARIDKOT,MOGA(Deputy Commissioner Moga),Lok Sabha,150000,300000,150000,2,100,2025-10-09T00:00:00.000Z,2025-07-07T00:00:00.000Z,-94,TRUE,FALSE,
141169,239755,Installation of fixed garden gym equipment,Normal/Others,SARABJEET SINGH KHALSA,Punjab,FARIDKOT,MOGA(Deputy Commissioner Moga),Lok Sabha,150000,300000,150000,2,100,2025-10-09T00:00:00.000Z,2025-07-07T00:00:00.000Z,-94,TRUE,FALSE,
141170,239757,Installation of fixed garden gym equipment,Normal/Others,SARABJEET SINGH KHALSA,Punjab,FARIDKOT,MOGA(Deputy Commissioner Moga),Lok Sabha,150000,300000,150000,2,100,2025-10-09T00:00:00.000Z,2025-07-07T00:00:00.000Z,-94,TRUE,FALSE,
141171,239758,Installation of fixed garden gym equipment,Normal/Others,SARABJEET SINGH KHALSA,Punjab,FARIDKOT,MOGA(Deputy Commissioner Moga),Lok Sabha,150000,300000,150000,2,100,2025-10-09T00:00:00.000Z,2025-07-07T00:00:00.000Z,-94,TRUE,FALSE,
141172,293512,Installation of fixed garden gym equipment,Normal/Others,SARABJEET SINGH KHALSA,Punjab,FARIDKOT,MOGA(Deputy Commissioner Moga),Lok Sabha,300000,300000,0,1,0,2026-07-15T00:00:00.000Z,2025-07-07T00:00:00.000Z,-373,TRUE,FALSE,
141173,294691,Installation of fixed garden gym equipment,Normal/Others,SARABJEET SINGH KHALSA,Punjab,FARIDKOT,MOGA(Deputy Commissioner Moga),Lok Sabha,300000,300000,0,1,0,2026-07-15T00:00:00.000Z,2025-07-07T00:00:00.000Z,-373,TRUE,FALSE,
141175,294692,Installation of fixed garden gym equipment,Normal/Others,SARABJEET SINGH KHALSA,Punjab,FARIDKOT,MOGA(Deputy Commissioner Moga),Lok Sabha,300000,300000,0,1,0,2026-07-15T00:00:00.000Z,2025-07-07T00:00:00.000Z,-373,TRUE,FALSE,
141176,294698,Installation of fixed garden gym equipment,Normal/Others,SARABJEET SINGH KHALSA,Punjab,FARIDKOT,MOGA(Deputy Commissioner Moga),Lok Sabha,300000,300000,0,1,0,2026-07-15T00:00:00.000Z,2025-07-07T00:00:00.000Z,-373,TRUE,FALSE,
137620,258340,Installation of fixed Indoor gym equipment,Normal/Others,SARABJEET SINGH KHALSA,Punjab,FARIDKOT,MOGA(Deputy Commissioner Moga),Lok Sabha,200000,200000,0,1,0,2026-01-16T00:00:00.000Z,2026-02-02T00:00:00.000Z,17,TRUE,FALSE,
157822,258389,Installation of Indoor multi-gym equipment,Normal/Others,SARABJEET SINGH KHALSA,Punjab,FARIDKOT,FARIDKOT(DEPUTY COMMISSIONER FARIDKOT_IDA),Lok Sabha,200000,200000,0,1,0,2026-01-16T00:00:00.000Z,2025-04-07T00:00:00.000Z,-284,FALSE,FALSE,
218964,274132,Installation of RO and water cooler in Govt Middle School,Normal/Others,SARABJEET SINGH KHALSA,Punjab,FARIDKOT,FARIDKOT(DEPUTY COMMISSIONER FARIDKOT_IDA),Lok Sabha,100000,89900,-10100,0.899,-10.1,2026-03-15T00:00:00.000Z,2025-12-29T00:00:00.000Z,-76,FALSE,FALSE,
239736,258388,Installation of RO with Water Cooler in Govt Primary School,Normal/Others,SARABJEET SINGH KHALSA,Punjab,FARIDKOT,MOGA(Deputy Commissioner Moga),Lok Sabha,90000,90000,0,1,0,2026-01-16T00:00:00.000Z,2026-03-11T00:00:00.000Z,54,TRUE,FALSE,
141163,163159,Purchase of mobile steel water tanker,Normal/Others,SARABJEET SINGH KHALSA,Punjab,FARIDKOT,MOGA(Deputy Commissioner Moga),Lok Sabha,200000,200000,0,1,0,2025-01-20T00:00:00.000Z,2025-08-14T00:00:00.000Z,206,TRUE,FALSE,
141160,220396,Purchase of mobile steel water tanker,Normal/Others,SARABJEET SINGH KHALSA,Punjab,FARIDKOT,MOGA(Deputy Commissioner Moga),Lok Sabha,200000,200000,0,1,0,2025-07-21T00:00:00.000Z,2025-08-23T00:00:00.000Z,33,FALSE,FALSE,
163157,220399,Purchase of mobile Steel water tanker,Normal/Others,SARABJEET SINGH KHALSA,Punjab,FARIDKOT,MOGA(Deputy Commissioner Moga),Lok Sabha,200000,200000,0,1,0,2025-07-21T00:00:00.000Z,2025-10-16T00:00:00.000Z,87,FALSE,FALSE,
163183,239745,Purchase of mobile Steel water tanker,Normal/Others,SARABJEET SINGH KHALSA,Punjab,FARIDKOT,SRI MUKTSAR SAHIB(DEPUTY COMMISSIONER SRI MUKTSAR SAHIB_IDA),Lok Sabha,200000,200000,0,1,0,2025-10-09T00:00:00.000Z,2025-12-30T00:00:00.000Z,82,TRUE,FALSE,
163185,239748,Purchase of mobile Steel water tanker,Normal/Others,SARABJEET SINGH KHALSA,Punjab,FARIDKOT,SRI MUKTSAR SAHIB(DEPUTY COMMISSIONER SRI MUKTSAR SAHIB_IDA),Lok Sabha,200000,200000,0,1,0,2025-10-09T00:00:00.000Z,2025-12-30T00:00:00.000Z,82,TRUE,FALSE,
163186,239749,Purchase of mobile Steel water tanker,Normal/Others,SARABJEET SINGH KHALSA,Punjab,FARIDKOT,SRI MUKTSAR SAHIB(DEPUTY COMMISSIONER SRI MUKTSAR SAHIB_IDA),Lok Sabha,200000,200000,0,1,0,2025-10-09T00:00:00.000Z,2025-12-30T00:00:00.000Z,82,TRUE,FALSE,
163187,239764,Purchase of mobile Steel water tanker,Normal/Others,SARABJEET SINGH KHALSA,Punjab,FARIDKOT,SRI MUKTSAR SAHIB(DEPUTY COMMISSIONER SRI MUKTSAR SAHIB_IDA),Lok Sabha,200000,200000,0,1,0,2025-10-09T00:00:00.000Z,2025-12-30T00:00:00.000Z,82,TRUE,FALSE,
218970,239766,Purchase of mobile Steel water tanker,Normal/Others,SARABJEET SINGH KHALSA,Punjab,FARIDKOT,FARIDKOT(DEPUTY COMMISSIONER FARIDKOT_IDA),Lok Sabha,200000,200000,0,1,0,2025-10-09T00:00:00.000Z,2026-01-07T00:00:00.000Z,90,FALSE,FALSE,
218975,239767,Purchase of mobile Steel water tanker,Normal/Others,SARABJEET SINGH KHALSA,Punjab,FARIDKOT,FARIDKOT(DEPUTY COMMISSIONER FARIDKOT_IDA),Lok Sabha,200000,200000,0,1,0,2025-10-09T00:00:00.000Z,2026-01-07T00:00:00.000Z,90,FALSE,FALSE,
218976,239769,Purchase of mobile Steel water tanker,Normal/Others,SARABJEET SINGH KHALSA,Punjab,FARIDKOT,FARIDKOT(DEPUTY COMMISSIONER FARIDKOT_IDA),Lok Sabha,300000,200000,-100000,0.6667,-33.33,2025-10-09T00:00:00.000Z,2026-01-07T00:00:00.000Z,90,FALSE,FALSE,
239692,239771,Purchase of mobile Steel water tanker,Normal/Others,SARABJEET SINGH KHALSA,Punjab,FARIDKOT,FARIDKOT(DEPUTY COMMISSIONER FARIDKOT_IDA),Lok Sabha,200000,200000,0,1,0,2025-10-09T00:00:00.000Z,2026-01-07T00:00:00.000Z,90,FALSE,FALSE,
250150,241144,Purchase of mobile Steel water tanker,Normal/Others,SARABJEET SINGH KHALSA,Punjab,FARIDKOT,FARIDKOT(DEPUTY COMMISSIONER FARIDKOT_IDA),Lok Sabha,200000,200000,0,1,0,2025-10-09T00:00:00.000Z,2026-01-29T00:00:00.000Z,112,FALSE,FALSE,
250151,258321,Purchase of mobile Steel water tanker,Normal/Others,SARABJEET SINGH KHALSA,Punjab,FARIDKOT,FARIDKOT(DEPUTY COMMISSIONER FARIDKOT_IDA),Lok Sabha,200000,200000,0,1,0,2026-01-16T00:00:00.000Z,2026-01-29T00:00:00.000Z,13,FALSE,FALSE,
140067,293562,Purchase of mobile water tankers,Normal/Others,SARABJEET SINGH KHALSA,Punjab,FARIDKOT,MOGA(Deputy Commissioner Moga),Lok Sabha,225000,200000,-25000,0.8889,-11.11,2026-07-15T00:00:00.000Z,2025-08-14T00:00:00.000Z,-335,TRUE,FALSE,
137630,258320,Purchase of Steel mobile water tanker,Normal/Others,SARABJEET SINGH KHALSA,Punjab,FARIDKOT,FARIDKOT(DEPUTY COMMISSIONER FARIDKOT_IDA),Lok Sabha,200000,200000,0,1,0,2026-01-16T00:00:00.000Z,2025-04-07T00:00:00.000Z,-284,FALSE,FALSE,
157823,258337,Purchase of Steel mobile water tanker,Normal/Others,SARABJEET SINGH KHALSA,Punjab,FARIDKOT,FARIDKOT(DEPUTY COMMISSIONER FARIDKOT_IDA),Lok Sabha,200000,200000,0,1,0,2026-01-16T00:00:00.000Z,2025-04-07T00:00:00.000Z,-284,FALSE,FALSE,
157824,274267,Purchase of Steel mobile water tanker,Normal/Others,SARABJEET SINGH KHALSA,Punjab,FARIDKOT,FARIDKOT(DEPUTY COMMISSIONER FARIDKOT_IDA),Lok Sabha,200000,200000,0,1,0,2026-03-15T00:00:00.000Z,2025-04-07T00:00:00.000Z,-342,FALSE,FALSE,
157825,274268,Purchase of Steel mobile water tanker,Normal/Others,SARABJEET SINGH KHALSA,Punjab,FARIDKOT,FARIDKOT(DEPUTY COMMISSIONER FARIDKOT_IDA),Lok Sabha,200000,200000,0,1,0,2026-03-15T00:00:00.000Z,2025-04-07T00:00:00.000Z,-342,FALSE,FALSE,
157826,274269,Purchase of Steel mobile water tanker,Normal/Others,SARABJEET SINGH KHALSA,Punjab,FARIDKOT,FARIDKOT(DEPUTY COMMISSIONER FARIDKOT_IDA),Lok Sabha,200000,200000,0,1,0,2026-03-15T00:00:00.000Z,2025-04-07T00:00:00.000Z,-342,FALSE,FALSE,
218956,220394,Street lights,Normal/Others,SARABJEET SINGH KHALSA,Punjab,FARIDKOT,FARIDKOT(DEPUTY COMMISSIONER FARIDKOT_IDA),Lok Sabha,200000,200000,0,1,0,2025-07-21T00:00:00.000Z,2026-01-07T00:00:00.000Z,170,FALSE,FALSE,
218957,239720,Street lights,Normal/Others,SARABJEET SINGH KHALSA,Punjab,FARIDKOT,FARIDKOT(DEPUTY COMMISSIONER FARIDKOT_IDA),Lok Sabha,150000,200000,50000,1.3333,33.33,2025-10-09T00:00:00.000Z,2026-01-07T00:00:00.000Z,90,FALSE,FALSE,
218966,239721,Street lights,Normal/Others,SARABJEET SINGH KHALSA,Punjab,FARIDKOT,FARIDKOT(DEPUTY COMMISSIONER FARIDKOT_IDA),Lok Sabha,150000,200000,50000,1.3333,33.33,2025-10-09T00:00:00.000Z,2026-01-07T00:00:00.000Z,90,FALSE,FALSE,
218967,239722,Street lights,Normal/Others,SARABJEET SINGH KHALSA,Punjab,FARIDKOT,FARIDKOT(DEPUTY COMMISSIONER FARIDKOT_IDA),Lok Sabha,150000,200000,50000,1.3333,33.33,2025-10-09T00:00:00.000Z,2026-01-07T00:00:00.000Z,90,FALSE,FALSE,
239666,239723,Street lights,Normal/Others,SARABJEET SINGH KHALSA,Punjab,FARIDKOT,FARIDKOT(DEPUTY COMMISSIONER FARIDKOT_IDA),Lok Sabha,150000,198000,48000,1.32,32,2025-10-09T00:00:00.000Z,2026-01-07T00:00:00.000Z,90,FALSE,FALSE,
250148,239724,Street lights,Normal/Others,SARABJEET SINGH KHALSA,Punjab,FARIDKOT,FARIDKOT(DEPUTY COMMISSIONER FARIDKOT_IDA),Lok Sabha,150000,150000,0,1,0,2025-10-09T00:00:00.000Z,2026-01-07T00:00:00.000Z,90,FALSE,FALSE,
250204,239725,Street lights,Normal/Others,SARABJEET SINGH KHALSA,Punjab,FARIDKOT,FARIDKOT(DEPUTY COMMISSIONER FARIDKOT_IDA),Lok Sabha,150000,150000,0,1,0,2025-10-09T00:00:00.000Z,2026-01-07T00:00:00.000Z,90,FALSE,FALSE,
250205,239726,Street lights,Normal/Others,SARABJEET SINGH KHALSA,Punjab,FARIDKOT,FARIDKOT(DEPUTY COMMISSIONER FARIDKOT_IDA),Lok Sabha,150000,150000,0,1,0,2025-10-09T00:00:00.000Z,2026-01-07T00:00:00.000Z,90,FALSE,FALSE,
250149,239727,Street lights,Normal/Others,SARABJEET SINGH KHALSA,Punjab,FARIDKOT,FARIDKOT(DEPUTY COMMISSIONER FARIDKOT_IDA),Lok Sabha,200000,150000,-50000,0.75,-25,2025-10-09T00:00:00.000Z,2026-01-29T00:00:00.000Z,112,FALSE,FALSE,
178145,1154,construction of cc road gram chamrauli serial n0 4,Normal/Others,Dr. Sarfraz Ahmad (2024-30),Jharkhand,Sitting Rajya Sabha,AGRA(DISTRICT MAGISTRAE AGRA_IDA),Rajya Sabha,999274,999274,0,1,0,2025-02-28T00:00:00.000Z,2026-01-21T00:00:00.000Z,327,TRUE,TRUE,
178144,1153,construction of cc road gram mevli kalan serial n0 3,Normal/Others,Dr. Sarfraz Ahmad (2024-30),Jharkhand,Sitting Rajya Sabha,AGRA(DISTRICT MAGISTRAE AGRA_IDA),Rajya Sabha,1498206,1498206,0,1,0,2025-02-28T00:00:00.000Z,2026-01-30T00:00:00.000Z,336,TRUE,TRUE,
178143,1152,construction of cc road gram mutabai,Normal/Others,Dr. Sarfraz Ahmad (2024-30),Jharkhand,Sitting Rajya Sabha,AGRA(DISTRICT MAGISTRAE AGRA_IDA),Rajya Sabha,1248839,1248839,0,1,0,2025-02-28T00:00:00.000Z,2026-01-30T00:00:00.000Z,336,TRUE,TRUE,
178142,1151,construction of cc road gram mutabai majhra poora maharam,Normal/Others,Dr. Sarfraz Ahmad (2024-30),Jharkhand,Sitting Rajya Sabha,AGRA(DISTRICT MAGISTRAE AGRA_IDA),Rajya Sabha,1249502,1249502,0,1,0,2025-02-28T00:00:00.000Z,2026-01-30T00:00:00.000Z,336,TRUE,TRUE,
200585,1322,supply and installation of led semi high mast at different places in district agra,Normal/Others,Dr. Sarfraz Ahmad (2024-30),Jharkhand,Sitting Rajya Sabha,AGRA(DISTRICT MAGISTRAE AGRA_IDA),Rajya Sabha,3234607,3234607,0,1,0,2025-05-17T00:00:00.000Z,2026-01-07T00:00:00.000Z,235,TRUE,TRUE,
208270,229912,Construction Of P.C.C. Road,Normal/Others,Shri Satish Chandra Dubey (2022-28),Bihar,Sitting Rajya Sabha,PASHCHIM CHAMPARAN(DISTRICT PLANNING OFFICER WEST CHAMPARANBETTIAH_IDA),Rajya Sabha,500000,793257,293257,1.5865,58.65,2025-08-28T00:00:00.000Z,2026-01-09T00:00:00.000Z,134,FALSE,FALSE,
229922,234348,Construction of P.C.C. Road Work,Normal/Others,Shri Satish Chandra Dubey (2022-28),Bihar,Sitting Rajya Sabha,PASHCHIM CHAMPARAN(DISTRICT PLANNING OFFICER WEST CHAMPARANBETTIAH_IDA),Rajya Sabha,500000,498784,-1216,0.9976,-0.24,2025-09-15T00:00:00.000Z,2025-12-05T00:00:00.000Z,81,FALSE,FALSE,
235153,234350,Construction of P.C.C. Road Work,Normal/Others,Shri Satish Chandra Dubey (2022-28),Bihar,Sitting Rajya Sabha,PURBI CHAMPARAN(DISTRICT PLANNING OFFICER MOTHIHARI EAST CHAMPARAN_IDA),Rajya Sabha,190000,997405,807405,5.2495,424.95,2025-09-15T00:00:00.000Z,2026-02-10T00:00:00.000Z,148,FALSE,FALSE,
240294,237492,Construction of P.C.C. Road Work,Normal/Others,Shri Satish Chandra Dubey (2022-28),Bihar,Sitting Rajya Sabha,PASHCHIM CHAMPARAN(DISTRICT PLANNING OFFICER WEST CHAMPARANBETTIAH_IDA),Rajya Sabha,699100,591823,-107277,0.8465,-15.35,2025-09-24T00:00:00.000Z,2026-02-13T00:00:00.000Z,142,FALSE,FALSE,
237493,237502,Construction of P.C.C. Road work,Normal/Others,Shri Satish Chandra Dubey (2022-28),Bihar,Sitting Rajya Sabha,PASHCHIM CHAMPARAN(DISTRICT PLANNING OFFICER WEST CHAMPARANBETTIAH_IDA),Rajya Sabha,1000000,1373558,373558,1.3736,37.36,2025-09-24T00:00:00.000Z,2026-02-24T00:00:00.000Z,153,FALSE,FALSE,
238695,238694,Construction of P.C.C. Road work,Normal/Others,Shri Satish Chandra Dubey (2022-28),Bihar,Sitting Rajya Sabha,PASHCHIM CHAMPARAN(DISTRICT PLANNING OFFICER WEST CHAMPARANBETTIAH_IDA),Rajya Sabha,499300,789901,290601,1.582,58.2,2025-09-27T00:00:00.000Z,2026-02-24T00:00:00.000Z,150,FALSE,FALSE,
238696,238701,Construction of P.C.C. Road work,Normal/Others,Shri Satish Chandra Dubey (2022-28),Bihar,Sitting Rajya Sabha,PASHCHIM CHAMPARAN(DISTRICT PLANNING OFFICER WEST CHAMPARANBETTIAH_IDA),Rajya Sabha,600000,695091,95091,1.1585,15.85,2025-09-27T00:00:00.000Z,2026-02-24T00:00:00.000Z,150,FALSE,FALSE,
238705,240299,Construction of P.C.C. Road work,Normal/Others,Shri Satish Chandra Dubey (2022-28),Bihar,Sitting Rajya Sabha,PASHCHIM CHAMPARAN(DISTRICT PLANNING OFFICER WEST CHAMPARANBETTIAH_IDA),Rajya Sabha,995500,698508,-296992,0.7017,-29.83,2025-10-06T00:00:00.000Z,2026-02-27T00:00:00.000Z,144,FALSE,FALSE,
221658,221657,Construction of Stair Ghat,Normal/Others,Shri Satish Chandra Dubey (2022-28),Bihar,Sitting Rajya Sabha,PASHCHIM CHAMPARAN(DISTRICT PLANNING OFFICER WEST CHAMPARANBETTIAH_IDA),Rajya Sabha,500000,497627,-2373,0.9953,-0.47,2025-07-24T00:00:00.000Z,2026-02-28T00:00:00.000Z,219,FALSE,FALSE,
163525,1041,,Normal/Others,Shri Satish Chandra Dubey (2022-28),Bihar,Sitting Rajya Sabha,PRATAPGARH(DISTRICT MAGISTRAE PRATAPGARH_IDA),Rajya Sabha,1478607,1478607,0,1,0,2025-01-03T00:00:00.000Z,2025-05-07T00:00:00.000Z,124,TRUE,TRUE,
171243,1041,,Normal/Others,Shri Satish Chandra Dubey (2022-28),Bihar,Sitting Rajya Sabha,PASHCHIM CHAMPARAN(DISTRICT PLANNING OFFICER WEST CHAMPARANBETTIAH_IDA),Rajya Sabha,1478607,1083195,-395412,0.7326,-26.74,2025-01-03T00:00:00.000Z,2026-01-10T00:00:00.000Z,372,FALSE,TRUE,
138684,190877,Construction of Krishi Charcha Kendra,Normal/Others,Saumitra khan ,West Bengal,BISHNUPUR,BANKURA(DISTRICT MAGISTRATE BANKURA_IDA),Lok Sabha,1300000,649868,-650132,0.4999,-50.01,2025-04-12T00:00:00.000Z,2026-07-29T00:00:00.000Z,473,TRUE,FALSE,
138682,190878,Construction of Krishi Charcha Kendra,Normal/Others,Saumitra khan ,West Bengal,BISHNUPUR,BANKURA(DISTRICT MAGISTRATE BANKURA_IDA),Lok Sabha,650000,647613,-2387,0.9963,-0.37,2025-04-12T00:00:00.000Z,2026-08-10T00:00:00.000Z,485,TRUE,FALSE,
204381,190886,Installation of Solar Street Light,Normal/Others,Saumitra khan ,West Bengal,BISHNUPUR,BANKURA(DISTRICT MAGISTRATE BANKURA_IDA),Lok Sabha,2794500,1103660,-1690840,0.3949,-60.51,2025-04-12T00:00:00.000Z,2026-07-28T00:00:00.000Z,472,TRUE,FALSE,
204313,193009,Installation of Solar Street Light,Normal/Others,Saumitra khan ,West Bengal,BISHNUPUR,BANKURA(DISTRICT MAGISTRATE BANKURA_IDA),Lok Sabha,1276500,896799,-379701,0.7025,-29.75,2025-04-21T00:00:00.000Z,2026-07-29T00:00:00.000Z,464,TRUE,FALSE,
204321,204306,Installation of Solar Street Light,Normal/Others,Saumitra khan ,West Bengal,BISHNUPUR,BANKURA(DISTRICT MAGISTRATE BANKURA_IDA),Lok Sabha,1035000,965783,-69217,0.9331,-6.69,2025-05-28T00:00:00.000Z,2026-07-29T00:00:00.000Z,427,TRUE,FALSE,
190880,204375,Installation of Solar Street Light,Normal/Others,Saumitra khan ,West Bengal,BISHNUPUR,BANKURA(DISTRICT MAGISTRATE BANKURA_IDA),Lok Sabha,1173000,1965894,792894,1.676,67.6,2025-05-28T00:00:00.000Z,2026-08-10T00:00:00.000Z,439,TRUE,FALSE,
189423,204301,Installation of Solar Submersible Pump,Normal/Others,Saumitra khan ,West Bengal,BISHNUPUR,BANKURA(DISTRICT MAGISTRATE BANKURA_IDA),Lok Sabha,500000,1794129,1294129,3.5883,258.83,2025-05-28T00:00:00.000Z,2026-08-10T00:00:00.000Z,439,TRUE,FALSE,
210475,210480,GI cotted water tanker 5500 liter tyre 900x16 New,Normal/Others,SAVITRI THAKUR,Madhya Pradesh,DHAR,DHAR(DISTRICT COLLECTOR DHAR_IDA),Lok Sabha,159212,159212,0,1,0,2025-06-19T00:00:00.000Z,2026-02-19T00:00:00.000Z,245,TRUE,FALSE,
155984,155985,"INSTALLATION OF 5 NOS. OF SOLAR STREET LIGHTS (WITH 6 MTR. G.I. POLE & 1 NO. 20 WATT LED BULB) IN THE FOLLOWING LOCATIONS UNDER PRATAPNAGAR GP UNDER SONARPUR DAKSHIN AC: 
1)	UTTAR PRATAPNAGAR BAGDIPARA (VILL: UTTAR PRATAPNAGAR)
2)	PRATAPNAGAR DURGA TALA (VILL: PRATAPNAGAR)
3)	SARALIYA SARASWATI MATH (VILL: GARAL, SARALIYA)
4)	PATNIPARA MORE (VILL: METIYARI)
5)	PRATAPNAGAR MADARTALA (VILL: PRATAPNAGAR)",Normal/Others,SAYANI GHOSH,West Bengal,JADAVPUR,South 24 Parganas(DISTRICT MAGISTRATE SOUTH TWENTY FOUR PARGANAS_IDA),Lok Sabha,172500,172431,-69,0.9996,-0.04,2024-12-24T00:00:00.000Z,2025-07-02T00:00:00.000Z,190,TRUE,FALSE,
181084,181085,Purchase of wheelchairs (Motorized),Normal/Others,SHAFI PARAMBIL,Kerala,VADAKARA,KOZHIKODE(DISTRICT COLLECTOR KOZHIKODE_IDA),Lok Sabha,70000,70000,0,1,0,2025-03-11T00:00:00.000Z,2026-05-13T00:00:00.000Z,428,TRUE,FALSE,
170735,205309,Installation of RO System,Normal/Others,SHER SINGH GHUBAYA,Punjab,FIROZPUR,FEROZEPUR(DEPUTY COMMISSIONER FIROZEPUR_IDA),Lok Sabha,235000,232744,-2256,0.9904,-0.96,2025-05-31T00:00:00.000Z,2025-03-18T00:00:00.000Z,-74,FALSE,FALSE,
212815,212832,Purchase of mobile water tankers (capacity 3000 Ltrs. Steel),Normal/Others,SHER SINGH GHUBAYA,Punjab,FIROZPUR,FAZILKA(DEPUTY COMMISSIONER FAZILKA_IDA),Lok Sabha,243000,240570,-2430,0.99,-1,2025-06-27T00:00:00.000Z,2026-01-29T00:00:00.000Z,216,FALSE,FALSE,
205282,205301,Purchase of mobile water tankers (steel 3000 ltrs),Normal/Others,SHER SINGH GHUBAYA,Punjab,FIROZPUR,FAZILKA(DEPUTY COMMISSIONER FAZILKA_IDA),Lok Sabha,243000,240570,-2430,0.99,-1,2025-05-31T00:00:00.000Z,2025-11-28T00:00:00.000Z,181,FALSE,FALSE,
205284,205302,Purchase of mobile water tankers (steel 3000 ltrs),Normal/Others,SHER SINGH GHUBAYA,Punjab,FIROZPUR,FAZILKA(DEPUTY COMMISSIONER FAZILKA_IDA),Lok Sabha,243000,240618,-2382,0.9902,-0.98,2025-05-31T00:00:00.000Z,2025-11-28T00:00:00.000Z,181,FALSE,FALSE,
205299,205305,Purchase of mobile water tankers (steel 3000 ltrs),Normal/Others,SHER SINGH GHUBAYA,Punjab,FIROZPUR,FAZILKA(DEPUTY COMMISSIONER FAZILKA_IDA),Lok Sabha,243000,240327,-2673,0.989,-1.1,2025-05-31T00:00:00.000Z,2026-01-09T00:00:00.000Z,223,FALSE,FALSE,
187755,187677,CC road,Normal/Others,SHIVRAJ SINGH CHOUHAN,Madhya Pradesh,VIDISHA,SEHORE(DISTRICT COLLECTOR SEHORE_IDA),Lok Sabha,1200000,600000,-600000,0.5,-50,2025-03-29T00:00:00.000Z,2025-10-17T00:00:00.000Z,202,TRUE,FALSE,
187782,187685,cc road,Normal/Others,SHIVRAJ SINGH CHOUHAN,Madhya Pradesh,VIDISHA,VIDISHA(District Collector Vidisha_IDA),Lok Sabha,250000,298125,48125,1.1925,19.25,2025-03-29T00:00:00.000Z,2025-10-30T00:00:00.000Z,215,TRUE,FALSE,
187749,187688,cc road,Normal/Others,SHIVRAJ SINGH CHOUHAN,Madhya Pradesh,VIDISHA,SEHORE(DISTRICT COLLECTOR SEHORE_IDA),Lok Sabha,250000,600000,350000,2.4,140,2025-03-29T00:00:00.000Z,2025-12-22T00:00:00.000Z,268,TRUE,FALSE,
187778,187690,cc road,Normal/Others,SHIVRAJ SINGH CHOUHAN,Madhya Pradesh,VIDISHA,VIDISHA(District Collector Vidisha_IDA),Lok Sabha,400000,500000,100000,1.25,25,2025-03-29T00:00:00.000Z,2026-02-13T00:00:00.000Z,321,TRUE,FALSE,
187770,187692,CC road,Normal/Others,SHIVRAJ SINGH CHOUHAN,Madhya Pradesh,VIDISHA,VIDISHA(District Collector Vidisha_IDA),Lok Sabha,500000,500000,0,1,0,2025-03-29T00:00:00.000Z,2026-02-26T00:00:00.000Z,334,TRUE,FALSE,
187779,187720,CC road,Normal/Others,SHIVRAJ SINGH CHOUHAN,Madhya Pradesh,VIDISHA,VIDISHA(District Collector Vidisha_IDA),Lok Sabha,600000,500000,-100000,0.8333,-16.67,2025-03-29T00:00:00.000Z,2026-04-09T00:00:00.000Z,376,TRUE,FALSE,
187760,187759,work sheds,Normal/Others,SHIVRAJ SINGH CHOUHAN,Madhya Pradesh,VIDISHA,SEHORE(DISTRICT COLLECTOR SEHORE_IDA),Lok Sabha,1250000,1250000,0,1,0,2025-03-29T00:00:00.000Z,2026-03-17T00:00:00.000Z,353,TRUE,FALSE,
188003,187966,Construction of rainwater harvesting structures,Normal/Others,SHOBHANABEN MAHENDRASINH BARAIYA,Gujarat,SABARKANTHA,ARVALLI(DISTRICT COLLECTOR ARVALLI_IDA),Lok Sabha,200000,200000,0,1,0,2025-03-31T00:00:00.000Z,2026-04-17T00:00:00.000Z,382,TRUE,FALSE,
169575,169609,installation of Solar Street Lights,Normal/Others,Dr. Sikander Kumar (2022-28),Himachal Pradesh,Sitting Rajya Sabha,UNA(DEPUTY COMMISSIOENR UNA_IDA),Rajya Sabha,29816,74700,44884,2.5054,150.54,2025-01-28T00:00:00.000Z,2026-04-16T00:00:00.000Z,443,TRUE,FALSE,
232522,1654,Purchase of books for public library in different government schools located at District Mohalla Maanpur Ambagharh Chowki  Through District Education Officer District Mohalla Maanpur Ambagharh Chowki Chhattisgarh,Normal/Others,Dr. Sikander Kumar (2022-28),Himachal Pradesh,Sitting Rajya Sabha,Mohla-Manpur-Ambagarh Chouki(Collector MMC_IDA),Rajya Sabha,2500000,2499475,-525,0.9998,-0.02,2025-09-10T00:00:00.000Z,2026-04-20T00:00:00.000Z,222,TRUE,TRUE,
230296,270250,Development of mahuar stadium,Normal/Others,SUDHAKAR SINGH,Bihar,BUXAR,KAIMUR (BHABUA)(DISTRICT PLANNING OFFICER KAIMUR BHABUA_IDA),Lok Sabha,1495600,989740,-505860,0.6618,-33.82,2026-02-22T00:00:00.000Z,2026-03-06T00:00:00.000Z,12,FALSE,FALSE,
171310,163524,CC Road and Naali Work,Normal/Others,Dr. Sudhanshu Trivedi (2024-30),Uttar Pradesh,Sitting Rajya Sabha,LUCKNOW(DISTRICT MAGISTRAE LUCKNOW_IDA),Rajya Sabha,1894000,1527604,-366396,0.8065,-19.35,2025-01-03T00:00:00.000Z,2025-05-29T00:00:00.000Z,146,TRUE,FALSE,
171311,171314,CC Road and Naali Work,Normal/Others,Dr. Sudhanshu Trivedi (2024-30),Uttar Pradesh,Sitting Rajya Sabha,LUCKNOW(DISTRICT MAGISTRAE LUCKNOW_IDA),Rajya Sabha,619000,1659307,1040307,2.6806,168.06,2025-02-01T00:00:00.000Z,2025-05-29T00:00:00.000Z,117,FALSE,FALSE,
171315,240758,CC Road and Naali Work,Normal/Others,Dr. Sudhanshu Trivedi (2024-30),Uttar Pradesh,Sitting Rajya Sabha,LUCKNOW(DISTRICT MAGISTRAE LUCKNOW_IDA),Rajya Sabha,409000,1152386,743386,2.8176,181.76,2025-10-08T00:00:00.000Z,2025-05-29T00:00:00.000Z,-132,FALSE,FALSE,
171309,240764,Interlocking Road and Naali Work,Normal/Others,Dr. Sudhanshu Trivedi (2024-30),Uttar Pradesh,Sitting Rajya Sabha,LUCKNOW(DISTRICT MAGISTRAE LUCKNOW_IDA),Rajya Sabha,830000,1213882,383882,1.4625,46.25,2025-10-08T00:00:00.000Z,2025-10-11T00:00:00.000Z,3,TRUE,FALSE,
140603,140602,CONSTRUCTION OF CC ROAD,Normal/Others,Shri Sudheer Gupta ,Madhya Pradesh,MANDSOUR,MANDSAUR(DISTRICT COLLECTOR MANDSAUR_IDA),Lok Sabha,300000,300000,0,1,0,2024-09-13T00:00:00.000Z,2026-01-22T00:00:00.000Z,496,TRUE,FALSE,
194352,140604,CONSTRUCTION OF CC ROAD,Normal/Others,Shri Sudheer Gupta ,Madhya Pradesh,MANDSOUR,MANDSAUR(DISTRICT COLLECTOR MANDSAUR_IDA),Lok Sabha,400000,450000,50000,1.125,12.5,2024-09-13T00:00:00.000Z,2026-02-21T00:00:00.000Z,526,TRUE,FALSE,
155421,140606,construction of cc road,Normal/Others,Shri Sudheer Gupta ,Madhya Pradesh,MANDSOUR,MANDSAUR(DISTRICT COLLECTOR MANDSAUR_IDA),Lok Sabha,150000,500000,350000,3.3333,233.33,2024-09-13T00:00:00.000Z,2026-08-04T00:00:00.000Z,690,TRUE,FALSE,
244921,194346,construction of cc road,Normal/Others,Shri Sudheer Gupta ,Madhya Pradesh,MANDSOUR,MANDSAUR(DISTRICT COLLECTOR MANDSAUR_IDA),Lok Sabha,150000,250000,100000,1.6667,66.67,2025-04-25T00:00:00.000Z,2026-08-04T00:00:00.000Z,466,TRUE,FALSE,
145730,225540,CONSTRUCTION OF ROOM,Normal/Others,Shri Sudheer Gupta ,Madhya Pradesh,MANDSOUR,MANDSAUR(DISTRICT COLLECTOR MANDSAUR_IDA),Lok Sabha,150000,150000,0,1,0,2025-08-06T00:00:00.000Z,2026-01-23T00:00:00.000Z,170,TRUE,FALSE,
210797,156433,CONSTRUCTION OF SHED,Normal/Others,Shri Sudheer Gupta ,Madhya Pradesh,MANDSOUR,MANDSAUR(DISTRICT COLLECTOR MANDSAUR_IDA),Lok Sabha,400000,400000,0,1,0,2024-12-02T00:00:00.000Z,2026-05-11T00:00:00.000Z,525,FALSE,FALSE,
137831,233299,PURCHASE OF BOOK,Normal/Others,Shri Sudheer Gupta ,Madhya Pradesh,MANDSOUR,MANDSAUR(DISTRICT COLLECTOR MANDSAUR_IDA),Lok Sabha,100000,100000,0,1,0,2025-09-12T00:00:00.000Z,2025-08-21T00:00:00.000Z,-22,TRUE,FALSE,
137832,233300,PURCHASE OF BOOK,Normal/Others,Shri Sudheer Gupta ,Madhya Pradesh,MANDSOUR,MANDSAUR(DISTRICT COLLECTOR MANDSAUR_IDA),Lok Sabha,100000,100000,0,1,0,2025-09-12T00:00:00.000Z,2025-08-21T00:00:00.000Z,-22,TRUE,FALSE,
137829,233301,PURCHASE OF BOOKS,Normal/Others,Shri Sudheer Gupta ,Madhya Pradesh,MANDSOUR,MANDSAUR(DISTRICT COLLECTOR MANDSAUR_IDA),Lok Sabha,100000,100000,0,1,0,2025-09-12T00:00:00.000Z,2025-08-21T00:00:00.000Z,-22,TRUE,FALSE,
137836,233302,PURCHASE OF BOOKS,Normal/Others,Shri Sudheer Gupta ,Madhya Pradesh,MANDSOUR,MANDSAUR(DISTRICT COLLECTOR MANDSAUR_IDA),Lok Sabha,100000,100000,0,1,0,2025-09-12T00:00:00.000Z,2025-08-21T00:00:00.000Z,-22,TRUE,FALSE,
137837,233303,PURCHASE OF BOOKS,Normal/Others,Shri Sudheer Gupta ,Madhya Pradesh,MANDSOUR,MANDSAUR(DISTRICT COLLECTOR MANDSAUR_IDA),Lok Sabha,100000,100000,0,1,0,2025-09-12T00:00:00.000Z,2025-08-21T00:00:00.000Z,-22,TRUE,FALSE,
137838,233304,PURCHASE OF BOOKS,Normal/Others,Shri Sudheer Gupta ,Madhya Pradesh,MANDSOUR,MANDSAUR(DISTRICT COLLECTOR MANDSAUR_IDA),Lok Sabha,100000,100000,0,1,0,2025-09-12T00:00:00.000Z,2025-08-21T00:00:00.000Z,-22,TRUE,FALSE,
137839,233305,PURCHASE OF BOOKS,Normal/Others,Shri Sudheer Gupta ,Madhya Pradesh,MANDSOUR,MANDSAUR(DISTRICT COLLECTOR MANDSAUR_IDA),Lok Sabha,100000,100000,0,1,0,2025-09-12T00:00:00.000Z,2025-08-21T00:00:00.000Z,-22,TRUE,FALSE,
137840,233306,PURCHASE OF BOOKS,Normal/Others,Shri Sudheer Gupta ,Madhya Pradesh,MANDSOUR,MANDSAUR(DISTRICT COLLECTOR MANDSAUR_IDA),Lok Sabha,100000,100000,0,1,0,2025-09-12T00:00:00.000Z,2025-08-21T00:00:00.000Z,-22,TRUE,FALSE,
137841,233307,PURCHASE OF BOOKS,Normal/Others,Shri Sudheer Gupta ,Madhya Pradesh,MANDSOUR,MANDSAUR(DISTRICT COLLECTOR MANDSAUR_IDA),Lok Sabha,100000,100000,0,1,0,2025-09-12T00:00:00.000Z,2025-08-21T00:00:00.000Z,-22,TRUE,FALSE,
137842,233308,PURCHASE OF BOOKS,Normal/Others,Shri Sudheer Gupta ,Madhya Pradesh,MANDSOUR,MANDSAUR(DISTRICT COLLECTOR MANDSAUR_IDA),Lok Sabha,100000,100000,0,1,0,2025-09-12T00:00:00.000Z,2025-08-21T00:00:00.000Z,-22,TRUE,FALSE,
137865,233309,PURCHASE OF BOOKS,Normal/Others,Shri Sudheer Gupta ,Madhya Pradesh,MANDSOUR,NEEMUCH(District Collector Neemuch_IDA),Lok Sabha,100000,100000,0,1,0,2025-09-12T00:00:00.000Z,2026-04-28T00:00:00.000Z,228,TRUE,FALSE,
137866,233310,PURCHASE OF BOOKS,Normal/Others,Shri Sudheer Gupta ,Madhya Pradesh,MANDSOUR,NEEMUCH(District Collector Neemuch_IDA),Lok Sabha,100000,100000,0,1,0,2025-09-12T00:00:00.000Z,2026-04-28T00:00:00.000Z,228,TRUE,FALSE,
137867,233311,PURCHASE OF BOOKS,Normal/Others,Shri Sudheer Gupta ,Madhya Pradesh,MANDSOUR,NEEMUCH(District Collector Neemuch_IDA),Lok Sabha,100000,100000,0,1,0,2025-09-12T00:00:00.000Z,2026-04-28T00:00:00.000Z,228,TRUE,FALSE,
137868,233312,PURCHASE OF BOOKS,Normal/Others,Shri Sudheer Gupta ,Madhya Pradesh,MANDSOUR,NEEMUCH(District Collector Neemuch_IDA),Lok Sabha,100000,100000,0,1,0,2025-09-12T00:00:00.000Z,2026-04-28T00:00:00.000Z,228,TRUE,FALSE,
137869,233313,PURCHASE OF BOOKS,Normal/Others,Shri Sudheer Gupta ,Madhya Pradesh,MANDSOUR,NEEMUCH(District Collector Neemuch_IDA),Lok Sabha,100000,100000,0,1,0,2025-09-12T00:00:00.000Z,2026-04-28T00:00:00.000Z,228,TRUE,FALSE,
137870,233314,PURCHASE OF BOOKS,Normal/Others,Shri Sudheer Gupta ,Madhya Pradesh,MANDSOUR,NEEMUCH(District Collector Neemuch_IDA),Lok Sabha,100000,100000,0,1,0,2025-09-12T00:00:00.000Z,2026-04-28T00:00:00.000Z,228,TRUE,FALSE,
137871,233315,PURCHASE OF BOOKS,Normal/Others,Shri Sudheer Gupta ,Madhya Pradesh,MANDSOUR,NEEMUCH(District Collector Neemuch_IDA),Lok Sabha,100000,100000,0,1,0,2025-09-12T00:00:00.000Z,2026-04-28T00:00:00.000Z,228,TRUE,FALSE,
137872,233316,PURCHASE OF BOOKS,Normal/Others,Shri Sudheer Gupta ,Madhya Pradesh,MANDSOUR,NEEMUCH(District Collector Neemuch_IDA),Lok Sabha,100000,100000,0,1,0,2025-09-12T00:00:00.000Z,2026-04-28T00:00:00.000Z,228,TRUE,FALSE,
137873,233317,PURCHASE OF BOOKS,Normal/Others,Shri Sudheer Gupta ,Madhya Pradesh,MANDSOUR,NEEMUCH(District Collector Neemuch_IDA),Lok Sabha,100000,100000,0,1,0,2025-09-12T00:00:00.000Z,2026-04-28T00:00:00.000Z,228,TRUE,FALSE,
137874,233318,PURCHASE OF BOOKS,Normal/Others,Shri Sudheer Gupta ,Madhya Pradesh,MANDSOUR,NEEMUCH(District Collector Neemuch_IDA),Lok Sabha,100000,100000,0,1,0,2025-09-12T00:00:00.000Z,2026-04-28T00:00:00.000Z,228,TRUE,FALSE,
137875,233319,PURCHASE OF BOOKS,Normal/Others,Shri Sudheer Gupta ,Madhya Pradesh,MANDSOUR,NEEMUCH(District Collector Neemuch_IDA),Lok Sabha,100000,100000,0,1,0,2025-09-12T00:00:00.000Z,2026-04-28T00:00:00.000Z,228,TRUE,FALSE,
137876,233320,PURCHASE OF BOOKS,Normal/Others,Shri Sudheer Gupta ,Madhya Pradesh,MANDSOUR,NEEMUCH(District Collector Neemuch_IDA),Lok Sabha,100000,100000,0,1,0,2025-09-12T00:00:00.000Z,2026-04-28T00:00:00.000Z,228,TRUE,FALSE,
137877,233321,PURCHASE OF BOOKS,Normal/Others,Shri Sudheer Gupta ,Madhya Pradesh,MANDSOUR,NEEMUCH(District Collector Neemuch_IDA),Lok Sabha,100000,100000,0,1,0,2025-09-12T00:00:00.000Z,2026-04-28T00:00:00.000Z,228,TRUE,FALSE,
137878,233322,PURCHASE OF BOOKS,Normal/Others,Shri Sudheer Gupta ,Madhya Pradesh,MANDSOUR,NEEMUCH(District Collector Neemuch_IDA),Lok Sabha,100000,100000,0,1,0,2025-09-12T00:00:00.000Z,2026-04-28T00:00:00.000Z,228,TRUE,FALSE,
137879,233323,PURCHASE OF BOOKS,Normal/Others,Shri Sudheer Gupta ,Madhya Pradesh,MANDSOUR,NEEMUCH(District Collector Neemuch_IDA),Lok Sabha,100000,100000,0,1,0,2025-09-12T00:00:00.000Z,2026-04-28T00:00:00.000Z,228,TRUE,FALSE,
137880,233324,PURCHASE OF BOOKS,Normal/Others,Shri Sudheer Gupta ,Madhya Pradesh,MANDSOUR,NEEMUCH(District Collector Neemuch_IDA),Lok Sabha,100000,100000,0,1,0,2025-09-12T00:00:00.000Z,2026-04-28T00:00:00.000Z,228,TRUE,FALSE,
137881,233325,PURCHASE OF BOOKS,Normal/Others,Shri Sudheer Gupta ,Madhya Pradesh,MANDSOUR,NEEMUCH(District Collector Neemuch_IDA),Lok Sabha,100000,100000,0,1,0,2025-09-12T00:00:00.000Z,2026-04-28T00:00:00.000Z,228,TRUE,FALSE,
137882,233326,PURCHASE OF BOOKS,Normal/Others,Shri Sudheer Gupta ,Madhya Pradesh,MANDSOUR,NEEMUCH(District Collector Neemuch_IDA),Lok Sabha,100000,100000,0,1,0,2025-09-12T00:00:00.000Z,2026-04-28T00:00:00.000Z,228,TRUE,FALSE,
137883,233327,PURCHASE OF BOOKS,Normal/Others,Shri Sudheer Gupta ,Madhya Pradesh,MANDSOUR,NEEMUCH(District Collector Neemuch_IDA),Lok Sabha,100000,100000,0,1,0,2025-09-12T00:00:00.000Z,2026-04-28T00:00:00.000Z,228,TRUE,FALSE,
260465,260461,buying books for the school,Normal/Others,SUKHDEO BHAGAT,Jharkhand,LOHARDAGA,LOHARDAGA(DEPUTY COMMISSIONER LOHARDAGA_IDA),Lok Sabha,200000,200000,0,1,0,2026-01-20T00:00:00.000Z,2026-05-13T00:00:00.000Z,113,TRUE,FALSE,
260466,260462,buying books for the school,Normal/Others,SUKHDEO BHAGAT,Jharkhand,LOHARDAGA,LOHARDAGA(DEPUTY COMMISSIONER LOHARDAGA_IDA),Lok Sabha,200000,200000,0,1,0,2026-01-20T00:00:00.000Z,2026-05-13T00:00:00.000Z,113,TRUE,FALSE,
260468,260463,buying books for the school,Normal/Others,SUKHDEO BHAGAT,Jharkhand,LOHARDAGA,LOHARDAGA(DEPUTY COMMISSIONER LOHARDAGA_IDA),Lok Sabha,200000,200000,0,1,0,2026-01-20T00:00:00.000Z,2026-05-13T00:00:00.000Z,113,TRUE,FALSE,
260469,260464,buying books for the school,Normal/Others,SUKHDEO BHAGAT,Jharkhand,LOHARDAGA,LOHARDAGA(DEPUTY COMMISSIONER LOHARDAGA_IDA),Lok Sabha,200000,200000,0,1,0,2026-01-20T00:00:00.000Z,2026-05-13T00:00:00.000Z,113,TRUE,FALSE,
260470,260467,buying books for the school,Normal/Others,SUKHDEO BHAGAT,Jharkhand,LOHARDAGA,LOHARDAGA(DEPUTY COMMISSIONER LOHARDAGA_IDA),Lok Sabha,200000,200000,0,1,0,2026-01-20T00:00:00.000Z,2026-05-13T00:00:00.000Z,113,TRUE,FALSE,
260474,260471,buying books for the school,Normal/Others,SUKHDEO BHAGAT,Jharkhand,LOHARDAGA,LOHARDAGA(DEPUTY COMMISSIONER LOHARDAGA_IDA),Lok Sabha,200000,200000,0,1,0,2026-01-20T00:00:00.000Z,2026-05-13T00:00:00.000Z,113,TRUE,FALSE,
260475,260472,buying books for the school,Normal/Others,SUKHDEO BHAGAT,Jharkhand,LOHARDAGA,LOHARDAGA(DEPUTY COMMISSIONER LOHARDAGA_IDA),Lok Sabha,200000,200000,0,1,0,2026-01-20T00:00:00.000Z,2026-05-13T00:00:00.000Z,113,TRUE,FALSE,
260477,260473,buying books for the school,Normal/Others,SUKHDEO BHAGAT,Jharkhand,LOHARDAGA,LOHARDAGA(DEPUTY COMMISSIONER LOHARDAGA_IDA),Lok Sabha,200000,200000,0,1,0,2026-01-20T00:00:00.000Z,2026-05-13T00:00:00.000Z,113,TRUE,FALSE,
260479,260478,buying books for the school,Normal/Others,SUKHDEO BHAGAT,Jharkhand,LOHARDAGA,LOHARDAGA(DEPUTY COMMISSIONER LOHARDAGA_IDA),Lok Sabha,200000,200000,0,1,0,2026-01-20T00:00:00.000Z,2026-05-13T00:00:00.000Z,113,TRUE,FALSE,
260480,261414,buying books for the school,Normal/Others,SUKHDEO BHAGAT,Jharkhand,LOHARDAGA,LOHARDAGA(DEPUTY COMMISSIONER LOHARDAGA_IDA),Lok Sabha,200000,200000,0,1,0,2026-01-24T00:00:00.000Z,2026-05-13T00:00:00.000Z,109,TRUE,FALSE,
260481,261415,buying books for the school,Normal/Others,SUKHDEO BHAGAT,Jharkhand,LOHARDAGA,LOHARDAGA(DEPUTY COMMISSIONER LOHARDAGA_IDA),Lok Sabha,200000,200000,0,1,0,2026-01-24T00:00:00.000Z,2026-05-13T00:00:00.000Z,109,TRUE,FALSE,
260482,261416,buying books for the school,Normal/Others,SUKHDEO BHAGAT,Jharkhand,LOHARDAGA,LOHARDAGA(DEPUTY COMMISSIONER LOHARDAGA_IDA),Lok Sabha,200000,200000,0,1,0,2026-01-24T00:00:00.000Z,2026-05-13T00:00:00.000Z,109,TRUE,FALSE,
260483,261418,buying books for the school,Normal/Others,SUKHDEO BHAGAT,Jharkhand,LOHARDAGA,LOHARDAGA(DEPUTY COMMISSIONER LOHARDAGA_IDA),Lok Sabha,200000,200000,0,1,0,2026-01-24T00:00:00.000Z,2026-05-13T00:00:00.000Z,109,TRUE,FALSE,
260484,261419,buying books for the school,Normal/Others,SUKHDEO BHAGAT,Jharkhand,LOHARDAGA,LOHARDAGA(DEPUTY COMMISSIONER LOHARDAGA_IDA),Lok Sabha,200000,200000,0,1,0,2026-01-24T00:00:00.000Z,2026-05-13T00:00:00.000Z,109,TRUE,FALSE,
260485,261420,buying books for the school,Normal/Others,SUKHDEO BHAGAT,Jharkhand,LOHARDAGA,LOHARDAGA(DEPUTY COMMISSIONER LOHARDAGA_IDA),Lok Sabha,200000,200000,0,1,0,2026-01-24T00:00:00.000Z,2026-05-13T00:00:00.000Z,109,TRUE,FALSE,
260486,261421,buying books for the school,Normal/Others,SUKHDEO BHAGAT,Jharkhand,LOHARDAGA,LOHARDAGA(DEPUTY COMMISSIONER LOHARDAGA_IDA),Lok Sabha,200000,200000,0,1,0,2026-01-24T00:00:00.000Z,2026-05-15T00:00:00.000Z,111,TRUE,FALSE,
260487,261422,buying books for the school,Normal/Others,SUKHDEO BHAGAT,Jharkhand,LOHARDAGA,LOHARDAGA(DEPUTY COMMISSIONER LOHARDAGA_IDA),Lok Sabha,200000,200000,0,1,0,2026-01-24T00:00:00.000Z,2026-05-15T00:00:00.000Z,111,TRUE,FALSE,
260497,281378,buying books for the school,Normal/Others,SUKHDEO BHAGAT,Jharkhand,LOHARDAGA,LOHARDAGA(DEPUTY COMMISSIONER LOHARDAGA_IDA),Lok Sabha,400000,200000,-200000,0.5,-50,2026-05-18T00:00:00.000Z,2026-05-15T00:00:00.000Z,-3,TRUE,FALSE,
166562,166548,"Construction of Street in the Village, The working agency will be Gram Panchayat",Normal/Others,SUKHJINDER SINGH RANDHAWA,Punjab,GURDASPUR,GURDASPUR(DEPUTY COMMISSIONER GURDASPUR_IDA),Lok Sabha,500000,300000,-200000,0.6,-40,2025-02-05T00:00:00.000Z,2026-02-03T00:00:00.000Z,363,FALSE,FALSE,
166568,166549,"Construction of Street in the Village, The working agency will be Gram Panchayat",Normal/Others,SUKHJINDER SINGH RANDHAWA,Punjab,GURDASPUR,GURDASPUR(DEPUTY COMMISSIONER GURDASPUR_IDA),Lok Sabha,200000,500000,300000,2.5,150,2025-02-05T00:00:00.000Z,2026-02-03T00:00:00.000Z,363,FALSE,FALSE,
97909,90533,Construction of CC Road,Normal/Others,Smt. Sumitra Balmik (2022-28),Madhya Pradesh,Sitting Rajya Sabha,SHAJAPUR(District Collector Shajapur_IDA),Rajya Sabha,1000000,1499000,499000,1.499,49.9,2024-01-28T00:00:00.000Z,2025-11-06T00:00:00.000Z,648,TRUE,FALSE,
111873,529,Construction of CC Road,,Smt. Sumitra Balmik (2022-28),Madhya Pradesh,Sitting Rajya Sabha,AGRA(DISTRICT MAGISTRAE AGRA_IDA),Rajya Sabha,2498206,2498206,0,1,0,2024-02-09T00:00:00.000Z,2026-01-30T00:00:00.000Z,721,TRUE,TRUE,
97887,102047,Construction of CC Road,Normal/Others,Smt. Sumitra Balmik (2022-28),Madhya Pradesh,Sitting Rajya Sabha,JABALPUR(DISTRICT COLLECTOR JABALPUR_IDA),Rajya Sabha,1300000,225000,-1075000,0.1731,-82.69,2024-02-09T00:00:00.000Z,2026-04-14T00:00:00.000Z,795,TRUE,FALSE,
97894,107998,Construction of CC Road,Normal/Others,Smt. Sumitra Balmik (2022-28),Madhya Pradesh,Sitting Rajya Sabha,JABALPUR(DISTRICT COLLECTOR JABALPUR_IDA),Rajya Sabha,1000000,176000,-824000,0.176,-82.4,2024-02-18T00:00:00.000Z,2026-04-14T00:00:00.000Z,786,TRUE,FALSE,
97895,108004,Construction of CC Road,Normal/Others,Smt. Sumitra Balmik (2022-28),Madhya Pradesh,Sitting Rajya Sabha,JABALPUR(DISTRICT COLLECTOR JABALPUR_IDA),Rajya Sabha,1000000,229000,-771000,0.229,-77.1,2024-02-18T00:00:00.000Z,2026-04-14T00:00:00.000Z,786,TRUE,FALSE,
90552,108007,Construction of Culvert,Normal/Others,Smt. Sumitra Balmik (2022-28),Madhya Pradesh,Sitting Rajya Sabha,KATNI(District Collector Katni_IDA),Rajya Sabha,1000000,1500000,500000,1.5,50,2024-02-18T00:00:00.000Z,2026-01-06T00:00:00.000Z,688,TRUE,FALSE,
228718,228720,Brick Soaling and Construction of PCC road,Normal/Others,SURENDRA PRASAD YADAV,Bihar,JAHANABAD,ARWAL(District Planning Officer Arwal_IDA),Lok Sabha,200000,296684,96684,1.4834,48.34,2025-08-24T00:00:00.000Z,2025-12-17T00:00:00.000Z,115,TRUE,FALSE,
228671,228663,Handpump,Normal/Others,SURENDRA PRASAD YADAV,Bihar,JAHANABAD,ARWAL(District Planning Officer Arwal_IDA),Lok Sabha,75000,74206,-794,0.9894,-1.06,2025-08-24T00:00:00.000Z,2026-01-15T00:00:00.000Z,144,TRUE,FALSE,
228679,228664,Handpump,Normal/Others,SURENDRA PRASAD YADAV,Bihar,JAHANABAD,ARWAL(District Planning Officer Arwal_IDA),Lok Sabha,75000,74206,-794,0.9894,-1.06,2025-08-24T00:00:00.000Z,2026-01-19T00:00:00.000Z,148,TRUE,FALSE,
228683,228665,Handpump,Normal/Others,SURENDRA PRASAD YADAV,Bihar,JAHANABAD,ARWAL(District Planning Officer Arwal_IDA),Lok Sabha,75000,74206,-794,0.9894,-1.06,2025-08-24T00:00:00.000Z,2026-01-19T00:00:00.000Z,148,TRUE,FALSE,
228690,228666,Handpump,Normal/Others,SURENDRA PRASAD YADAV,Bihar,JAHANABAD,ARWAL(District Planning Officer Arwal_IDA),Lok Sabha,75000,74206,-794,0.9894,-1.06,2025-08-24T00:00:00.000Z,2026-01-19T00:00:00.000Z,148,TRUE,FALSE,
228676,228669,Handpump,Normal/Others,SURENDRA PRASAD YADAV,Bihar,JAHANABAD,ARWAL(District Planning Officer Arwal_IDA),Lok Sabha,75000,74206,-794,0.9894,-1.06,2025-08-24T00:00:00.000Z,2026-01-20T00:00:00.000Z,149,TRUE,FALSE,
228684,228670,Handpump,Normal/Others,SURENDRA PRASAD YADAV,Bihar,JAHANABAD,ARWAL(District Planning Officer Arwal_IDA),Lok Sabha,75000,74206,-794,0.9894,-1.06,2025-08-24T00:00:00.000Z,2026-01-20T00:00:00.000Z,149,TRUE,FALSE,
228668,228673,Handpump,Normal/Others,SURENDRA PRASAD YADAV,Bihar,JAHANABAD,ARWAL(District Planning Officer Arwal_IDA),Lok Sabha,75000,73706,-1294,0.9827,-1.73,2025-08-24T00:00:00.000Z,2026-02-23T00:00:00.000Z,183,TRUE,FALSE,
228675,228677,Handpump,Normal/Others,SURENDRA PRASAD YADAV,Bihar,JAHANABAD,ARWAL(District Planning Officer Arwal_IDA),Lok Sabha,75000,73706,-1294,0.9827,-1.73,2025-08-24T00:00:00.000Z,2026-02-23T00:00:00.000Z,183,TRUE,FALSE,
228685,228678,Handpump,Normal/Others,SURENDRA PRASAD YADAV,Bihar,JAHANABAD,ARWAL(District Planning Officer Arwal_IDA),Lok Sabha,75000,73706,-1294,0.9827,-1.73,2025-08-24T00:00:00.000Z,2026-02-23T00:00:00.000Z,183,TRUE,FALSE,
228687,228682,Handpump,Normal/Others,SURENDRA PRASAD YADAV,Bihar,JAHANABAD,ARWAL(District Planning Officer Arwal_IDA),Lok Sabha,75000,73706,-1294,0.9827,-1.73,2025-08-24T00:00:00.000Z,2026-02-23T00:00:00.000Z,183,TRUE,FALSE,
228686,228689,Handpump,Normal/Others,SURENDRA PRASAD YADAV,Bihar,JAHANABAD,ARWAL(District Planning Officer Arwal_IDA),Lok Sabha,75000,73706,-1294,0.9827,-1.73,2025-08-24T00:00:00.000Z,2026-02-27T00:00:00.000Z,187,TRUE,FALSE,
228674,228738,Handpump,Normal/Others,SURENDRA PRASAD YADAV,Bihar,JAHANABAD,ARWAL(District Planning Officer Arwal_IDA),Lok Sabha,70000,74206,4206,1.0601,6.01,2025-08-24T00:00:00.000Z,2026-03-10T00:00:00.000Z,198,TRUE,FALSE,
228680,228739,Handpump,Normal/Others,SURENDRA PRASAD YADAV,Bihar,JAHANABAD,ARWAL(District Planning Officer Arwal_IDA),Lok Sabha,70000,74206,4206,1.0601,6.01,2025-08-24T00:00:00.000Z,2026-03-11T00:00:00.000Z,199,TRUE,FALSE,
228667,228740,Handpump,Normal/Others,SURENDRA PRASAD YADAV,Bihar,JAHANABAD,ARWAL(District Planning Officer Arwal_IDA),Lok Sabha,70000,74206,4206,1.0601,6.01,2025-08-24T00:00:00.000Z,2026-04-01T00:00:00.000Z,220,TRUE,FALSE,
238665,238664,Installing of Hand Pumps,Normal/Others,SURENDRA PRASAD YADAV,Bihar,JAHANABAD,ARWAL(District Planning Officer Arwal_IDA),Lok Sabha,75000,74883,-117,0.9984,-0.16,2025-09-27T00:00:00.000Z,2026-01-10T00:00:00.000Z,105,TRUE,FALSE,
238666,238680,Installing of Hand Pumps,Normal/Others,SURENDRA PRASAD YADAV,Bihar,JAHANABAD,ARWAL(District Planning Officer Arwal_IDA),Lok Sabha,75000,74883,-117,0.9984,-0.16,2025-09-27T00:00:00.000Z,2026-01-10T00:00:00.000Z,105,TRUE,FALSE,
238683,238681,Installing of Hand Pumps,Normal/Others,SURENDRA PRASAD YADAV,Bihar,JAHANABAD,ARWAL(District Planning Officer Arwal_IDA),Lok Sabha,75000,74883,-117,0.9984,-0.16,2025-09-27T00:00:00.000Z,2026-01-20T00:00:00.000Z,115,TRUE,FALSE,
238676,238674,Installing of Hand Pumps at locations mentioned in the attached letter,Normal/Others,SURENDRA PRASAD YADAV,Bihar,JAHANABAD,ARWAL(District Planning Officer Arwal_IDA),Lok Sabha,75000,74883,-117,0.9984,-0.16,2025-09-27T00:00:00.000Z,2026-01-10T00:00:00.000Z,105,TRUE,FALSE,
238673,238677,Installing of Hand Pumps at locations mentioned in the attached letter,Normal/Others,SURENDRA PRASAD YADAV,Bihar,JAHANABAD,ARWAL(District Planning Officer Arwal_IDA),Lok Sabha,75000,74883,-117,0.9984,-0.16,2025-09-27T00:00:00.000Z,2026-01-11T00:00:00.000Z,106,TRUE,FALSE,
186775,1214,Shri Krishnayan gaurakshashala sabal garh (Bhaguwala) Bijnor me Teen Shed nirman hetu.,Normal/Others,Swami Sachchidanandhari Sakshi ji Maharaj ,Uttar Pradesh,UNNAO,BIJNOR(DISTRICT MAGISTRATE BIJNOR_IDA),Lok Sabha,4997529,4997529,0,1,0,2025-03-26T00:00:00.000Z,2026-03-23T00:00:00.000Z,362,TRUE,TRUE,
162108,1002,Construction of Bathroom and Toilet at Mahila Madal Centre of Padla Village.,Normal/Others,Dr. Syed Naseer Hussain (2024-30),Karnataka,Sitting Rajya Sabha,KAITHAL(DC CUM NODAL OFFICERS MPLADS),Rajya Sabha,400000,178008,-221992,0.445,-55.5,2024-12-28T00:00:00.000Z,2025-12-29T00:00:00.000Z,366,FALSE,FALSE,
162103,1001,Construction of Bathroom and Toilet at Rajput Patti Chaupal of Padla Village.,Normal/Others,Dr. Syed Naseer Hussain (2024-30),Karnataka,Sitting Rajya Sabha,KAITHAL(DC CUM NODAL OFFICERS MPLADS),Rajya Sabha,200000,112075,-87925,0.5604,-43.96,2024-12-28T00:00:00.000Z,2025-12-29T00:00:00.000Z,366,FALSE,FALSE,
162099,999,Construction of Bathroom and Toilet at Ravidasia Chaupal.,Normal/Others,Dr. Syed Naseer Hussain (2024-30),Karnataka,Sitting Rajya Sabha,KAITHAL(DC CUM NODAL OFFICERS MPLADS),Rajya Sabha,200000,142176,-57824,0.7109,-28.91,2024-12-28T00:00:00.000Z,2026-02-03T00:00:00.000Z,402,FALSE,FALSE,
174862,174866,cc road and nali,Normal/Others,TANUJ PUNIA,Uttar Pradesh,BARABANKI,Bara Banki(DISTRICT MAGISTRATE BARABANKI_IDA),Lok Sabha,479000,1848647,1369647,3.8594,285.94,2025-02-10T00:00:00.000Z,2025-11-22T00:00:00.000Z,285,FALSE,FALSE,
174855,174859,road and nali,Normal/Others,TANUJ PUNIA,Uttar Pradesh,BARABANKI,Bara Banki(DISTRICT MAGISTRATE BARABANKI_IDA),Lok Sabha,2383000,448988,-1934012,0.1884,-81.16,2025-02-10T00:00:00.000Z,2025-09-24T00:00:00.000Z,226,FALSE,FALSE,
140993,834,C/o Foot track at Hippo Village in Lower Siang District,Normal/Others,Shri Tapir Gao,Arunachal Pradesh,ARUNACHAL EAST,LOWER SIANG(Deputy Commisioner Lower Siang_IDA),Lok Sabha,800000,800000,0,1,0,2024-09-15T00:00:00.000Z,2025-03-17T00:00:00.000Z,183,TRUE,TRUE,
226024,1506,Construction of CC Step at Mane Village in Lower Siang District,Normal/Others,Shri Tapir Gao,Arunachal Pradesh,ARUNACHAL EAST,LOWER SIANG(Deputy Commisioner Lower Siang_IDA),Lok Sabha,500000,500000,0,1,0,2025-08-09T00:00:00.000Z,2025-11-17T00:00:00.000Z,100,TRUE,TRUE,
226023,1505,Flood control work at Siju stream Soi-Koro at Kakki Village in Lower Siang District,Normal/Others,Shri Tapir Gao,Arunachal Pradesh,ARUNACHAL EAST,LOWER SIANG(Deputy Commisioner Lower Siang_IDA),Lok Sabha,1000000,1000000,0,1,0,2025-08-09T00:00:00.000Z,2025-11-17T00:00:00.000Z,100,TRUE,TRUE,
157308,931,Maintenance of Community Hall at Tabi Ripo in Lower Siang District,Repair and Renovation,Shri Tapir Gao,Arunachal Pradesh,ARUNACHAL EAST,LOWER SIANG(Deputy Commisioner Lower Siang_IDA),Lok Sabha,1000000,1000000,0,1,0,2024-12-07T00:00:00.000Z,2025-03-17T00:00:00.000Z,100,TRUE,TRUE,
219001,219000,Purchase and installation of 16 meter high electric powered high mast LED lights,Normal/Others,TARIQ ANWAR,Bihar,KATIHAR,KATIHAR(DISTRICT PLANNING OFFICER KATIHAR_IDA),Lok Sabha,970000,965000,-5000,0.9948,-0.52,2025-07-16T00:00:00.000Z,2026-01-09T00:00:00.000Z,177,TRUE,FALSE,
219002,219135,Purchase and installation of 16 meter high electric powered high mast LED lights,Normal/Others,TARIQ ANWAR,Bihar,KATIHAR,KATIHAR(DISTRICT PLANNING OFFICER KATIHAR_IDA),Lok Sabha,970000,965000,-5000,0.9948,-0.52,2025-07-16T00:00:00.000Z,2026-01-09T00:00:00.000Z,177,TRUE,FALSE,
219003,219145,Purchase and installation of 16 meter high electric powered high mast LED lights,Normal/Others,TARIQ ANWAR,Bihar,KATIHAR,KATIHAR(DISTRICT PLANNING OFFICER KATIHAR_IDA),Lok Sabha,970000,965000,-5000,0.9948,-0.52,2025-07-16T00:00:00.000Z,2026-01-09T00:00:00.000Z,177,TRUE,FALSE,
219131,219160,Purchase and installation of 16 meter high electric powered high mast LED lights,Normal/Others,TARIQ ANWAR,Bihar,KATIHAR,KATIHAR(DISTRICT PLANNING OFFICER KATIHAR_IDA),Lok Sabha,970000,965000,-5000,0.9948,-0.52,2025-07-16T00:00:00.000Z,2026-01-09T00:00:00.000Z,177,TRUE,FALSE,
219132,219165,Purchase and installation of 16 meter high electric powered high mast LED lights,Normal/Others,TARIQ ANWAR,Bihar,KATIHAR,KATIHAR(DISTRICT PLANNING OFFICER KATIHAR_IDA),Lok Sabha,970000,965000,-5000,0.9948,-0.52,2025-07-16T00:00:00.000Z,2026-01-09T00:00:00.000Z,177,TRUE,FALSE,
219156,239438,Purchase and installation of 16 meter high electric powered high mast LED lights,Normal/Others,TARIQ ANWAR,Bihar,KATIHAR,KATIHAR(DISTRICT PLANNING OFFICER KATIHAR_IDA),Lok Sabha,970000,965000,-5000,0.9948,-0.52,2025-10-02T00:00:00.000Z,2026-01-09T00:00:00.000Z,99,TRUE,FALSE,
219157,239440,Purchase and installation of 16 meter high electric powered high mast LED lights,Normal/Others,TARIQ ANWAR,Bihar,KATIHAR,KATIHAR(DISTRICT PLANNING OFFICER KATIHAR_IDA),Lok Sabha,970000,965000,-5000,0.9948,-0.52,2025-10-02T00:00:00.000Z,2026-01-09T00:00:00.000Z,99,TRUE,FALSE,
219158,239441,Purchase and installation of 16 meter high electric powered high mast LED lights,Normal/Others,TARIQ ANWAR,Bihar,KATIHAR,KATIHAR(DISTRICT PLANNING OFFICER KATIHAR_IDA),Lok Sabha,970000,965000,-5000,0.9948,-0.52,2025-10-02T00:00:00.000Z,2026-01-09T00:00:00.000Z,99,TRUE,FALSE,
219159,239442,Purchase and installation of 16 meter high electric powered high mast LED lights,Normal/Others,TARIQ ANWAR,Bihar,KATIHAR,KATIHAR(DISTRICT PLANNING OFFICER KATIHAR_IDA),Lok Sabha,970000,965000,-5000,0.9948,-0.52,2025-10-02T00:00:00.000Z,2026-01-09T00:00:00.000Z,99,TRUE,FALSE,
219161,239447,Purchase and installation of 16 meter high electric powered high mast LED lights,Normal/Others,TARIQ ANWAR,Bihar,KATIHAR,KATIHAR(DISTRICT PLANNING OFFICER KATIHAR_IDA),Lok Sabha,970000,965000,-5000,0.9948,-0.52,2025-10-02T00:00:00.000Z,2026-01-09T00:00:00.000Z,99,TRUE,FALSE,
219162,239448,Purchase and installation of 16 meter high electric powered high mast LED lights,Normal/Others,TARIQ ANWAR,Bihar,KATIHAR,KATIHAR(DISTRICT PLANNING OFFICER KATIHAR_IDA),Lok Sabha,970000,965000,-5000,0.9948,-0.52,2025-10-02T00:00:00.000Z,2026-01-09T00:00:00.000Z,99,TRUE,FALSE,
219142,239452,Purchase and installation of 16 meter high electric powered high mast LED lights,Normal/Others,TARIQ ANWAR,Bihar,KATIHAR,KATIHAR(DISTRICT PLANNING OFFICER KATIHAR_IDA),Lok Sabha,970000,965000,-5000,0.9948,-0.52,2025-10-02T00:00:00.000Z,2026-02-02T00:00:00.000Z,123,TRUE,FALSE,
219143,239453,Purchase and installation of 16 meter high electric powered high mast LED lights,Normal/Others,TARIQ ANWAR,Bihar,KATIHAR,KATIHAR(DISTRICT PLANNING OFFICER KATIHAR_IDA),Lok Sabha,970000,965000,-5000,0.9948,-0.52,2025-10-02T00:00:00.000Z,2026-02-02T00:00:00.000Z,123,TRUE,FALSE,
219144,239457,Purchase and installation of 16 meter high electric powered high mast LED lights,Normal/Others,TARIQ ANWAR,Bihar,KATIHAR,KATIHAR(DISTRICT PLANNING OFFICER KATIHAR_IDA),Lok Sabha,970000,965000,-5000,0.9948,-0.52,2025-10-02T00:00:00.000Z,2026-02-02T00:00:00.000Z,123,TRUE,FALSE,
219148,239458,Purchase and installation of 16 meter high electric powered high mast LED lights,Normal/Others,TARIQ ANWAR,Bihar,KATIHAR,KATIHAR(DISTRICT PLANNING OFFICER KATIHAR_IDA),Lok Sabha,970000,965000,-5000,0.9948,-0.52,2025-10-02T00:00:00.000Z,2026-02-02T00:00:00.000Z,123,TRUE,FALSE,
219150,239462,Purchase and installation of 16 meter high electric powered high mast LED lights,Normal/Others,TARIQ ANWAR,Bihar,KATIHAR,KATIHAR(DISTRICT PLANNING OFFICER KATIHAR_IDA),Lok Sabha,970000,965000,-5000,0.9948,-0.52,2025-10-02T00:00:00.000Z,2026-02-02T00:00:00.000Z,123,TRUE,FALSE,
219153,239463,Purchase and installation of 16 meter high electric powered high mast LED lights,Normal/Others,TARIQ ANWAR,Bihar,KATIHAR,KATIHAR(DISTRICT PLANNING OFFICER KATIHAR_IDA),Lok Sabha,970000,965000,-5000,0.9948,-0.52,2025-10-02T00:00:00.000Z,2026-02-02T00:00:00.000Z,123,TRUE,FALSE,
219154,239464,Purchase and installation of 16 meter high electric powered high mast LED lights,Normal/Others,TARIQ ANWAR,Bihar,KATIHAR,KATIHAR(DISTRICT PLANNING OFFICER KATIHAR_IDA),Lok Sabha,970000,965000,-5000,0.9948,-0.52,2025-10-02T00:00:00.000Z,2026-02-02T00:00:00.000Z,123,TRUE,FALSE,
219155,239467,Purchase and installation of 16 meter high electric powered high mast LED lights,Normal/Others,TARIQ ANWAR,Bihar,KATIHAR,KATIHAR(DISTRICT PLANNING OFFICER KATIHAR_IDA),Lok Sabha,970000,965000,-5000,0.9948,-0.52,2025-10-02T00:00:00.000Z,2026-02-02T00:00:00.000Z,123,TRUE,FALSE,
219133,239468,Purchase and installation of 16 meter high electric powered high mast LED lights,Normal/Others,TARIQ ANWAR,Bihar,KATIHAR,KATIHAR(DISTRICT PLANNING OFFICER KATIHAR_IDA),Lok Sabha,970000,965000,-5000,0.9948,-0.52,2025-10-02T00:00:00.000Z,2026-05-09T00:00:00.000Z,219,TRUE,FALSE,
219136,239469,Purchase and installation of 16 meter high electric powered high mast LED lights,Normal/Others,TARIQ ANWAR,Bihar,KATIHAR,KATIHAR(DISTRICT PLANNING OFFICER KATIHAR_IDA),Lok Sabha,970000,965000,-5000,0.9948,-0.52,2025-10-02T00:00:00.000Z,2026-05-09T00:00:00.000Z,219,TRUE,FALSE,
151520,246207,Construction of an Anganwadi Building.,Normal/Others,Thalikkottai Rajuthevar Baalu,Tamil Nadu,SRIPERUMBUDUR,Kancheepuram(DISTRICT COLLECTOR KANCHEEPURAM_IDA),Lok Sabha,1725000,1549631,-175369,0.8983,-10.17,2025-11-26T00:00:00.000Z,2025-09-02T00:00:00.000Z,-85,TRUE,FALSE,
182602,241457,Providing 1 Nos Mini Highmast Light.,Normal/Others,Thalikkottai Rajuthevar Baalu,Tamil Nadu,SRIPERUMBUDUR,CHENGALPATTU(District Collector Chengalpattu_IDA),Lok Sabha,400000,398840,-1160,0.9971,-0.29,2025-11-05T00:00:00.000Z,2025-11-13T00:00:00.000Z,8,TRUE,FALSE,
182603,241458,Providing 1 Nos Mini Highmast Light.,Normal/Others,Thalikkottai Rajuthevar Baalu,Tamil Nadu,SRIPERUMBUDUR,CHENGALPATTU(District Collector Chengalpattu_IDA),Lok Sabha,400000,398840,-1160,0.9971,-0.29,2025-11-05T00:00:00.000Z,2025-11-13T00:00:00.000Z,8,TRUE,FALSE,
182604,241459,Providing 1 Nos Mini Highmast Light.,Normal/Others,Thalikkottai Rajuthevar Baalu,Tamil Nadu,SRIPERUMBUDUR,CHENGALPATTU(District Collector Chengalpattu_IDA),Lok Sabha,400000,398840,-1160,0.9971,-0.29,2025-11-05T00:00:00.000Z,2025-11-13T00:00:00.000Z,8,TRUE,FALSE,
182605,241460,Providing 1 Nos Mini Highmast Light.,Normal/Others,Thalikkottai Rajuthevar Baalu,Tamil Nadu,SRIPERUMBUDUR,CHENGALPATTU(District Collector Chengalpattu_IDA),Lok Sabha,400000,398840,-1160,0.9971,-0.29,2025-11-05T00:00:00.000Z,2025-11-13T00:00:00.000Z,8,TRUE,FALSE,
182606,241461,Providing 1 Nos Mini Highmast Light.,Normal/Others,Thalikkottai Rajuthevar Baalu,Tamil Nadu,SRIPERUMBUDUR,CHENGALPATTU(District Collector Chengalpattu_IDA),Lok Sabha,400000,398840,-1160,0.9971,-0.29,2025-11-05T00:00:00.000Z,2025-11-13T00:00:00.000Z,8,TRUE,FALSE,
182607,241462,Providing 1 Nos Mini Highmast Light.,Normal/Others,Thalikkottai Rajuthevar Baalu,Tamil Nadu,SRIPERUMBUDUR,CHENGALPATTU(District Collector Chengalpattu_IDA),Lok Sabha,400000,398840,-1160,0.9971,-0.29,2025-11-05T00:00:00.000Z,2025-11-13T00:00:00.000Z,8,TRUE,FALSE,
182608,241463,Providing 1 Nos Mini Highmast Light.,Normal/Others,Thalikkottai Rajuthevar Baalu,Tamil Nadu,SRIPERUMBUDUR,CHENGALPATTU(District Collector Chengalpattu_IDA),Lok Sabha,400000,398840,-1160,0.9971,-0.29,2025-11-05T00:00:00.000Z,2025-11-13T00:00:00.000Z,8,FALSE,FALSE,
182599,241464,Providing 1 Nos Mini Highmast Light.,Normal/Others,Thalikkottai Rajuthevar Baalu,Tamil Nadu,SRIPERUMBUDUR,CHENGALPATTU(District Collector Chengalpattu_IDA),Lok Sabha,400000,527532,127532,1.3188,31.88,2025-11-05T00:00:00.000Z,2026-02-10T00:00:00.000Z,97,TRUE,FALSE,
182600,241465,Providing 1 Nos Mini Highmast Light.,Normal/Others,Thalikkottai Rajuthevar Baalu,Tamil Nadu,SRIPERUMBUDUR,CHENGALPATTU(District Collector Chengalpattu_IDA),Lok Sabha,400000,411600,11600,1.029,2.9,2025-11-05T00:00:00.000Z,2026-02-10T00:00:00.000Z,97,TRUE,FALSE,
182601,241466,Providing 1 Nos Mini Highmast Light.,Normal/Others,Thalikkottai Rajuthevar Baalu,Tamil Nadu,SRIPERUMBUDUR,CHENGALPATTU(District Collector Chengalpattu_IDA),Lok Sabha,400000,518062,118062,1.2952,29.52,2025-11-05T00:00:00.000Z,2026-08-21T00:00:00.000Z,289,TRUE,FALSE,
163648,163647,Construction of new Bus shed,Normal/Others,THANGA TAMILSELVAN,Tamil Nadu,THENI,MADURAI(DISTRICT COLLECTOR MADURAI_IDA),Lok Sabha,1000000,998525,-1475,0.9985,-0.15,2025-01-05T00:00:00.000Z,2025-10-27T00:00:00.000Z,295,TRUE,FALSE,
161845,210970,Construction of new bus shed,Normal/Others,THANGA TAMILSELVAN,Tamil Nadu,THENI,MADURAI(DISTRICT COLLECTOR MADURAI_IDA),Lok Sabha,800000,999390,199390,1.2492,24.92,2025-06-21T00:00:00.000Z,2026-01-21T00:00:00.000Z,214,TRUE,FALSE,
161794,210971,Construction of new Bus Shed,Normal/Others,THANGA TAMILSELVAN,Tamil Nadu,THENI,MADURAI(DISTRICT COLLECTOR MADURAI_IDA),Lok Sabha,800000,1000000,200000,1.25,25,2025-06-21T00:00:00.000Z,2026-05-04T00:00:00.000Z,317,FALSE,FALSE,
210957,210956,Construction of new Community hall in Perungamanallur Village,Normal/Others,THANGA TAMILSELVAN,Tamil Nadu,THENI,MADURAI(DISTRICT COLLECTOR MADURAI_IDA),Lok Sabha,1200000,398746,-801254,0.3323,-66.77,2025-06-21T00:00:00.000Z,2026-04-10T00:00:00.000Z,293,TRUE,FALSE,
169907,169908,Setting up new High Voltage lamp post,Normal/Others,THANGA TAMILSELVAN,Tamil Nadu,THENI,THENI(District Collector Theni_5),Lok Sabha,350000,345925,-4075,0.9884,-1.16,2025-01-29T00:00:00.000Z,2026-02-02T00:00:00.000Z,369,TRUE,FALSE,
171252,171254,Setting up new high voltage light lamp post,Normal/Others,THANGA TAMILSELVAN,Tamil Nadu,THENI,THENI(District Collector Theni_5),Lok Sabha,350000,348550,-1450,0.9959,-0.41,2025-02-01T00:00:00.000Z,2026-03-16T00:00:00.000Z,408,TRUE,FALSE,
191344,191340,AS PER ATTECHMENT,Normal/Others,UMMEDA RAM BENIWAL,Rajasthan,BARMER,BARMER(DISTRICT COLLECTOR BARMER_IDA),Lok Sabha,450000,450000,0,1,0,2025-05-12T00:00:00.000Z,2025-11-11T00:00:00.000Z,183,TRUE,FALSE,
201201,198875,As Per Attechment,Normal/Others,UMMEDA RAM BENIWAL,Rajasthan,BARMER,Balotra(DISTRICT COLLECTOR Balotra_IDA),Lok Sabha,300000,450000,150000,1.5,50,2025-05-12T00:00:00.000Z,2025-11-12T00:00:00.000Z,184,FALSE,FALSE,
191342,201200,AS PER ATTECHMENT,Normal/Others,UMMEDA RAM BENIWAL,Rajasthan,BARMER,BARMER(DISTRICT COLLECTOR BARMER_IDA),Lok Sabha,2000000,450000,-1550000,0.225,-77.5,2025-06-07T00:00:00.000Z,2025-11-17T00:00:00.000Z,163,TRUE,FALSE,
191343,204801,AS PER ATTECHMENT,Normal/Others,UMMEDA RAM BENIWAL,Rajasthan,BARMER,BARMER(DISTRICT COLLECTOR BARMER_IDA),Lok Sabha,450000,450000,0,1,0,2025-06-07T00:00:00.000Z,2025-11-21T00:00:00.000Z,167,TRUE,FALSE,
209821,204864,As per Attechment,Normal/Others,UMMEDA RAM BENIWAL,Rajasthan,BARMER,BARMER(DISTRICT COLLECTOR BARMER_IDA),Lok Sabha,450000,598429,148429,1.3298,32.98,2025-06-07T00:00:00.000Z,2025-11-24T00:00:00.000Z,170,TRUE,FALSE,
192383,206636,AS PER ATTECHMENT,Normal/Others,UMMEDA RAM BENIWAL,Rajasthan,BARMER,Balotra(DISTRICT COLLECTOR Balotra_IDA),Lok Sabha,450000,600000,150000,1.3333,33.33,2025-06-07T00:00:00.000Z,2025-11-27T00:00:00.000Z,173,TRUE,FALSE,
191350,209813,AS PER ATTECHMENT,Normal/Others,UMMEDA RAM BENIWAL,Rajasthan,BARMER,BARMER(DISTRICT COLLECTOR BARMER_IDA),Lok Sabha,420000,450000,30000,1.0714,7.14,2025-07-30T00:00:00.000Z,2026-01-09T00:00:00.000Z,163,TRUE,FALSE,
192380,209815,AS PER ATTECHMENT,Normal/Others,UMMEDA RAM BENIWAL,Rajasthan,BARMER,BARMER(DISTRICT COLLECTOR BARMER_IDA),Lok Sabha,600000,450000,-150000,0.75,-25,2025-07-30T00:00:00.000Z,2026-01-09T00:00:00.000Z,163,TRUE,FALSE,
204804,209823,As per Attechment,Normal/Others,UMMEDA RAM BENIWAL,Rajasthan,BARMER,Balotra(DISTRICT COLLECTOR Balotra_IDA),Lok Sabha,500000,450000,-50000,0.9,-10,2025-07-30T00:00:00.000Z,2026-02-03T00:00:00.000Z,188,FALSE,FALSE,
227180,225222,As Per Attechment,Normal/Others,UMMEDA RAM BENIWAL,Rajasthan,BARMER,Balotra(DISTRICT COLLECTOR Balotra_IDA),Lok Sabha,700000,999775,299775,1.4282,42.82,2025-10-17T00:00:00.000Z,2026-02-03T00:00:00.000Z,109,TRUE,FALSE,
239549,228476,As Per Attechment,Normal/Others,UMMEDA RAM BENIWAL,Rajasthan,BARMER,BARMER(DISTRICT COLLECTOR BARMER_IDA),Lok Sabha,500000,599896,99896,1.1998,19.98,2025-10-17T00:00:00.000Z,2026-02-03T00:00:00.000Z,109,TRUE,FALSE,
191330,229989,AS PER ATTECHMENT,Normal/Others,UMMEDA RAM BENIWAL,Rajasthan,BARMER,BARMER(DISTRICT COLLECTOR BARMER_IDA),Lok Sabha,2000000,440400,-1559600,0.2202,-77.98,2025-10-17T00:00:00.000Z,2026-02-19T00:00:00.000Z,125,TRUE,FALSE,
191332,230807,AS PER ATTECHMENT,Normal/Others,UMMEDA RAM BENIWAL,Rajasthan,BARMER,BARMER(DISTRICT COLLECTOR BARMER_IDA),Lok Sabha,300000,440400,140400,1.468,46.8,2025-10-17T00:00:00.000Z,2026-02-19T00:00:00.000Z,125,TRUE,FALSE,
201203,230808,As Per Attechment,Normal/Others,UMMEDA RAM BENIWAL,Rajasthan,BARMER,BARMER(DISTRICT COLLECTOR BARMER_IDA),Lok Sabha,421000,440400,19400,1.0461,4.61,2025-10-17T00:00:00.000Z,2026-02-19T00:00:00.000Z,125,TRUE,FALSE,
233812,230962,As Per Attechment,Normal/Others,UMMEDA RAM BENIWAL,Rajasthan,BARMER,Balotra(DISTRICT COLLECTOR Balotra_IDA),Lok Sabha,800000,750000,-50000,0.9375,-6.25,2025-10-17T00:00:00.000Z,2026-03-13T00:00:00.000Z,147,TRUE,FALSE,
198874,230967,As Per Attechment,Normal/Others,UMMEDA RAM BENIWAL,Rajasthan,BARMER,BARMER(DISTRICT COLLECTOR BARMER_IDA),Lok Sabha,1200000,300000,-900000,0.25,-75,2025-10-17T00:00:00.000Z,2026-03-25T00:00:00.000Z,159,TRUE,TRUE,
225226,230970,As Per Attechment,Normal/Others,UMMEDA RAM BENIWAL,Rajasthan,BARMER,JAISALMER(DISTRICT COLLECTOR JAISLAMER_IDA),Lok Sabha,450000,999869,549869,2.2219,122.19,2025-10-17T00:00:00.000Z,2026-03-25T00:00:00.000Z,159,FALSE,FALSE,
233817,230973,As Per Attechment,Normal/Others,UMMEDA RAM BENIWAL,Rajasthan,BARMER,Balotra(DISTRICT COLLECTOR Balotra_IDA),Lok Sabha,600000,600000,0,1,0,2025-10-17T00:00:00.000Z,2026-04-06T00:00:00.000Z,171,TRUE,FALSE,
225223,230975,As Per Attechment,Normal/Others,UMMEDA RAM BENIWAL,Rajasthan,BARMER,Balotra(DISTRICT COLLECTOR Balotra_IDA),Lok Sabha,600000,599064,-936,0.9984,-0.16,2025-10-17T00:00:00.000Z,2026-04-08T00:00:00.000Z,173,TRUE,FALSE,
191331,231433,AS PER ATTECHMENT,Normal/Others,UMMEDA RAM BENIWAL,Rajasthan,BARMER,BARMER(DISTRICT COLLECTOR BARMER_IDA),Lok Sabha,500000,432600,-67400,0.8652,-13.48,2025-10-17T00:00:00.000Z,2026-04-09T00:00:00.000Z,174,TRUE,FALSE,
239397,232322,As Per Attechment,Normal/Others,UMMEDA RAM BENIWAL,Rajasthan,BARMER,BARMER(DISTRICT COLLECTOR BARMER_IDA),Lok Sabha,1200000,891000,-309000,0.7425,-25.75,2025-10-17T00:00:00.000Z,2026-04-24T00:00:00.000Z,189,TRUE,FALSE,
239400,233250,As Per Attechment,Normal/Others,UMMEDA RAM BENIWAL,Rajasthan,BARMER,BARMER(DISTRICT COLLECTOR BARMER_IDA),Lok Sabha,1000000,596458,-403542,0.5965,-40.35,2025-10-17T00:00:00.000Z,2026-04-27T00:00:00.000Z,192,TRUE,FALSE,
227184,233814,As Per Attechment,Normal/Others,UMMEDA RAM BENIWAL,Rajasthan,BARMER,Balotra(DISTRICT COLLECTOR Balotra_IDA),Lok Sabha,450000,900000,450000,2,100,2025-10-17T00:00:00.000Z,2026-05-05T00:00:00.000Z,200,TRUE,FALSE,
230976,233815,As Per Attechment,Normal/Others,UMMEDA RAM BENIWAL,Rajasthan,BARMER,Balotra(DISTRICT COLLECTOR Balotra_IDA),Lok Sabha,600000,592000,-8000,0.9867,-1.33,2025-10-17T00:00:00.000Z,2026-05-08T00:00:00.000Z,203,TRUE,FALSE,
233813,233816,As Per Attechment,Normal/Others,UMMEDA RAM BENIWAL,Rajasthan,BARMER,Balotra(DISTRICT COLLECTOR Balotra_IDA),Lok Sabha,450000,444000,-6000,0.9867,-1.33,2025-10-17T00:00:00.000Z,2026-05-08T00:00:00.000Z,203,TRUE,FALSE,
225228,233818,As Per Attechment,Normal/Others,UMMEDA RAM BENIWAL,Rajasthan,BARMER,JAISALMER(DISTRICT COLLECTOR JAISLAMER_IDA),Lok Sabha,900000,677565,-222435,0.7528,-24.72,2025-10-17T00:00:00.000Z,2026-08-13T00:00:00.000Z,300,TRUE,FALSE,
230968,233819,As Per Attechment,Normal/Others,UMMEDA RAM BENIWAL,Rajasthan,BARMER,BARMER(DISTRICT COLLECTOR BARMER_IDA),Lok Sabha,800000,738785,-61215,0.9235,-7.65,2025-10-17T00:00:00.000Z,2026-08-13T00:00:00.000Z,300,TRUE,FALSE,
211758,210690,Erection of High Mast with Led Flood lights,Normal/Others,Shri V. Vijayendra Prasad (2022-28),Andhra Pradesh,Nominated Rajya Sabha,MAHABUBNAGAR(DISTRICT COLLECTOR MAHABUBNAGAR_3),Rajya Sabha,250000,249883,-117,0.9995,-0.05,2025-06-20T00:00:00.000Z,2026-01-02T00:00:00.000Z,196,FALSE,FALSE,
242710,1711,Procurement of a Dedicated Cancer Screening and Palliative Care Vehicle,Normal/Others,Shri V. Vijayendra Prasad (2022-28),Andhra Pradesh,Nominated Rajya Sabha,"EAST KHASI HILLS(Deputy Commissioner, East Khasi Hills District)",Rajya Sabha,2500000,2500000,0,1,0,2025-10-17T00:00:00.000Z,2026-03-11T00:00:00.000Z,145,FALSE,FALSE,
225215,215554,BHAWAN NIRMAN,Normal/Others,Vijay Baghel,Chhattisgarh,DURG,BEMETARA(Collector Bemetara_IDA),Lok Sabha,500000,400000,-100000,0.8,-20,2025-07-08T00:00:00.000Z,2026-04-17T00:00:00.000Z,283,TRUE,FALSE,
161397,161396,CC ROAD NIRMAN,Normal/Others,Vijay Baghel,Chhattisgarh,DURG,BEMETARA(Collector Bemetara_IDA),Lok Sabha,500000,499496,-504,0.999,-0.1,2024-12-24T00:00:00.000Z,2025-08-08T00:00:00.000Z,227,TRUE,FALSE,
161390,161399,CC ROAD NIRMAN,Normal/Others,Vijay Baghel,Chhattisgarh,DURG,BEMETARA(Collector Bemetara_IDA),Lok Sabha,520000,492899,-27101,0.9479,-5.21,2024-12-24T00:00:00.000Z,2025-08-13T00:00:00.000Z,232,TRUE,FALSE,
161393,161401,CC ROAD NIRMAN,Normal/Others,Vijay Baghel,Chhattisgarh,DURG,BEMETARA(Collector Bemetara_IDA),Lok Sabha,500000,500000,0,1,0,2024-12-24T00:00:00.000Z,2025-08-13T00:00:00.000Z,232,TRUE,FALSE,
161392,212716,CC ROAD NIRMAN,Normal/Others,Vijay Baghel,Chhattisgarh,DURG,BEMETARA(Collector Bemetara_IDA),Lok Sabha,520000,500000,-20000,0.9615,-3.85,2025-06-26T00:00:00.000Z,2025-09-11T00:00:00.000Z,77,TRUE,FALSE,
161395,215565,CC ROAD NIRMAN,Normal/Others,Vijay Baghel,Chhattisgarh,DURG,BEMETARA(Collector Bemetara_IDA),Lok Sabha,500000,500000,0,1,0,2025-07-08T00:00:00.000Z,2025-09-11T00:00:00.000Z,65,TRUE,FALSE,
210325,215566,CC ROAD NIRMAN,Normal/Others,Vijay Baghel,Chhattisgarh,DURG,DURG(DISTRICT COLLECTOR DURG_IDA),Lok Sabha,350000,1000000,650000,2.8571,185.71,2025-07-08T00:00:00.000Z,2025-10-13T00:00:00.000Z,97,TRUE,FALSE,
161391,215811,CC ROAD NIRMAN,Normal/Others,Vijay Baghel,Chhattisgarh,DURG,BEMETARA(Collector Bemetara_IDA),Lok Sabha,1000000,998442,-1558,0.9984,-0.16,2025-07-08T00:00:00.000Z,2025-11-14T00:00:00.000Z,129,TRUE,FALSE,
161394,215817,CC ROAD NIRMAN,Normal/Others,Vijay Baghel,Chhattisgarh,DURG,BEMETARA(Collector Bemetara_IDA),Lok Sabha,540000,1000000,460000,1.8519,85.19,2025-07-08T00:00:00.000Z,2025-11-18T00:00:00.000Z,133,TRUE,FALSE,
183913,217894,CC Road Nirman,Normal/Others,Vijay Baghel,Chhattisgarh,DURG,DURG(DISTRICT COLLECTOR DURG_IDA),Lok Sabha,540000,1000000,460000,1.8519,85.19,2025-07-15T00:00:00.000Z,2026-01-29T00:00:00.000Z,198,TRUE,FALSE,
183914,218345,CC Road nirman,Normal/Others,Vijay Baghel,Chhattisgarh,DURG,DURG(DISTRICT COLLECTOR DURG_IDA),Lok Sabha,600000,1200000,600000,2,100,2025-07-15T00:00:00.000Z,2026-01-29T00:00:00.000Z,198,TRUE,FALSE,
215562,247416,CC ROAD NIRMAN,Normal/Others,Vijay Baghel,Chhattisgarh,DURG,DURG(DISTRICT COLLECTOR DURG_IDA),Lok Sabha,730000,700000,-30000,0.9589,-4.11,2025-11-11T00:00:00.000Z,2026-01-29T00:00:00.000Z,79,TRUE,FALSE,
215553,247417,CC ROAD NIRMAN,Normal/Others,Vijay Baghel,Chhattisgarh,DURG,DURG(DISTRICT COLLECTOR DURG_IDA),Lok Sabha,540000,1000000,460000,1.8519,85.19,2025-11-11T00:00:00.000Z,2026-02-12T00:00:00.000Z,93,TRUE,FALSE,
209236,247418,CC Road Nirman,Normal/Others,Vijay Baghel,Chhattisgarh,DURG,BEMETARA(Collector Bemetara_IDA),Lok Sabha,540000,500000,-40000,0.9259,-7.41,2025-11-11T00:00:00.000Z,2026-04-11T00:00:00.000Z,151,TRUE,FALSE,
217893,247419,CC ROAD NIRMAN,Normal/Others,Vijay Baghel,Chhattisgarh,DURG,BEMETARA(Collector Bemetara_IDA),Lok Sabha,540000,539875,-125,0.9998,-0.02,2025-11-11T00:00:00.000Z,2026-05-04T00:00:00.000Z,174,TRUE,FALSE,
215567,247420,CC ROAD NIRMAN,Normal/Others,Vijay Baghel,Chhattisgarh,DURG,DURG(DISTRICT COLLECTOR DURG_IDA),Lok Sabha,730000,249918,-480082,0.3424,-65.76,2025-11-11T00:00:00.000Z,2026-05-14T00:00:00.000Z,184,TRUE,FALSE,
215568,259271,CC ROAD NIRMAN,Normal/Others,Vijay Baghel,Chhattisgarh,DURG,DURG(DISTRICT COLLECTOR DURG_IDA),Lok Sabha,700000,250000,-450000,0.3571,-64.29,2026-01-15T00:00:00.000Z,2026-05-14T00:00:00.000Z,119,TRUE,FALSE,
215814,215812,DHOME SHEDH NIRMAN,Normal/Others,Vijay Baghel,Chhattisgarh,DURG,DURG(DISTRICT COLLECTOR DURG_IDA),Lok Sabha,1000000,798546,-201454,0.7985,-20.15,2025-07-08T00:00:00.000Z,2026-01-14T00:00:00.000Z,190,TRUE,FALSE,
215555,215558,KICHAN SHEDH NIRMAN,Normal/Others,Vijay Baghel,Chhattisgarh,DURG,DURG(DISTRICT COLLECTOR DURG_IDA),Lok Sabha,300000,300000,0,1,0,2025-07-08T00:00:00.000Z,2026-02-12T00:00:00.000Z,219,TRUE,FALSE,
217890,295304,SHED NIRMAN,Normal/Others,Vijay Baghel,Chhattisgarh,DURG,DURG(DISTRICT COLLECTOR DURG_IDA),Lok Sabha,700000,299892,-400108,0.4284,-57.16,2026-07-28T00:00:00.000Z,2026-01-19T00:00:00.000Z,-190,TRUE,FALSE,
151616,219103,High Mask Light,Normal/Others,VIJAYLAKSHMI DEVI,Bihar,SIWAN,SIWAN(DISTRICT PLANNING OFFICER SIWAN_IDA),Lok Sabha,1000000,958500,-41500,0.9585,-4.15,2025-07-16T00:00:00.000Z,2025-07-07T00:00:00.000Z,-9,TRUE,FALSE,
151617,283350,High Mask Light,Normal/Others,VIJAYLAKSHMI DEVI,Bihar,SIWAN,SIWAN(DISTRICT PLANNING OFFICER SIWAN_IDA),Lok Sabha,962500,958500,-4000,0.9958,-0.42,2026-05-23T00:00:00.000Z,2025-07-07T00:00:00.000Z,-320,TRUE,FALSE,
151618,283351,High Mask Light,Normal/Others,VIJAYLAKSHMI DEVI,Bihar,SIWAN,SIWAN(DISTRICT PLANNING OFFICER SIWAN_IDA),Lok Sabha,962500,958500,-4000,0.9958,-0.42,2026-05-23T00:00:00.000Z,2025-07-07T00:00:00.000Z,-320,TRUE,FALSE,
151619,283352,High Mask Light,Normal/Others,VIJAYLAKSHMI DEVI,Bihar,SIWAN,SIWAN(DISTRICT PLANNING OFFICER SIWAN_IDA),Lok Sabha,962500,958500,-4000,0.9958,-0.42,2026-05-23T00:00:00.000Z,2025-07-07T00:00:00.000Z,-320,TRUE,FALSE,
151620,283353,High Mask Light,Normal/Others,VIJAYLAKSHMI DEVI,Bihar,SIWAN,SIWAN(DISTRICT PLANNING OFFICER SIWAN_IDA),Lok Sabha,962500,958500,-4000,0.9958,-0.42,2026-05-23T00:00:00.000Z,2025-07-07T00:00:00.000Z,-320,TRUE,FALSE,
151621,283354,High Mask Light,Normal/Others,VIJAYLAKSHMI DEVI,Bihar,SIWAN,SIWAN(DISTRICT PLANNING OFFICER SIWAN_IDA),Lok Sabha,962500,958500,-4000,0.9958,-0.42,2026-05-23T00:00:00.000Z,2025-07-08T00:00:00.000Z,-319,TRUE,FALSE,
151622,283355,High Mask Light,Normal/Others,VIJAYLAKSHMI DEVI,Bihar,SIWAN,SIWAN(DISTRICT PLANNING OFFICER SIWAN_IDA),Lok Sabha,962500,958500,-4000,0.9958,-0.42,2026-05-23T00:00:00.000Z,2025-07-08T00:00:00.000Z,-319,TRUE,FALSE,
151623,283356,High Mask Light,Normal/Others,VIJAYLAKSHMI DEVI,Bihar,SIWAN,SIWAN(DISTRICT PLANNING OFFICER SIWAN_IDA),Lok Sabha,962500,958500,-4000,0.9958,-0.42,2026-05-23T00:00:00.000Z,2025-07-08T00:00:00.000Z,-319,TRUE,FALSE,
151624,283357,High Mask Light,Normal/Others,VIJAYLAKSHMI DEVI,Bihar,SIWAN,SIWAN(DISTRICT PLANNING OFFICER SIWAN_IDA),Lok Sabha,962500,958500,-4000,0.9958,-0.42,2026-05-23T00:00:00.000Z,2025-07-08T00:00:00.000Z,-319,TRUE,FALSE,
151625,283358,High Mask Light,Normal/Others,VIJAYLAKSHMI DEVI,Bihar,SIWAN,SIWAN(DISTRICT PLANNING OFFICER SIWAN_IDA),Lok Sabha,962500,958500,-4000,0.9958,-0.42,2026-05-23T00:00:00.000Z,2025-07-08T00:00:00.000Z,-319,TRUE,FALSE,
151626,283359,High Mask Light,Normal/Others,VIJAYLAKSHMI DEVI,Bihar,SIWAN,SIWAN(DISTRICT PLANNING OFFICER SIWAN_IDA),Lok Sabha,962500,958500,-4000,0.9958,-0.42,2026-05-23T00:00:00.000Z,2025-08-02T00:00:00.000Z,-294,TRUE,FALSE,
158871,283360,High Mask Light,Normal/Others,VIJAYLAKSHMI DEVI,Bihar,SIWAN,SIWAN(DISTRICT PLANNING OFFICER SIWAN_IDA),Lok Sabha,962500,958500,-4000,0.9958,-0.42,2026-05-23T00:00:00.000Z,2025-08-02T00:00:00.000Z,-294,TRUE,FALSE,
158877,283361,High Mask Light,Normal/Others,VIJAYLAKSHMI DEVI,Bihar,SIWAN,SIWAN(DISTRICT PLANNING OFFICER SIWAN_IDA),Lok Sabha,962500,958500,-4000,0.9958,-0.42,2026-05-23T00:00:00.000Z,2025-08-02T00:00:00.000Z,-294,TRUE,FALSE,
151628,283362,High Mask Light,Normal/Others,VIJAYLAKSHMI DEVI,Bihar,SIWAN,SIWAN(DISTRICT PLANNING OFFICER SIWAN_IDA),Lok Sabha,962500,958500,-4000,0.9958,-0.42,2026-05-23T00:00:00.000Z,2025-08-04T00:00:00.000Z,-292,TRUE,FALSE,
151629,283363,High Mask Light,Normal/Others,VIJAYLAKSHMI DEVI,Bihar,SIWAN,SIWAN(DISTRICT PLANNING OFFICER SIWAN_IDA),Lok Sabha,962500,958500,-4000,0.9958,-0.42,2026-05-23T00:00:00.000Z,2025-08-04T00:00:00.000Z,-292,TRUE,FALSE,
151630,283364,High Mask Light,Normal/Others,VIJAYLAKSHMI DEVI,Bihar,SIWAN,SIWAN(DISTRICT PLANNING OFFICER SIWAN_IDA),Lok Sabha,962500,958500,-4000,0.9958,-0.42,2026-05-23T00:00:00.000Z,2025-08-04T00:00:00.000Z,-292,TRUE,FALSE,
151631,283365,High Mask Light,Normal/Others,VIJAYLAKSHMI DEVI,Bihar,SIWAN,SIWAN(DISTRICT PLANNING OFFICER SIWAN_IDA),Lok Sabha,962500,958500,-4000,0.9958,-0.42,2026-05-23T00:00:00.000Z,2025-08-04T00:00:00.000Z,-292,TRUE,FALSE,
151627,283366,High Mask Light,Normal/Others,VIJAYLAKSHMI DEVI,Bihar,SIWAN,SIWAN(DISTRICT PLANNING OFFICER SIWAN_IDA),Lok Sabha,962500,958500,-4000,0.9958,-0.42,2026-05-23T00:00:00.000Z,2025-08-06T00:00:00.000Z,-290,TRUE,FALSE,
158835,283367,High Mask Light,Normal/Others,VIJAYLAKSHMI DEVI,Bihar,SIWAN,SIWAN(DISTRICT PLANNING OFFICER SIWAN_IDA),Lok Sabha,962500,958500,-4000,0.9958,-0.42,2026-05-23T00:00:00.000Z,2025-08-06T00:00:00.000Z,-290,TRUE,FALSE,
158849,283368,High Mask Light,Normal/Others,VIJAYLAKSHMI DEVI,Bihar,SIWAN,SIWAN(DISTRICT PLANNING OFFICER SIWAN_IDA),Lok Sabha,962500,958500,-4000,0.9958,-0.42,2026-05-23T00:00:00.000Z,2025-08-06T00:00:00.000Z,-290,TRUE,FALSE,
158850,283369,High Mask Light,Normal/Others,VIJAYLAKSHMI DEVI,Bihar,SIWAN,SIWAN(DISTRICT PLANNING OFFICER SIWAN_IDA),Lok Sabha,962500,958500,-4000,0.9958,-0.42,2026-05-23T00:00:00.000Z,2025-08-06T00:00:00.000Z,-290,TRUE,FALSE,
158851,283370,High Mask Light,Normal/Others,VIJAYLAKSHMI DEVI,Bihar,SIWAN,SIWAN(DISTRICT PLANNING OFFICER SIWAN_IDA),Lok Sabha,962500,958500,-4000,0.9958,-0.42,2026-05-23T00:00:00.000Z,2025-08-06T00:00:00.000Z,-290,TRUE,FALSE,
158852,283371,High Mask Light,Normal/Others,VIJAYLAKSHMI DEVI,Bihar,SIWAN,SIWAN(DISTRICT PLANNING OFFICER SIWAN_IDA),Lok Sabha,962500,958500,-4000,0.9958,-0.42,2026-05-23T00:00:00.000Z,2025-08-06T00:00:00.000Z,-290,TRUE,FALSE,
158855,283372,High Mask Light,Normal/Others,VIJAYLAKSHMI DEVI,Bihar,SIWAN,SIWAN(DISTRICT PLANNING OFFICER SIWAN_IDA),Lok Sabha,962500,958500,-4000,0.9958,-0.42,2026-05-23T00:00:00.000Z,2025-08-06T00:00:00.000Z,-290,TRUE,FALSE,
158856,283373,High Mask Light,Normal/Others,VIJAYLAKSHMI DEVI,Bihar,SIWAN,SIWAN(DISTRICT PLANNING OFFICER SIWAN_IDA),Lok Sabha,962500,958500,-4000,0.9958,-0.42,2026-05-23T00:00:00.000Z,2025-08-06T00:00:00.000Z,-290,TRUE,FALSE,
158864,283374,High Mask Light,Normal/Others,VIJAYLAKSHMI DEVI,Bihar,SIWAN,SIWAN(DISTRICT PLANNING OFFICER SIWAN_IDA),Lok Sabha,962500,958500,-4000,0.9958,-0.42,2026-05-23T00:00:00.000Z,2025-08-06T00:00:00.000Z,-290,TRUE,FALSE,
151614,283375,High Mask Light,Normal/Others,VIJAYLAKSHMI DEVI,Bihar,SIWAN,SIWAN(DISTRICT PLANNING OFFICER SIWAN_IDA),Lok Sabha,962500,958500,-4000,0.9958,-0.42,2026-05-23T00:00:00.000Z,2025-08-07T00:00:00.000Z,-289,TRUE,FALSE,
151615,283376,High Mask Light,Normal/Others,VIJAYLAKSHMI DEVI,Bihar,SIWAN,SIWAN(DISTRICT PLANNING OFFICER SIWAN_IDA),Lok Sabha,962500,958500,-4000,0.9958,-0.42,2026-05-23T00:00:00.000Z,2025-08-07T00:00:00.000Z,-289,TRUE,FALSE,
151632,283377,High Mask Light,Normal/Others,VIJAYLAKSHMI DEVI,Bihar,SIWAN,SIWAN(DISTRICT PLANNING OFFICER SIWAN_IDA),Lok Sabha,962500,958500,-4000,0.9958,-0.42,2026-05-23T00:00:00.000Z,2025-08-07T00:00:00.000Z,-289,TRUE,FALSE,
151729,283378,High Mask Light,Normal/Others,VIJAYLAKSHMI DEVI,Bihar,SIWAN,SIWAN(DISTRICT PLANNING OFFICER SIWAN_IDA),Lok Sabha,962500,958500,-4000,0.9958,-0.42,2026-05-23T00:00:00.000Z,2025-08-07T00:00:00.000Z,-289,TRUE,FALSE,
151730,283379,High Mask Light,Normal/Others,VIJAYLAKSHMI DEVI,Bihar,SIWAN,SIWAN(DISTRICT PLANNING OFFICER SIWAN_IDA),Lok Sabha,962500,958500,-4000,0.9958,-0.42,2026-05-23T00:00:00.000Z,2025-08-07T00:00:00.000Z,-289,TRUE,FALSE,
158861,283380,High Mask Light,Normal/Others,VIJAYLAKSHMI DEVI,Bihar,SIWAN,SIWAN(DISTRICT PLANNING OFFICER SIWAN_IDA),Lok Sabha,962500,958500,-4000,0.9958,-0.42,2026-05-23T00:00:00.000Z,2025-08-07T00:00:00.000Z,-289,TRUE,FALSE,
158862,283381,High Mask Light,Normal/Others,VIJAYLAKSHMI DEVI,Bihar,SIWAN,SIWAN(DISTRICT PLANNING OFFICER SIWAN_IDA),Lok Sabha,962500,958500,-4000,0.9958,-0.42,2026-05-23T00:00:00.000Z,2025-08-07T00:00:00.000Z,-289,TRUE,FALSE,
158863,283382,High Mask Light,Normal/Others,VIJAYLAKSHMI DEVI,Bihar,SIWAN,SIWAN(DISTRICT PLANNING OFFICER SIWAN_IDA),Lok Sabha,962500,958500,-4000,0.9958,-0.42,2026-05-23T00:00:00.000Z,2025-08-07T00:00:00.000Z,-289,TRUE,FALSE,
198068,283383,High Mask Light,Normal/Others,VIJAYLAKSHMI DEVI,Bihar,SIWAN,SIWAN(DISTRICT PLANNING OFFICER SIWAN_IDA),Lok Sabha,962500,958000,-4500,0.9953,-0.47,2026-05-23T00:00:00.000Z,2025-09-26T00:00:00.000Z,-239,TRUE,FALSE,
198069,283384,High Mask Light,Normal/Others,VIJAYLAKSHMI DEVI,Bihar,SIWAN,SIWAN(DISTRICT PLANNING OFFICER SIWAN_IDA),Lok Sabha,962500,958000,-4500,0.9953,-0.47,2026-05-23T00:00:00.000Z,2025-09-26T00:00:00.000Z,-239,TRUE,FALSE,
198070,283385,High Mask Light,Normal/Others,VIJAYLAKSHMI DEVI,Bihar,SIWAN,SIWAN(DISTRICT PLANNING OFFICER SIWAN_IDA),Lok Sabha,962500,958000,-4500,0.9953,-0.47,2026-05-23T00:00:00.000Z,2025-09-26T00:00:00.000Z,-239,TRUE,FALSE,
198071,283386,High Mask Light,Normal/Others,VIJAYLAKSHMI DEVI,Bihar,SIWAN,SIWAN(DISTRICT PLANNING OFFICER SIWAN_IDA),Lok Sabha,962500,958000,-4500,0.9953,-0.47,2026-05-23T00:00:00.000Z,2025-09-26T00:00:00.000Z,-239,TRUE,FALSE,
198072,283387,High Mask Light,Normal/Others,VIJAYLAKSHMI DEVI,Bihar,SIWAN,SIWAN(DISTRICT PLANNING OFFICER SIWAN_IDA),Lok Sabha,962500,958000,-4500,0.9953,-0.47,2026-05-23T00:00:00.000Z,2025-09-26T00:00:00.000Z,-239,TRUE,FALSE,
198074,283388,High Mask Light,Normal/Others,VIJAYLAKSHMI DEVI,Bihar,SIWAN,SIWAN(DISTRICT PLANNING OFFICER SIWAN_IDA),Lok Sabha,962500,958000,-4500,0.9953,-0.47,2026-05-23T00:00:00.000Z,2025-09-26T00:00:00.000Z,-239,TRUE,FALSE,
198075,283389,High Mask Light,Normal/Others,VIJAYLAKSHMI DEVI,Bihar,SIWAN,SIWAN(DISTRICT PLANNING OFFICER SIWAN_IDA),Lok Sabha,962500,958000,-4500,0.9953,-0.47,2026-05-23T00:00:00.000Z,2025-09-26T00:00:00.000Z,-239,TRUE,FALSE,
198077,283390,High Mask Light,Normal/Others,VIJAYLAKSHMI DEVI,Bihar,SIWAN,SIWAN(DISTRICT PLANNING OFFICER SIWAN_IDA),Lok Sabha,962500,958000,-4500,0.9953,-0.47,2026-05-23T00:00:00.000Z,2025-09-26T00:00:00.000Z,-239,TRUE,FALSE,
198078,283391,High Mask Light,Normal/Others,VIJAYLAKSHMI DEVI,Bihar,SIWAN,SIWAN(DISTRICT PLANNING OFFICER SIWAN_IDA),Lok Sabha,962500,958000,-4500,0.9953,-0.47,2026-05-23T00:00:00.000Z,2025-09-26T00:00:00.000Z,-239,TRUE,FALSE,
198079,283392,High Mask Light,Normal/Others,VIJAYLAKSHMI DEVI,Bihar,SIWAN,SIWAN(DISTRICT PLANNING OFFICER SIWAN_IDA),Lok Sabha,962500,958000,-4500,0.9953,-0.47,2026-05-23T00:00:00.000Z,2025-09-26T00:00:00.000Z,-239,TRUE,FALSE,
198080,283393,High Mask Light,Normal/Others,VIJAYLAKSHMI DEVI,Bihar,SIWAN,SIWAN(DISTRICT PLANNING OFFICER SIWAN_IDA),Lok Sabha,962500,958000,-4500,0.9953,-0.47,2026-05-23T00:00:00.000Z,2025-09-26T00:00:00.000Z,-239,TRUE,FALSE,
198081,283394,High Mask Light,Normal/Others,VIJAYLAKSHMI DEVI,Bihar,SIWAN,SIWAN(DISTRICT PLANNING OFFICER SIWAN_IDA),Lok Sabha,962500,958000,-4500,0.9953,-0.47,2026-05-23T00:00:00.000Z,2025-09-26T00:00:00.000Z,-239,TRUE,FALSE,
198076,301879,High Mask Light,Normal/Others,VIJAYLAKSHMI DEVI,Bihar,SIWAN,SIWAN(DISTRICT PLANNING OFFICER SIWAN_IDA),Lok Sabha,965000,958000,-7000,0.9927,-0.73,2026-08-07T00:00:00.000Z,2025-09-27T00:00:00.000Z,-314,TRUE,FALSE,
198082,301880,High Mask Light,Normal/Others,VIJAYLAKSHMI DEVI,Bihar,SIWAN,SIWAN(DISTRICT PLANNING OFFICER SIWAN_IDA),Lok Sabha,965000,958000,-7000,0.9927,-0.73,2026-08-07T00:00:00.000Z,2025-09-27T00:00:00.000Z,-314,TRUE,FALSE,
198073,301881,High Mask Light,Normal/Others,VIJAYLAKSHMI DEVI,Bihar,SIWAN,SIWAN(DISTRICT PLANNING OFFICER SIWAN_IDA),Lok Sabha,965000,958000,-7000,0.9927,-0.73,2026-08-07T00:00:00.000Z,2026-02-17T00:00:00.000Z,-171,TRUE,FALSE,
151527,287685,Open Gym,Normal/Others,VIJAYLAKSHMI DEVI,Bihar,SIWAN,SIWAN(DISTRICT PLANNING OFFICER SIWAN_IDA),Lok Sabha,1010000,992500,-17500,0.9827,-1.73,2026-06-20T00:00:00.000Z,2025-04-02T00:00:00.000Z,-444,TRUE,FALSE,
132456,800,MPLAD Grant of rupees 25 lacs for Establishment of Punjabi Reference Library at Guru Teg Bahadur Bhawan of Panjab University Chandigarh,Normal/Others,Dr. Vikramjit Singh Sahney (2022-28),Punjab,Sitting Rajya Sabha,CHANDIGARH(DEPUTY COMMISSIONER ZILLA PARISHAD CHANDIGARH_IDA),Rajya Sabha,2240414,2240414,0,1,0,2024-06-11T00:00:00.000Z,2025-12-01T00:00:00.000Z,538,TRUE,TRUE,
236621,236610,Boundary Wall Nirman,Normal/Others,Virendra Kumar,Madhya Pradesh,TIKAMGARH,CHHATARPUR(District Collector Chhatarpur_IDA),Lok Sabha,300000,300000,0,1,0,2025-09-22T00:00:00.000Z,2026-01-16T00:00:00.000Z,116,TRUE,FALSE,
236616,236612,Boundary Wall Nirman,Normal/Others,Virendra Kumar,Madhya Pradesh,TIKAMGARH,CHHATARPUR(District Collector Chhatarpur_IDA),Lok Sabha,300000,300000,0,1,0,2025-09-22T00:00:00.000Z,2026-02-13T00:00:00.000Z,144,TRUE,FALSE,
236620,236613,Boundary Wall Nirman,Normal/Others,Virendra Kumar,Madhya Pradesh,TIKAMGARH,CHHATARPUR(District Collector Chhatarpur_IDA),Lok Sabha,300000,300000,0,1,0,2025-09-22T00:00:00.000Z,2026-02-24T00:00:00.000Z,155,TRUE,FALSE,
237093,235319,Muktidham Nirman,Normal/Others,Virendra Kumar,Madhya Pradesh,TIKAMGARH,TIKAMGARH(DISTRICT COLLECTOR TIKAMGARH_IDA),Lok Sabha,207638,207638,0,1,0,2025-09-19T00:00:00.000Z,2026-03-11T00:00:00.000Z,173,TRUE,FALSE,
152513,152576,Saansad Chaupal,Normal/Others,Virendra Kumar,Madhya Pradesh,TIKAMGARH,CHHATARPUR(District Collector Chhatarpur_IDA),Lok Sabha,400000,400000,0,1,0,2024-11-14T00:00:00.000Z,2026-03-19T00:00:00.000Z,490,TRUE,FALSE,
152516,236539,Saansad Chaupal,Normal/Others,Virendra Kumar,Madhya Pradesh,TIKAMGARH,CHHATARPUR(District Collector Chhatarpur_IDA),Lok Sabha,400000,398000,-2000,0.995,-0.5,2025-09-22T00:00:00.000Z,2026-03-19T00:00:00.000Z,178,TRUE,FALSE,
152570,152354,Saansad Utsav Dham,Normal/Others,Virendra Kumar,Madhya Pradesh,TIKAMGARH,CHHATARPUR(District Collector Chhatarpur_IDA),Lok Sabha,1200000,1200000,0,1,0,2024-11-14T00:00:00.000Z,2025-12-30T00:00:00.000Z,411,TRUE,FALSE,
152542,152371,Saansad Utsav Dham,Normal/Others,Virendra Kumar,Madhya Pradesh,TIKAMGARH,CHHATARPUR(District Collector Chhatarpur_IDA),Lok Sabha,1200000,598599,-601401,0.4988,-50.12,2024-11-14T00:00:00.000Z,2026-04-30T00:00:00.000Z,532,TRUE,FALSE,
129481,739,"Ek nag Borewell Khanan, Ward no.26 Ramjani baba Mazar ke pas Buddh gali main, Bilaspur (mention in letter no. 3539 at column no.2)",,Shri Vivek K. Tankha (2022-28),Madhya Pradesh,Sitting Rajya Sabha,BILASPUR(DISTRICT COLLECTOR BILASPUR_IDA),Rajya Sabha,174572,174572,0,1,0,2024-03-07T00:00:00.000Z,2025-03-10T00:00:00.000Z,368,TRUE,TRUE,
129480,738,"Ek nag Borewell Khanan, Ward no.56 Vijay Nagar, Chantidih Pathan para Slam area main, Bilaspur (mention in letter no. 3539 at column no.1)",,Shri Vivek K. Tankha (2022-28),Madhya Pradesh,Sitting Rajya Sabha,BILASPUR(DISTRICT COLLECTOR BILASPUR_IDA),Rajya Sabha,174609,174609,0,1,0,2024-03-07T00:00:00.000Z,2025-03-10T00:00:00.000Z,368,TRUE,TRUE,
175647,175649,Construction of school,Normal/Others,YADUVEER KRISHNADATTA CHAMARAJA WADIYAR,Karnataka,MYSORE,MYSURU(DEPUTY COMMISSIONER MYSORE_IDA),Lok Sabha,500000,1500000,1000000,3,200,2025-02-16T00:00:00.000Z,2025-08-06T00:00:00.000Z,171,TRUE,FALSE,
